30000 30000
19725 26758 27875
18372 13075 24608
1085 20578 15091
4386 4560 14478
4563 23149 27584
10141 20063 6427
10377 15011 23910
16637 8499 27317
27686 22145 13867
29154 20567 25081
756 18548 111
29996 2811 4193
29687 21726 21176
5529 2306 1234
28944 7869 4268
27755 17633 7529
4616 6189 16284
1179 910 21532
11158 3524 28166
3859 12112 8745
776 7593 26490
21228 22178 19592
14835 1463 26939
10268 3597 19413
7739 11358 19773
18244 21282 22701
3124 2353 13774
15592 18530 3674
7264 10636 21807
27990 28504 14464
6861 19968 19984
14155 8666 22878
5946 5236 23609
3936 3106 26404
24122 18148 29702
13401 19934 3199
18356 20033 29126
8393 14974 25498
13769 20112 9286
12671 29400 13855
17736 1560 13943
6782 23280 2798
26830 19069 15764
6153 26092 13081
2211 5261 13863
2040 13456 14792
9472 14785 29653
20213 16348 3170
3779 20335 2375
21427 16646 21045
29070 16864 11403
16527 19335 13672
3125 6343 25584
12414 2920 157
800 11323 3790
26148 23465 6446
8290 5111 23608
22211 12060 18943
11887 2889 18434
14909 15190 15650
22198 4292 15184
26785 23361 20301
12266 28958 21742
9975 22061 23691
872 17696 22652
25158 4597 11896
7351 12524 2521
28490 10906 27573
15475 14538 2027
14100 6626 3989
13258 24769 14026
16520 8568 29476
19468 16984 16769
22097 4146 26846
3406 69 5095
4142 1931 3025
5889 18241 7368
12631 13495 16495
6607 22079 21027
25409 4727 16608
19798 26533 15325
11596 10142 12106
18846 26398 4662
12035 23791 11030
707 21590 7125
16813 23029 4624
5159 24227 26811
22095 6471 19553
10897 11398 21256
14042 11720 10528
25637 5892 5844
7615 23486 29611
1525 9091 9661
23531 12845 22365
24021 5445 26042
22210 3254 16524
19337 4758 27801
2576 17532 22465
22469 26930 23680
4727 17399 20947
29908 28286 12326
28705 8407 22162
1457 26691 18866
24940 13392 13306
25259 20699 21071
18816 1974 26943
7308 7821 22903
19362 1522 24429
18962 22586 24826
4288 19997 27773
16235 28629 19574
17824 2697 18806
15959 19490 25981
25079 3635 4922
19939 4344 26631
966 13126 9977
14197 22145 22085
13575 24105 6360
11585 15509 3898
22629 15770 10485
4380 25586 7324
16261 29604 24274
6682 9208 794
23010 23297 15406
18611 7560 19668
26359 24110 7360
23052 11418 22678
71 8058 17606
21988 22932 13231
8599 9794 18076
3506 12174 17146
10756 7369 1814
15730 11338 875
29473 15288 13098
15867 29520 29720
21597 21588 4648
13506 20727 25247
29426 7619 27728
29 15218 11288
6902 13311 3650
3922 9201 13475
21695 3519 24771
27402 24098 6893
7659 21095 28222
3165 25604 28992
4554 17544 26706
3243 16467 27535
29736 27011 18529
24063 26471 6886
1132 20590 5884
16495 15318 13434
13425 27667 3083
8876 26543 4403
29438 26639 28456
1448 25756 21832
3139 15971 3564
5648 10260 28179
27378 12830 11596
24072 29800 2326
13094 13986 6530
6027 6175 15245
27797 18782 15484
11773 733 13413
20741 26407 29445
24974 7707 13960
10294 16847 23068
22355 3320 18033
2072 21846 11918
16004 2525 28244
274 25967 28403
3884 27526 23258
24096 18014 10363
26974 20911 11220
4821 13052 4802
7289 5067 8323
29391 12827 3941
25387 14353 20477
1113 27810 23488
24299 21047 10118
10542 13125 7857
29298 6811 20939
20981 18285 419
993 13531 25948
18051 13015 17798
4012 11489 18594
4216 28855 9647
29981 24233 18942
27911 469 21469
8983 17234 19379
1907 7491 20962
29906 1389 16029
17376 12178 22894
26015 20013 26623
27537 22221 12655
19074 29732 25698
22238 10689 22535
26390 23973 25071
28149 23961 12653
9474 28936 8226
3834 27803 9658
15440 1906 22754
20659 28757 20600
6761 21333 11284
9527 21895 1262
15908 14033 15939
3850 26850 13939
4596 14459 10424
14875 4401 16659
260 10524 6675
22289 22521 24497
23131 28000 2469
7027 21886 5657
28182 22804 16879
22353 25805 18530
28341 19207 13831
3252 24223 13022
15408 158 16973
3473 5772 23404
25072 7982 5000
22658 29498 8324
1754 21854 2072
26453 29931 16125
10774 27520 4727
8436 3878 17815
22327 29472 21994
24857 11007 13560
3657 27583 940
16327 27155 17222
19022 11252 11488
20363 11289 14032
9398 25829 17288
24184 25866 20634
25969 3251 6775
5103 18583 13221
161 23468 19239
19185 28784 16609
25831 10835 29230
3911 14190 12710
19795 23031 14109
12288 8344 11168
29060 6787 7626
18650 12399 8410
17309 23915 29492
20592 595 13937
16697 24581 14188
4012 1594 20503
26892 27827 29113
22569 10826 4252
20714 21168 14883
24548 2370 3292
25611 28072 9688
9865 27514 20636
3064 18751 11304
22392 2143 7883
23136 14737 12445
19114 29353 29851
15623 3751 18966
14601 6657 26299
27957 22372 217
16301 16387 10328
23128 13162 14350
21350 26940 9185
12283 4344 2313
10076 11927 6672
27229 11495 5428
13316 7160 18706
15705 4901 8848
16818 4440 24545
29767 25425 10174
20172 17202 5539
11922 21179 26624
29729 2949 7986
12382 27188 26380
13532 5607 838
2580 980 13711
9598 12176 23361
14690 12407 22809
23378 2038 15846
2910 24009 11195
19391 22116 15914
256 5610 6338
14507 25260 21174
11002 26470 7152
6826 29618 28620
28700 10317 11843
29989 16781 1217
3939 23885 27798
22730 12898 28674
1560 12682 20658
20975 6177 17002
280 28912 24044
859 5823 7325
13217 27129 6892
28671 29085 13930
26632 5059 23799
23035 9557 17618
10658 3180 931
26025 7192 12247
25521 16116 9543
7897 27215 2564
17934 7115 1851
25108 16326 19030
27151 21429 169
16311 28989 13370
3421 4613 3494
16658 21554 13767
17679 25850 13238
5522 2292 13341
20966 28882 10533
2154 10581 24437
24567 16994 6094
4912 20016 6147
5133 13553 19574
11602 24104 16918
11741 1627 26761
23077 20371 25045
26960 8973 17303
14801 8924 10047
20178 18547 13880
19838 10705 25184
26860 13759 28131
23264 28875 16313
3100 29269 20864
5178 24819 567
9850 16290 2091
3347 8397 18645
28020 4917 27843
19605 13521 5788
19511 4643 25381
10401 29031 13999
27824 29595 17906
908 6770 1377
23065 17612 17249
6070 7855 9653
19376 27683 20453
15869 23565 17536
6135 12694 9601
3440 2461 21958
24480 19139 17153
17028 12871 24559
5319 28523 4351
11536 17325 24928
23273 4579 8127
13814 16685 8956
19578 22768 25322
22630 12924 28508
9160 2660 16414
3215 10527 3711
15815 28417 14033
2982 11417 19010
11798 16030 25205
15001 13003 21656
38 1800 19122
19174 27547 10997
16959 11269 2491
15167 28513 4269
29416 6941 22921
3200 28036 4138
29962 17394 5808
25294 8901 6427
2048 659 11390
2903 12665 99
21086 25926 1729
9703 10997 29319
17888 6267 2725
566 10098 920
2137 24593 13531
409 6840 9155
566 20031 16119
12937 20505 22213
26070 17327 12541
992 3664 4925
15363 21959 13025
27165 16450 3845
17126 27843 28725
21298 7339 8821
2932 29007 5186
28789 27393 10601
2195 23983 8637
4732 2395 25688
25677 18254 2106
8516 8577 4908
29136 23947 25416
4266 21471 445
16514 24537 4391
26147 12093 7724
17846 9576 20776
20280 16867 3343
25840 7737 12094
13141 21672 16868
24371 2213 11524
21777 29433 4449
21184 8529 4388
23087 11986 4499
87 25057 9139
12354 21288 21828
8085 8712 9362
21779 12664 28285
19061 6038 25706
25728 2678 8454
9227 22424 9540
2283 19418 498
17080 12282 26472
22599 14404 13597
18305 29486 25234
22919 27459 12427
1166 25618 202
26356 15423 14823
22358 29874 24066
16099 5260 29958
2272 18360 23669
17518 28571 16366
2848 15474 16464
29728 12495 21848
8267 28386 2905
26722 26856 15215
29900 26761 21697
12235 26271 8110
10761 22219 21716
8553 18537 17421
10236 23236 24279
27220 12476 22557
22574 381 20636
18335 26226 21413
11615 2108 20936
29042 12158 23787
3283 27924 7296
17377 23669 24075
21559 18542 1565
9540 23047 29333
28270 2097 24085
12194 24937 6694
11949 4982 5885
15156 17819 27070
231 6905 9917
15195 11465 9081
7400 6027 15865
15422 15586 8098
12371 1161 13438
17470 9572 10755
15178 829 22056
19052 16060 13409
7414 23470 14679
12228 9130 12949
11456 5227 11360
13638 5133 185
18155 28208 11107
25150 21789 8909
29410 29063 23654
10611 21232 4948
10068 20838 17653
361 2515 8587
23200 23103 8152
14455 25261 14836
4753 10055 23094
27339 27730 15047
5089 1762 3375
12615 26225 5029
23881 27814 16255
975 26583 13696
24427 21188 29881
21768 24565 26881
28145 19518 17267
16646 26019 23829
25873 5890 26627
24624 14556 22353
6023 22588 8629
25636 6778 29592
22258 1258 23164
16035 8895 19482
11983 15904 25573
24234 777 8249
9109 12967 15659
29016 3510 12640
4542 17910 21610
26139 28136 16066
24692 3644 20692
28648 4089 19937
22371 212 4388
4623 22416 29690
21071 27432 28716
3023 19301 6350
2739 3769 12174
9984 19609 29665
24383 26449 17176
8113 10418 3109
11017 23924 21452
1067 10929 20144
16139 18003 5806
1491 11217 4376
13886 8930 24541
16444 5207 13700
4123 16043 28498
4741 19890 1467
24613 12490 29180
24195 23274 8581
23982 7490 23810
14695 23052 27340
23800 1610 11200
13473 8038 17373
18058 14451 25266
16195 22163 687
20392 17443 26565
13618 6780 26124
28029 6947 28304
21638 8835 14484
10794 5326 14724
14537 2681 16915
12323 6412 8916
24988 11663 11164
961 20103 24508
5791 16998 3494
6804 1802 7782
10458 13212 13047
14090 4275 4587
15680 4861 20747
27049 6746 27343
29639 3285 3942
14459 6313 19196
7530 21118 16692
5382 27780 14742
1333 3473 27255
18255 6608 13774
6178 25897 15241
13810 4745 7116
12082 21792 22726
25081 6032 14378
15896 9107 13973
18769 24090 21103
11910 4183 16224
12641 10936 21890
22833 21263 4974
2223 13617 16223
1478 18467 7144
26760 11921 5852
15631 27248 20861
21458 9942 13230
4971 24717 4196
22230 1682 4049
3899 28701 14564
11736 12258 2920
28785 21439 11384
22252 24009 29010
28807 1481 14734
21098 5730 25412
11372 23588 7573
21127 7943 11501
5272 13997 12803
15720 11453 13997
653 14043 19379
12311 6154 11529
27062 17507 13552
8200 12063 21410
2077 10482 18601
22611 13255 9263
19006 9332 2410
4463 29078 26231
3299 3386 17702
26035 27222 18598
4124 9603 28904
14823 28762 16062
2025 7155 2319
789 10421 25826
15411 23647 15280
26673 13529 8630
5769 14651 8341
4004 22672 15002
24488 2703 10098
10394 2995 18745
29665 23666 15928
15984 2342 20270
1476 2480 24474
20390 25698 19990
25574 12675 2529
17897 13027 25344
15978 26105 5062
989 20342 7229
27715 12430 24611
23427 3097 24586
8606 4485 9457
1220 15723 3275
29500 5768 19930
29793 19109 1741
6014 22112 8250
26841 10685 3598
20468 13406 7869
8689 6519 12332
4883 29499 20828
18402 8891 21098
25049 20268 27866
21569 25636 15115
29093 19915 11488
5866 21078 24774
8546 17092 29171
8243 18775 23826
7444 7504 26567
7992 26563 17773
22230 5739 28425
17939 17969 27045
15612 18210 4098
9740 3387 8372
17292 2059 3581
18271 12754 9795
1725 11817 11644
9205 8811 20803
24656 3577 6050
6489 7041 21392
1823 357 26399
1471 7184 11515
18781 10345 14673
23277 1207 8296
28003 8316 4217
23298 19322 1252
29727 15185 17020
20792 21416 28744
17235 22081 13534
23618 16288 17168
4416 134 2137
18015 12142 24716
5494 18896 3585
16325 24384 924
29096 9220 10694
23627 2143 2586
15050 13013 21398
29405 19076 2259
21688 29549 25239
19171 21965 28416
6301 13318 8555
15678 21554 26307
8483 14831 11302
26289 8724 25116
20354 926 27272
26325 13258 8638
2348 16247 4280
19341 29441 16144
19324 9917 5044
17515 8284 17781
3001 14589 19068
27066 27728 25163
1282 16336 28963
2191 1257 25788
3270 22816 7091
2915 17492 4660
27641 16834 19852
19098 7597 10755
25830 23991 21699
20298 3086 13695
15828 20915 20207
15129 2623 5513
6889 7577 29525
26411 28845 10707
176 216 18142
4191 2115 16196
4020 983 23376
9741 22842 17079
20888 25471 24664
15820 1291 9031
29067 14423 951
26920 21274 2685
3581 15252 21107
13529 15903 14541
18755 20770 13997
2769 6084 26900
6939 27049 18313
23881 14714 27384
2327 16305 24842
11774 2635 10916
4180 8662 16624
16640 10349 17316
24628 21927 20840
5065 28585 11924
20419 2495 5820
5501 2007 5853
18620 21340 4781
26467 21510 20748
5717 8327 28826
13632 23639 25484
1843 22482 27937
8773 9986 29658
21412 9365 6460
4298 17424 6543
11987 16946 27510
12004 23023 25873
11754 14262 3463
25761 27514 16073
19960 8077 7188
505 15282 29362
6961 11381 16391
20799 4580 6983
4972 20807 20783
17965 16077 949
578 444 10261
25142 24260 23129
11190 16663 26875
21997 28987 20834
24424 20266 14764
21202 18529 21003
5547 7049 18369
1695 11964 20316
21524 14618 8549
24313 19858 20088
12431 1944 22853
16007 398 2573
22319 27998 13149
10159 9304 5760
16307 17779 20367
28838 14864 15103
22668 9542 9576
16223 20745 2371
18491 28570 28625
566 25390 561
21260 22666 11517
27560 11603 19105
19493 13602 11568
5528 21283 7120
16258 26232 14116
25477 8630 21488
23995 6108 29454
16446 29778 15770
21720 12880 14430
25294 1001 27283
15791 28763 10273
19885 29287 17060
26073 22996 11998
20626 15606 25980
10568 19985 21642
24289 18432 18354
25918 17700 24377
3215 23148 13615
13644 6759 29464
23379 17998 13014
18497 21968 25254
20585 2291 28604
19041 24018 8528
9769 19683 17464
11320 4628 20028
23564 2436 26299
6392 6945 10432
23131 3609 6133
20967 18656 17488
14009 673 14311
27711 18783 29153
2389 3196 6465
4639 18563 18998
19364 18733 5675
15643 11700 25709
20871 3498 6103
17488 9563 29935
1510 2836 17852
7418 29428 22689
12002 4770 12124
19127 22143 11109
614 25847 4035
9020 4372 28860
5272 15916 16080
26428 9288 6604
1521 28223 3219
1769 17750 14291
1959 11421 5991
28123 20009 2016
20025 24077 7483
9994 25523 15199
9675 5306 1960
1956 10139 26489
9507 6636 15033
25406 14969 11112
25841 18039 6461
25661 25473 28740
5697 22831 16006
12453 27387 19384
13287 10818 17124
20395 4912 11049
18843 8601 19097
28876 23453 19244
10118 17600 28727
12324 3317 24957
9496 11795 15200
3527 20347 756
23626 29972 20927
20527 1796 22610
16985 170 5562
4002 4975 15933
4586 1326 16886
6823 10496 14465
11811 20641 16918
14247 24982 27441
12780 4417 27672
27687 2572 18554
12963 1298 15711
4251 15240 7014
13863 27204 10638
4546 9632 8406
29983 20498 15899
12250 18471 12945
24136 28617 20965
29944 205 8697
22464 25973 1920
17456 8269 11769
10335 14344 20128
10453 2248 9835
29767 15143 10190
23115 19359 25264
10453 27613 17969
24258 17257 790
28510 3421 5332
11176 17723 13041
20885 14673 27492
17397 7846 9291
26436 29671 7873
28586 13939 17233
11965 26826 10585
17787 11508 25945
11209 19479 29341
13958 24838 17655
1402 23079 15583
26001 12037 1406
9128 11285 17946
27845 16862 3960
11514 21055 12744
28621 11167 222
28287 8017 20056
6315 883 11388
29672 21272 23157
2930 23138 8090
5042 14900 9013
27355 24763 14662
8286 7505 27793
29109 18770 25411
27751 5500 7600
18525 7327 9530
13106 27472 3628
1716 2220 9928
13318 2099 3360
3209 16537 4543
9151 27221 27565
13969 24603 4407
10348 25613 21756
1173 26213 11102
8508 211 24544
2599 21442 26334
2097 17700 5765
28032 28710 12677
9421 17440 2813
16650 23344 21445
8038 29525 22687
11019 10477 10926
13911 13674 7121
12511 343 25655
17244 8056 11836
1126 26766 10553
26201 17221 10533
25842 8468 10594
21463 24918 7386
15747 10003 13589
9172 4045 18689
7677 26346 26733
17899 10806 20709
9755 11494 8445
2317 17105 2609
28871 20586 17848
8988 19078 15621
19198 26253 2979
18334 21474 3286
5881 11591 20446
17557 29697 26632
24628 12539 2473
1676 29163 15205
18767 7176 5811
7891 6348 13589
14600 2552 6415
4494 14333 27333
8530 12119 4966
7106 18216 19254
11717 11695 9196
22780 443 13353
17921 16207 3757
8213 14576 6571
16924 12240 26144
28831 18483 24381
12697 12388 26463
3311 9444 7235
410 25071 12364
18643 15441 11332
21666 7193 7976
9128 5398 15903
19302 3961 10717
14983 19896 12680
21700 18406 13508
10199 17298 1063
21703 10031 14889
17901 16227 20321
12837 24770 20487
3558 19489 15092
27921 24073 19689
15409 11650 17814
2771 5198 3373
8732 1 8837
16886 29470 29716
29024 40 26364
12371 28158 9667
17595 10791 9281
6085 22972 10083
24597 25685 3610
20183 12616 13153
4950 27866 5214
25015 17800 29292
29513 7253 15160
4090 2483 4438
20944 7183 1713
27714 17847 4327
10127 25382 29780
4323 3635 24539
2476 11221 22257
20459 22678 25829
25638 7529 20482
24230 11248 11470
25848 17304 11644
22567 28918 15766
10303 16163 4130
12247 6621 3825
26434 2034 8490
28565 20381 21396
6766 3516 23738
9079 29542 11472
3966 11750 28033
24361 24277 7176
10260 25492 25589
20852 27752 2373
19441 2892 28711
22867 21976 11840
6627 16304 9355
12196 11248 28617
28977 29254 19262
18705 1726 19675
14926 19026 8764
7424 10870 27123
14013 10373 3769
835 25201 10986
24820 17744 20636
12051 23905 21730
28674 15625 562
10274 5068 20130
28828 18869 2629
19693 14158 1187
23356 20597 25990
11560 11078 11456
24748 7051 7302
6802 29196 12955
10456 21670 22774
15691 25655 17040
128 29130 7576
1275 27264 8823
3509 11378 23299
18723 12488 11927
9786 18962 20964
27403 14240 21018
13409 25325 18847
12696 20289 29426
137 21968 6011
21170 27679 22873
11749 26747 3364
21850 18369 18305
597 24857 15141
18686 21252 5080
17607 14072 8808
19970 26529 28824
13359 11806 28830
20014 12671 20411
22367 1331 8626
29447 17899 14569
28601 7920 25173
12911 27975 22059
22559 7538 19761
24759 7902 3894
24803 27509 3373
828 7644 8502
1215 6124 29979
25313 24694 24247
3065 7292 27686
6239 19161 15254
1492 25830 8951
20794 25715 2902
28157 13816 17627
4520 22764 27453
13370 26393 4857
2951 29544 22451
21678 1699 4902
21025 1827 24722
25262 533 11920
6580 16801 23873
28581 7326 26434
7504 2965 9824
3490 403 28161
24878 19713 164
15847 24301 14287
6423 22930 21736
12687 23384 516
25472 7937 25389
21758 11354 24375
10670 24929 6544
2396 2110 1355
18455 13179 4042
13745 14413 19567
430 10232 24807
26023 14699 25123
7562 29524 26830
18461 16971 13799
27553 10157 24946
23208 14565 28579
24897 1765 13110
10199 11467 9363
7038 28718 10415
20247 214 25103
23879 9330 15827
20143 14459 8517
24094 19380 17733
24644 3859 6368
14824 23694 11581
6957 9990 5066
25299 4649 3662
3081 27847 26819
29677 17775 2206
1886 21771 2841
15185 28868 16603
14161 15536 27002
11699 12713 23702
12154 19982 29361
16651 29774 9833
29633 10667 27762
24572 16257 12939
26073 21011 11224
5068 12774 3968
17012 4772 22046
5029 17024 24224
15380 22520 8468
19702 28984 14705
15176 18518 29184
27682 1382 29723
46 4860 4926
2735 29509 25292
17925 11387 4434
20896 14084 26522
23343 3298 24232
7948 6819 2282
20984 26631 3645
1523 14146 19625
9235 5645 27411
25891 6846 5354
5210 22868 183
11342 4273 21822
5829 1849 24662
23490 26133 28697
2077 9036 1135
21982 23676 7312
20674 2820 5984
17003 25631 28201
6400 23885 23318
19266 174 27525
21382 8154 1931
4909 6493 19939
28411 22226 25928
17999 28939 2550
12437 26593 29690
10045 14042 25122
15561 27580 25437
633 16282 15853
7023 7848 17625
13257 4751 13920
7812 672 22695
29032 6727 26466
7902 6716 22002
15964 5470 23799
18072 25711 28582
1680 29547 19291
12378 10484 10519
22923 6635 3637
15043 12432 6656
23166 2677 16262
2622 22418 17902
5179 8213 2301
18621 29689 5397
17968 25214 13475
17696 16748 9880
16836 17433 19232
15673 17719 984
25740 19987 25564
14661 25489 29599
1928 28051 14236
29619 17019 16997
12089 11628 18617
4844 1338 8052
3100 17573 4694
28418 1020 25616
21202 25507 20196
7101 26637 7299
7800 1136 10312
4962 11770 21504
15938 20679 9672
10501 22607 5424
11254 6503 18692
3690 16775 803
20576 27348 5260
161 25624 2476
9987 14807 1162
22145 1449 15883
4789 8034 14753
13828 16968 2319
16602 11784 3208
25975 24490 13894
29820 10612 5845
2822 4547 12938
10603 13930 28897
6923 20416 12954
3002 11221 9831
26738 16152 12014
17076 15587 10304
26420 1211 3629
10755 9155 24358
19214 23409 10386
1932 9022 7700
11782 22078 18089
14212 16846 9395
14860 346 3474
9035 27042 9986
6648 8398 11253
5561 6115 16653
25265 8973 18559
14292 41 29256
8249 997 9976
1390 4620 1048
12200 3688 19924
22741 2990 7301
28571 29735 24121
10807 12313 16754
19866 2352 17529
15100 1821 9728
15455 24654 9049
19156 25740 7379
18126 19796 24873
28306 1407 20382
1619 3347 17663
7214 16148 2626
9597 433 3151
8247 6337 14789
26246 28454 10954
28172 19321 8446
2470 13221 4282
10814 17156 2682
21503 10416 26512
26028 21669 14761
20546 6664 8069
22788 20045 26293
17464 20370 12433
10947 25733 6474
4748 17616 3556
15632 23285 12794
18911 17158 27953
22326 18901 15317
216 10233 20455
7117 12397 16598
3287 27538 17733
21096 3851 12610
16472 17125 19601
4340 8511 26211
22121 29129 3037
23672 10226 5596
16036 21389 28889
12482 13828 27210
14587 12287 10458
10663 16059 1697
25469 15196 25068
28496 5205 6082
28210 19830 26366
13477 8313 25344
29474 10906 17562
26679 3302 17733
2054 15519 8850
15325 5974 3944
28910 29359 12761
28670 29097 7328
2893 15188 1487
24308 31 14645
13495 15372 1426
26943 29262 22019
20237 977 7204
8323 16687 27630
24907 12415 2156
6445 20857 6177
13634 23203 17431
20532 20431 24723
23934 28909 20429
4875 20279 28793
28198 23446 24651
24361 1206 703
8893 29459 18263
131 24012 396
9353 25299 21191
4959 7600 4588
21758 1937 6591
23343 4004 20522
8733 8477 10223
5640 4360 6901
12782 25207 7943
25149 14905 27544
12259 5822 4584
15204 5234 27346
23183 8989 21492
27587 13881 15479
3779 12848 13007
16828 2152 21827
14728 5859 5832
11796 29689 14820
22840 23439 55
1439 13406 22926
19456 12673 22601
11583 11854 1821
12174 6487 23370
22759 8908 15978
7881 19591 27684
23622 25945 13960
12552 14166 16476
27268 12417 20391
8679 11705 5616
5506 11868 27679
18064 20643 22297
1552 22239 2977
11476 1300 24856
8538 17380 24759
19111 10975 4759
23271 28170 24763
11393 17146 17485
24740 29229 1484
24321 16026 1975
25561 22834 2639
28715 5634 2888
1390 13551 3237
21685 21914 5994
19600 27826 6142
25745 8690 20602
7922 4427 17636
3683 16865 29241
17276 3274 7414
1582 19322 17100
10336 18154 5750
24276 13482 2312
5714 21091 16958
4142 24102 3116
21100 26522 7178
20478 15710 13068
22682 16830 17391
17893 16455 9511
25559 267 27379
15104 7186 22480
22193 16085 13026
15535 14746 5310
8050 15610 10021
24076 20705 22251
4884 28124 5315
17665 10904 20190
14523 10922 9615
20223 2376 14293
27249 3779 6945
28761 1718 17912
14233 8262 11752
29640 12995 19968
11296 23024 6218
2797 14159 25029
21056 9728 19591
13122 19335 9504
3781 3038 22386
11612 1282 8019
10899 3710 13751
20538 23422 11783
8230 11349 27655
5 16602 15041
18587 22580 1976
14611 24206 27835
24444 10871 13873
20006 2575 17974
10538 24405 11258
29397 14995 2675
3244 6649 17982
24045 28162 27312
26137 11166 12246
10414 12874 18974
21170 23475 18518
2856 20587 3379
15880 11385 11728
20006 9697 19565
24405 17355 3537
20801 2928 18030
27432 25740 1673
8192 12432 25969
28183 1028 8849
10884 1978 8254
28862 16011 2898
1122 20652 3645
23620 6189 24132
8084 24421 20146
15442 2456 7938
4870 15768 1442
233 4260 4806
3429 16940 22353
789 29874 5072
13273 27772 21493
21950 27386 19210
21867 3918 28569
10918 16380 7971
5273 1529 4047
17780 14413 20330
13619 4248 11662
24252 1311 24279
13973 13163 29528
24729 4440 3433
16007 9052 18947
5067 10151 17678
25031 25341 21565
29889 2231 11461
14695 24674 20946
17378 7102 6288
1794 12403 2273
16776 6343 29766
29196 3891 21324
19731 22225 14308
10409 24610 12784
8236 3583 14752
2287 10581 12739
8343 21409 17496
21828 7391 25398
17388 25655 382
22274 12675 8953
20715 12356 3912
21425 1831 10416
21038 28728 6228
25592 21719 27485
15221 2802 7598
10581 26864 416
26608 27483 23642
18188 21657 24587
818 25978 7459
13038 768 29300
19759 27059 28606
18599 4955 20106
4792 23387 21717
988 13771 27700
6640 17705 14473
8354 19561 10636
1907 23112 10945
26966 23708 2666
23247 2674 9501
2833 28661 8065
8641 16062 23004
27629 2706 7429
14506 28889 27870
11928 25224 22355
28159 1603 15511
21749 20380 14919
8745 11410 28343
21945 18018 15839
10344 12669 3183
10135 20151 20682
9117 1599 29984
19647 22082 12629
12120 20068 13120
2100 9427 26613
18712 12721 3168
27752 7191 13326
21636 2833 25571
21579 22185 7775
12949 17973 24305
29157 5761 2892
6193 106 23899
25103 10157 26245
22259 6432 13289
13218 17788 10980
476 12230 14364
4811 27025 8348
6142 15203 8597
20649 10778 29549
15176 18060 13949
13211 22286 13932
26562 16194 6212
172 19062 11195
13626 3402 21598
5032 14293 22261
5461 13981 22261
20224 15626 85
5032 12442 3352
22863 22661 9177
19368 17551 25621
8336 205 2431
24563 29904 28774
2697 1091 21284
20234 2980 4680
2237 13221 3282
6292 21587 26553
2836 26294 9092
625 1011 28014
21811 377 16490
17689 7751 9514
16671 19079 17630
4802 29076 22998
20855 28561 22955
10342 11121 28057
7372 12857 14793
13517 23642 15959
17373 23942 197
26803 22427 14418
23569 10494 13914
27724 9291 25372
9401 28928 11041
24831 12396 29052
22491 1182 6398
2086 8901 11008
24475 17339 28525
3518 8116 25691
18810 25271 6200
11891 24947 2066
8401 12395 789
15035 12104 25859
8700 9040 12036
2745 23155 21403
21557 977 14793
1613 203 29749
16478 7924 3100
17252 105 14638
18265 21947 6702
5917 29702 22252
28957 3085 2162
15549 16613 6486
27393 1657 1405
9297 9871 10757
25810 8284 16401
287 23821 1557
14813 5597 7192
14655 3520 1003
3428 15308 26020
24772 3236 1179
27424 23221 15345
9266 11649 14924
11148 4784 12052
13613 16957 12602
2402 16859 25728
152 4805 24397
23339 15421 1284
3342 1794 10482
27684 8371 19392
5688 7616 11723
11387 18523 22864
4207 8511 11748
21620 8188 27437
8293 4897 3681
9995 13563 9677
22593 5368 26093
24467 23239 21297
14616 25885 50
22735 22974 5692
28693 16153 10494
11026 18342 24341
11770 19222 10606
502 22571 12746
14900 29475 24514
11723 28465 2048
23441 10095 6958
15446 2014 27355
16703 2209 15770
4144 24208 11038
22889 14623 10276
2236 5392 17181
4240 6432 20744
23542 29575 15003
11270 20515 21270
29639 13354 28050
4258 363 21946
25869 9647 11557
25983 16238 9478
23666 18737 8917
26724 21366 10985
23845 25526 118
29178 14320 21880
28882 23372 26646
11378 2532 17830
6535 1066 5378
15637 18097 21183
20454 8659 8781
21329 4783 6518
7815 19231 5304
13360 11343 12615
19381 26080 9141
22942 9440 9748
12767 15696 6555
18729 11350 23524
16626 6073 25308
8598 6812 29194
896 22288 13813
14722 6066 10741
29687 26985 3029
8475 11828 29365
26158 29268 6719
3147 22610 13565
21031 12471 19405
3518 3021 850
2094 8901 25568
22162 27578 10541
3075 11845 27517
25575 11006 12798
18154 22672 21902
3962 29189 8014
27756 28179 7387
13676 1217 7291
18944 4028 27698
24647 13395 16478
22711 9917 12544
6220 12048 242
20008 28872 29836
4879 1029 21657
19314 25578 4382
24951 2768 20249
18721 1323 7864
10394 20466 6299
6644 26255 8969
5421 2483 1450
18355 997 5807
13780 4457 17526
23609 20047 16557
19725 4855 14879
8730 20479 4571
4287 14855 15939
27804 1819 10162
7619 21398 19324
24088 9610 26648
28339 14048 14607
21529 10493 18120
871 1561 25123
7981 441 27002
29160 21329 21737
4542 25276 13520
6718 6789 25181
25554 7705 23624
29399 4691 3732
3062 28986 12779
22225 19479 17834
19358 10792 24573
9916 7803 15282
9968 27064 27799
12172 3568 22043
25029 9804 16107
10011 15305 13253
1466 26658 11589
28357 29615 16686
21046 207 27961
9505 6715 11763
19011 29545 23290
13206 22366 5749
24918 23228 22758
4473 17868 8731
3400 11761 13697
5490 4742 11769
25868 15515 12357
6445 6219 8595
8968 19522 280
15835 19286 8872
10362 1858 14019
2612 9664 29853
25349 14923 14543
15081 1172 23756
4291 9882 9941
17711 11602 24684
28090 7369 29170
12285 8206 14328
12838 16159 3698
21718 8190 26432
21083 23145 27976
24597 26370 22001
9083 11062 24830
16489 3308 4224
6454 1368 10133
24990 4305 5081
3510 20099 19672
14877 21968 22119
23074 16420 7505
2722 16299 3252
20459 27133 7295
10478 19587 15301
2561 20396 27343
737 15658 23869
1111 19809 17519
7637 15350 19551
15166 28933 27891
25174 16895 12751
28571 22276 7926
6473 27619 2002
28043 18254 1272
9044 4537 16409
234 22463 22737
26621 17466 8642
27541 6328 25553
4028 8933 12061
18540 20417 6680
5166 15857 26216
13166 21497 29275
3506 7287 24339
24288 8458 4307
22042 21379 5198
10410 13332 14056
22240 2880 19645
21688 3185 28958
20619 18098 19521
18403 9469 21768
22852 13422 29457
5555 9491 24781
6852 14552 11869
21907 194 21767
12656 17885 7085
11090 14334 17312
27420 12272 1680
7629 20222 22090
781 27367 1428
2326 15363 13688
6910 19529 23739
28111 11593 24862
19675 1501 29604
16391 27287 2677
1344 14631 17521
24144 24806 7345
6841 21332 21868
8354 16332 13640
14575 14090 17246
8142 21400 26551
17744 19888 17665
1339 4003 8399
29927 9508 13656
28889 20519 6146
15883 18291 22473
18924 26235 5288
19655 7254 11700
25241 8093 11607
16358 24178 15362
14181 14351 5240
7833 286 25951
9347 16434 790
23443 7203 3804
11838 16029 5047
7580 22959 28581
15526 3710 27394
19587 24550 7548
5128 21912 14193
3795 19302 1217
27419 17999 25598
16458 5538 28258
10505 24672 6499
14014 19872 27064
12082 10785 3270
2273 5137 17499
24129 14585 23271
29057 11399 4059
20362 16759 24190
11029 26636 11561
7503 9150 16592
8138 5824 283
27057 26792 4619
22844 13103 585
8997 11298 18277
18669 23848 18495
10654 18341 17746
9339 25813 20163
3110 7428 22753
17032 22671 9970
16739 12130 16633
19784 13648 6376
12744 13529 26819
11823 15643 27534
14687 19901 25944
21604 6090 22620
24604 20041 10452
19829 4388 25622
13452 21704 5699
15384 4501 10898
21487 21882 26982
10409 469 1435
20030 3351 19773
24383 8515 3442
27632 27705 10843
24626 3004 18124
29273 766 26044
25436 26879 823
21247 13404 6656
23840 14254 28323
7993 8327 20464
3153 4214 12231
16114 26032 27041
7469 23716 28278
717 196 17765
13818 23737 1606
23274 25469 2964
19925 2473 5373
28444 4058 18227
19079 4914 28732
3341 14642 5946
8128 16929 22359
13316 20528 15789
20763 26831 19681
21495 21582 1793
6959 9814 18032
13924 16232 24069
194 19695 13122
6375 16516 26830
7897 24983 12355
11867 13187 3597
24202 23985 28493
21296 4558 763
24733 25541 219
17835 28982 21952
23489 28885 2395
12544 1188 13183
29793 23118 21370
17969 26907 11722
20245 16655 26581
1324 1053 16547
24768 13140 21886
27502 1022 24896
11254 935 17123
14091 3682 18415
1549 15040 21670
11456 26431 26780
4349 8565 22784
12029 19458 3597
6132 23426 27507
23825 3865 1117
11976 25802 6197
5520 4561 25675
27356 6781 26768
17752 4466 23853
12042 11930 17801
23662 16636 24855
23443 24102 1765
14365 10615 11632
19911 14805 4135
21427 11639 2496
25144 28591 12752
17153 27092 12110
25721 6917 25435
13510 10197 10586
23145 28694 7088
24947 17735 6676
22785 19499 6823
21925 12887 21662
11826 29829 5229
5784 28762 1905
23048 1500 14365
2735 24062 27957
25344 13522 7398
23112 25430 3200
3425 18454 1511
2442 5989 3125
27064 16272 8281
10697 3389 18126
21357 13835 26025
22623 8663 11609
15372 15425 19426
25869 2719 11389
29207 24199 18703
18940 21392 26666
16968 17566 3088
1142 22467 7084
21654 15991 935
7332 7351 6174
24656 4925 26933
3010 6149 28767
10390 6618 10469
2029 23922 7007
25233 23729 28549
25976 5820 18784
3218 7662 1882
4891 22217 24158
16500 6086 20812
24845 6035 20355
5107 9141 10058
8285 6400 11755
8744 28401 7361
8535 10418 11222
18127 27064 1244
26288 11275 25772
6934 14579 5864
28967 14097 599
7812 703 28381
2373 27983 25581
7882 19089 16052
12695 2378 6700
12160 29336 25070
10887 3822 22464
14899 1633 9012
4778 20494 15670
26774 1998 29970
24918 2335 1477
6739 8499 23178
25440 2136 29707
11045 2011 10410
15141 11272 9341
10935 13728 10392
9693 19198 24079
6452 8871 28180
5324 5485 28005
5858 26785 26493
21000 18927 7032
6406 1479 20020
7705 28547 13353
10243 29276 1677
21662 9661 5284
18759 7668 10872
18988 24171 6414
29817 7606 10533
9187 17542 16756
12027 12287 15897
3900 27653 27695
15081 27809 20305
21282 18895 25275
19677 12225 1522
17054 26403 4601
220 16819 20396
9385 2562 4821
26681 26693 20652
10792 7086 7984
13630 24221 14393
26389 5444 5423
4339 24185 14635
24905 15602 25082
26331 28903 22448
6938 22652 9376
20482 18869 21307
13575 13343 12992
15618 21718 12068
19051 3060 25170
15425 23653 21222
21382 28475 19307
2720 8030 6578
12335 24111 23031
13503 17039 2083
1076 15158 23468
5867 8015 21904
27242 9590 1483
4012 10809 27830
21923 13608 21529
26118 22996 26714
29493 3030 23392
19766 9911 5416
29735 29811 21742
8023 6604 27203
7259 2411 673
25882 5484 22473
26154 1466 13702
22279 8110 26471
6404 15567 9412
8709 1764 19957
15405 11842 18679
1447 28191 25638
16674 28348 24202
29933 5454 1824
5043 9314 13381
20720 28084 2253
19564 12156 21758
7118 12373 6356
4282 2344 18715
14241 14131 11214
5749 3512 28727
23627 4903 27685
16100 25091 20514
19153 23517 2682
3622 1831 13340
25052 20134 12277
15548 23419 12076
11149 13051 7990
13053 13457 24685
19949 10008 1482
1034 22474 3221
25470 18101 29523
14645 17585 26158
2372 18071 25069
19627 19183 12857
11790 19216 26920
14091 21825 21442
12328 2874 6494
20122 4212 19411
4206 16195 4780
2066 7755 139
18976 20144 20956
19978 19883 22842
5741 5771 2893
8731 19343 1185
17426 26518 14445
10457 25756 6813
29837 2688 13348
3637 20207 25473
12203 19097 11738
9867 6738 19134
26191 2221 5598
15888 2445 24017
20850 18336 26377
23905 23173 9528
11709 10316 29056
27363 18522 15463
3582 17907 25461
23181 15496 15334
20368 2624 4575
7501 29986 28570
26881 17534 17222
8865 9340 29491
25996 13967 24291
18778 10551 635
2967 29152 13204
11384 28833 21677
27265 29205 1056
3064 25149 14660
3549 14598 7238
7976 6388 24384
14139 23240 11111
26792 18131 2725
20652 25624 22820
21973 20954 1974
27888 16680 14717
21627 20278 3538
1682 26944 11974
28804 13489 23395
16519 2753 4817
12321 10195 17953
1288 7094 28205
26933 27964 20613
2960 22796 15612
21937 2234 19431
19368 27201 26212
22911 21180 8699
28073 13090 14294
10689 22547 6536
8020 529 19544
19220 28523 9719
20133 26750 17184
28503 19049 7060
4410 7412 28951
15439 5027 19449
15003 13643 7901
2243 17441 6885
19504 6584 5077
8806 3107 23960
3861 15611 16872
485 5987 16671
22821 15189 23797
18420 18896 8248
21560 16895 18195
21294 26284 1856
26209 18586 10073
6915 24368 22354
28850 16373 27958
4019 21898 10870
24963 22307 14409
671 22808 5332
28433 23076 8908
29160 18765 5825
20946 1886 25107
22905 24317 7346
20688 4055 29378
17000 25671 15400
4826 5954 13666
29419 28011 5883
29941 7689 12998
27535 11208 22472
28696 15127 27124
27137 4074 13242
906 20657 22516
9166 19292 7125
14682 21238 16283
23477 20021 4800
587 25174 12164
13296 26701 23008
589 1262 15987
22718 21937 15843
13512 18817 26232
6821 15775 6769
1905 18233 9516
18834 10703 8424
28994 9568 382
20400 18419 2345
19384 9402 14478
8508 4133 13052
9263 17583 17801
14773 23002 1911
16955 23365 2922
10114 54 17826
23209 19760 15884
19538 18047 5938
12292 13118 24640
21854 20781 12575
18424 24278 27782
26893 16463 12515
1991 12686 14144
27249 19648 15589
22134 9905 16669
14503 18650 12735
17338 18122 6569
17050 2623 11559
29866 7280 513
6181 2768 2737
22070 28591 8257
23828 27756 14894
20199 588 21185
1508 7455 8739
26635 1103 12179
2269 12431 25873
27962 18456 17289
4948 17478 8213
24605 17656 9077
1884 5497 25046
4574 23239 21489
12886 13766 15961
6177 16966 19336
18396 28410 9472
26191 2868 6747
1631 5773 5190
8182 22963 20065
16094 2708 28102
16578 16758 13802
10779 1579 13477
20728 2006 12821
21372 29778 23527
10395 29580 27924
21751 4433 5047
10954 12485 21639
1951 27433 11850
16560 4413 2868
21344 15616 15236
11936 470 19699
15367 25598 9230
7323 25021 48
21193 10241 4966
279 23085 14139
12186 5926 4256
682 25005 4196
16993 14495 6782
25620 12402 1460
21970 23492 16914
18958 2136 7905
18542 14454 2461
17704 19153 17619
22802 18806 20009
17886 5705 6737
29215 29571 20770
28792 16579 5959
919 5702 3586
4885 20277 11444
1921 10688 3761
11850 7133 13208
22600 771 25635
14745 11714 9872
8603 13726 3583
5167 16574 23054
19666 22705 13803
12954 6570 14156
21538 17568 6141
23693 16248 15313
17992 2688 22415
26379 19164 13159
3519 20668 4093
21628 22922 19742
23536 21800 15840
14677 10436 25909
12679 23576 11443
18133 21197 22688
20763 5796 14587
3508 7589 23303
2352 20578 26067
17583 23167 20162
28821 13125 2705
20779 2554 18744
13926 5902 4083
22194 12865 25208
2457 15341 18521
28363 6488 22987
11169 389 5331
12646 7492 17488
979 25008 10619
16862 42 27034
18279 2763 7038
22485 7528 11317
11499 3755 24688
11 6989 3376
28630 6841 6472
22017 12602 6916
28500 21125 26420
17124 2793 29764
16690 287 12161
19072 15793 10194
14797 27698 24506
23767 3992 11742
9846 15870 22898
12165 2138 6031
25127 20765 14098
21187 13886 28778
19419 25608 3227
28713 5293 26690
29608 14610 18941
17998 1260 15987
10387 15472 29696
14308 15804 28541
22152 5703 22602
23408 10577 457
1627 15199 23272
1106 5657 9338
29696 4869 27329
4069 29554 3310
22125 12671 3542
26394 17910 15796
27262 14550 20790
9801 851 15968
13571 18896 21923
1592 14939 21251
27882 28720 10288
22753 20654 9525
17972 16319 15731
9649 7057 9172
18361 4952 21306
22708 13007 29423
27931 12146 11840
14290 3127 24960
20288 16458 1564
12173 22359 18428
20781 157 12999
8424 15437 11459
23155 7225 26128
18408 23881 13570
16228 29994 20372
26000 10945 4548
19547 26988 1809
7616 28111 21637
11039 24488 9254
1030 6532 15332
7488 22791 27980
2743 17850 21510
7830 27382 3936
4123 17594 11940
11833 14816 11792
13061 8653 13424
10860 19073 11156
1131 23566 22161
2300 999 3762
12747 26854 25797
27689 11698 10001
18800 29162 26332
15050 2844 19714
2676 29609 13682
27696 15559 12691
11228 24616 26460
26524 28467 22639
7171 28901 8758
24787 25593 7960
5405 15769 27225
27821 19512 21187
21279 10873 18172
8325 20965 8361
7143 17608 3863
18092 28647 29826
25703 17748 1901
17868 3357 23512
5923 6368 18056
14973 3993 23625
7373 6956 20952
17732 26992 23210
12651 683 914
26577 27236 24722
25253 8823 27753
12972 12111 5536
28715 25047 27560
19287 14372 23903
19023 17285 25189
8216 13392 25478
471 2950 17679
12952 20039 2945
10804 12363 24803
26211 8212 23712
15933 8975 7007
23325 18654 6234
2547 24540 1404
15876 20938 17789
1124 14301 16133
21875 23514 19899
21031 7948 21443
19348 29104 21738
16504 18830 27838
27017 29201 28974
27119 11331 28325
19909 4828 10125
21606 20399 24393
25122 259 763
19706 18175 15739
27403 29679 9
2582 17673 19544
17366 14112 10553
5405 28389 8810
8459 13501 14519
2541 19360 14855
16613 29516 6817
8631 3482 5540
1642 1032 23872
3924 26918 19900
27717 13939 10232
28961 21963 9836
1154 23802 1452
19151 5388 28828
17277 14517 8869
28113 10550 5246
15361 28618 8089
19975 5257 24146
25938 3678 15863
20991 26284 9231
5445 4004 13182
8933 7005 13279
48 11173 21327
10897 25563 26059
16249 9832 674
6325 2954 2230
21736 16675 19821
22138 5237 21160
24495 9565 19344
14801 23962 3723
10237 23132 15916
8565 19919 22110
9610 740 6318
10235 1971 24637
28692 1356 18264
29927 14383 27541
26331 6254 17776
23624 27635 27855
18488 21553 7815
3641 10037 18279
6887 19540 19057
15236 20276 2339
11237 27874 14796
27638 3854 19998
4364 23431 9135
4536 17763 5855
21451 29806 10175
17558 7789 15730
15074 2097 13118
661 1536 1837
10327 10459 16952
26614 10052 439
4276 12902 18503
16967 20680 28282
19336 14883 6798
23963 6041 9852
9804 13716 25524
12040 25665 26000
759 21763 19288
17092 29524 23038
11628 23030 5651
18609 1443 1270
29267 28876 21952
25888 25994 13755
3688 6649 3859
4509 22973 21168
8751 5717 14168
12138 14045 10598
4560 11689 17999
20256 23761 5091
21337 26840 16119
14337 4303 10431
9415 6077 8057
6422 25317 228
8793 18255 5813
20587 15054 14612
9279 677 26311
15682 16860 10247
21669 22444 17005
28496 17243 4445
10878 11106 7622
12461 4277 25277
22727 29462 19506
23279 20101 10078
22130 16542 21673
10412 12862 21367
5952 13987 14081
1098 898 4145
28268 28216 9811
17117 20063 21132
14091 17446 22559
11370 25293 16811
29844 13009 25498
6678 7947 10875
18051 23281 24077
21371 7838 18477
19490 4432 13738
23298 1198 16731
20802 20732 3109
10206 10699 24909
24605 22874 10156
9760 1502 29494
22085 28555 23551
10485 15465 3465
14449 95 6895
29825 25325 13630
19735 17590 8920
2713 21303 328
20450 3092 10775
6148 18348 29317
28505 5920 10836
7748 23787 93
9238 18492 3341
21058 24806 6061
14097 29918 23070
19534 6700 8693
20519 10016 22151
21039 28718 13513
23760 13406 12963
29419 11661 19728
1240 20087 3072
4684 20244 10623
9531 13065 6331
5596 12702 25987
9237 22531 24833
2890 10340 27218
26210 1380 11659
22162 23335 22349
873 10151 24029
16790 22705 19871
27597 8878 16503
364 14860 4408
18412 472 29478
8015 1510 25300
25735 15635 20980
10048 17141 28376
14868 17827 13374
17865 18495 26029
449 21742 17672
29552 16672 2453
28654 27253 27552
7607 3515 21752
25932 25025 25993
26835 20986 11019
3666 11611 287
26098 28877 5822
22314 9657 25501
19250 23873 7939
5987 24411 15411
24290 14811 6702
6597 20112 7287
20929 1190 6054
20678 8880 28096
26051 12192 15238
2144 17656 16909
25480 20428 9424
29475 27070 8613
4396 750 1360
4209 262 8443
15665 17656 26202
186 1975 17076
2073 16292 13097
3071 23832 24129
7936 9310 7309
20294 902 7599
14457 15693 27337
21688 12880 24296
29818 8570 25979
17787 3972 5051
27844 21289 12749
26659 11998 26428
1182 16238 13214
1287 12728 17336
10632 4374 13429
3631 8019 21530
22861 835 20030
348 18345 273
18677 4420 7233
1229 1405 2332
2333 12809 25942
27174 9795 14606
12603 3742 657
29630 9695 12239
2455 2548 26893
9439 15834 10742
22931 14657 21412
14345 14058 14097
18519 19780 13456
11046 28009 19835
29436 15207 18851
1687 10293 17901
29435 29772 17336
17576 14202 21988
9693 18381 3519
23100 12943 9219
14195 6916 10954
3119 8626 21865
22702 18978 8736
8765 17537 10164
11887 4483 13870
18942 16396 25050
22220 24119 18345
19203 5658 9355
9895 25278 3396
24142 17438 4448
1692 26176 2685
25413 2842 29027
22915 21988 4243
22524 6914 3554
23039 27624 14695
14250 5504 4677
24205 6080 24279
15208 12611 19015
894 6916 26847
18583 26221 9745
19730 24822 10628
9818 13266 4482
7365 9417 7637
7155 12123 8709
14434 28366 3578
16060 24137 3688
25568 7329 14865
11577 3349 29174
13469 4527 16765
12477 2631 21566
7911 9844 26532
5003 7876 11715
3900 3367 26954
3553 27827 26292
19254 7694 4321
12242 15206 23370
1306 19770 20349
6514 11805 9553
3641 21160 2968
10262 17938 11922
1639 20893 5681
15721 20277 8796
24181 7096 12141
13547 2490 3640
13439 7545 21456
26066 5717 26515
16164 6331 4526
17929 23143 8902
10920 610 27049
3740 2555 21711
2545 23026 12836
19423 15148 21232
16001 6112 20015
27872 5168 1847
18827 29239 3180
3506 11454 15487
6750 28730 17199
26314 21111 2329
24511 25883 3505
29710 18571 9888
12975 8204 5086
10021 22833 26813
15171 4393 17065
29478 21086 6053
12252 19494 13788
11732 11834 8008
25195 4714 27353
22699 7991 20031
17751 12585 24724
9074 3780 14709
21308 15106 1330
8247 29476 5764
5782 23560 14459
25228 17494 24076
5789 8060 11233
25198 2798 23917
19169 4970 2042
7498 26500 4674
5324 86 3213
5514 19213 24403
18333 2890 18983
1598 29464 26007
28161 16118 14251
14786 13003 16618
2007 5740 20341
26645 16289 18299
15585 7682 2663
26772 5473 27274
14455 13158 9889
29288 9767 4968
16865 26767 5592
25223 25212 14384
2283 27274 19346
20715 20878 97
24345 10860 7428
27264 17877 8621
14266 24881 1479
25803 11669 16432
9929 8045 2877
17642 3680 6738
16237 3140 29204
26774 16358 17773
11766 8183 6602
22152 2787 18688
13998 5543 4435
8578 14765 21193
13348 29884 4297
18388 11088 27446
8557 203 11304
20078 8262 10942
8461 849 26600
2177 13217 23912
20884 29029 9234
18470 13060 10210
11071 12137 5225
24974 13171 10675
21317 16264 450
25439 15458 28851
28090 5903 16874
4589 18849 14553
6558 11836 18706
7920 14933 16501
21505 12553 12189
13310 29976 17260
29504 10674 27481
15695 15327 7675
1950 29655 8787
16334 4613 19215
14620 26844 1421
26186 28063 19010
28429 7417 9564
8443 11151 2230
27785 25295 6746
12879 21915 2739
23420 27206 22366
23025 22514 13038
18234 28426 1404
22691 16883 27505
8750 14604 3873
22930 26760 25696
13067 26678 7585
17411 12458 9123
2428 10668 4144
9528 24660 25072
9686 24086 3223
2136 20820 22990
18646 1030 14044
19927 24843 7327
14652 22753 14083
2379 3492 28802
5368 8407 5281
28490 9705 21576
16204 17029 19195
10627 10717 8846
12762 964 8355
7788 14790 5151
19952 9878 10489
28654 26897 22988
11615 2820 2681
10941 27135 4905
3102 19967 21862
13708 11095 28929
9447 27952 5621
17976 8990 9205
22887 11949 20390
4942 22779 2807
24121 28178 16291
28729 14234 23772
7335 1877 13330
8008 39 21962
5154 4280 14457
15737 5844 16485
901 2653 22167
11586 26872 1896
22007 2086 2112
25696 13826 28858
24634 2303 23624
17401 17188 1301
4391 6998 13638
23798 5411 13599
888 13774 3412
27223 1882 16488
15208 25942 3997
7647 2366 13141
11506 23248 28016
13924 29488 27256
7043 18384 16168
19698 20415 5376
24665 7662 6235
14451 2144 22477
7534 27405 23177
26430 6233 30000
6456 10642 17504
27307 19769 5081
773 5492 28234
3998 17600 10570
23691 19872 22991
14546 9024 27122
16548 3242 29169
15720 22982 19845
24252 28100 24739
19516 11106 7790
24810 29570 25406
838 26423 10557
27429 28677 13055
4080 26536 22026
24651 11271 27439
4751 7936 27922
20976 23509 28657
18507 21117 27372
1039 18392 6767
6835 28657 7435
28097 5089 17267
16200 2820 2254
28827 26492 1190
14129 10082 6971
27690 27958 9128
20681 17552 6125
27190 978 17981
14069 9415 23581
13838 10445 7853
3059 1408 27061
26314 28875 20228
7636 5841 4401
27039 6416 27766
3156 19887 5046
20073 5616 18105
10715 8598 20957
322 25170 20768
8006 19781 4027
20951 26780 18066
11248 29719 8033
4529 10299 5067
26881 10858 838
16699 16334 22330
8915 6687 2973
5863 16939 6623
18393 1022 7513
26826 11831 24074
27909 24281 28096
18250 13698 19731
25860 25148 16416
6434 8208 7923
28140 1096 15735
29664 10103 12502
22955 26353 20787
26475 21222 24847
21779 14568 12391
5266 25967 24281
1 10613 4816
15066 26922 6972
16519 22070 15889
22339 20742 20259
16479 2557 3503
25791 12653 12156
9098 13240 25786
17937 29676 9908
7867 14239 6040
29286 29758 16408
7353 20156 15781
16438 26245 20175
18198 28447 9436
7049 26027 10654
3312 24435 11177
20712 27538 24488
9889 18370 25460
2902 28671 9800
24196 14025 7172
7412 4403 20415
23358 6175 17189
11933 1576 18325
26932 4892 7753
391 7719 7854
3816 3751 2254
17987 5235 19713
29599 22845 23717
26403 25264 3580
8677 29118 28724
5001 5182 27840
2753 29978 13844
1696 20618 17129
27750 10331 4272
5236 2629 12930
10514 4689 556
19831 1622 8577
318 26848 14377
24199 29266 22579
8436 6278 25018
26616 27644 22631
1251 19910 5610
23157 615 2600
5668 29016 13873
26401 3747 8874
6766 6742 8546
27597 22105 7973
8660 25425 26386
16311 12118 28813
10175 14346 6682
69 10568 21105
24915 27205 18314
13271 1689 7824
20429 22994 23209
9326 16522 4651
4845 20216 6143
6703 21122 6226
22878 16800 24319
3710 29210 29107
4738 10083 24004
25675 10227 15314
29886 18732 8129
1298 13683 23710
16006 377 10693
21325 20656 8561
11653 14458 20019
1171 28107 28290
25770 23269 8185
3648 5785 12130
18515 4435 16519
21359 19795 21667
7090 22536 7782
29718 16172 7719
2733 5100 26048
17703 28993 25683
13259 3860 2378
24617 11515 796
16895 22979 29086
6618 10753 14957
27526 2630 26940
19103 7505 13107
11789 2858 7238
12207 25107 10726
25728 24901 12675
5085 15656 4435
24161 27085 9517
24716 19726 26331
8416 26480 11030
29300 3969 9926
12274 18649 2303
14496 14210 24001
17355 22162 23446
9824 27169 10481
10573 22625 27445
3400 4001 22881
18151 10286 17886
5167 5731 16227
16006 2529 23104
18445 16300 1583
16421 11485 22154
25090 17288 4913
18065 24585 17477
22056 24151 7796
6955 24648 14361
22364 10405 28229
26549 28167 25702
28925 18577 13812
1768 7295 2132
14632 17123 15633
11797 7355 13294
22251 3483 10089
8160 2088 10463
8553 5603 6409
7868 28486 29920
11660 18355 1844
24550 24366 1278
23128 2477 13160
27136 15170 29816
4981 14463 8271
29168 18271 24006
12366 11466 18395
21839 28816 20656
11009 16346 23878
4414 22714 208
7534 10531 11495
384 9996 28252
19921 28184 19813
26692 28308 6643
2740 3115 23283
23970 27541 3101
11590 7516 11965
16047 6165 9911
14559 8906 13386
24546 16242 27015
1073 29997 15044
18585 3088 10215
26155 20884 21789
3779 28332 7672
8524 19266 627
22065 6882 324
16123 19554 17050
10693 1550 15332
13554 6974 2499
22049 12982 29843
11088 4868 20392
29243 10421 13973
9123 11382 27113
10748 29387 2966
10541 27312 10080
10954 26956 19816
15737 11678 13711
22673 15013 25313
18682 3444 26521
16097 17287 479
19989 28491 5598
8739 22769 945
26138 27894 6957
10042 5199 10360
29996 15921 13619
12054 13304 15801
28491 28465 6787
27910 28686 18716
5207 27664 12140
25601 26386 11514
23976 29486 15290
8679 6886 25365
24209 26738 9631
3128 4687 25114
28559 28434 23050
17787 6165 7035
252 14497 5934
13047 17915 10677
12427 29617 22213
20370 17830 13535
2001 6844 8805
10538 17703 13126
17239 17287 10810
23697 13535 10768
20351 5843 28648
26494 29069 14804
17329 3349 17391
4928 21734 2947
26165 17588 10788
13255 23555 21005
1017 29694 27996
20210 4646 6523
16859 10846 22043
8437 10325 23832
15410 10426 1567
22875 20474 25015
9215 29902 27877
25881 28158 22710
17640 4133 22388
20551 26773 16727
14634 25977 22049
29441 26890 28183
12670 19220 3034
487 3587 29945
328 368 756
7105 2495 1143
3181 20757 1725
20925 16538 17208
8979 25298 4285
6699 24023 5448
4988 16702 22322
16229 17207 22245
2059 4979 13896
5801 9072 17605
28290 23607 20132
7758 15849 4045
26996 4313 1608
10209 22560 10997
6209 18266 29272
19483 9850 17244
1278 22661 4019
2537 22156 12003
7864 24580 25710
4963 1120 11595
13448 24432 2550
25784 22732 21631
11189 5397 7826
12180 12163 17492
23206 12190 6716
28061 8574 17730
16489 5384 11682
18370 14153 25082
29766 14702 1543
23261 8823 23065
23954 6466 21594
4225 14378 24738
5755 17359 22175
22194 15672 6284
26932 20203 3549
24564 18238 29791
11704 5647 18496
18866 21627 2297
13859 8099 9533
2646 25381 28083
14593 3456 7522
24801 11556 28420
106 10277 16264
8892 11719 28962
9631 13574 28519
5468 17596 7629
26458 12110 19793
25341 20868 26496
11365 3777 8725
12564 5777 10263
4504 29252 29378
29861 9088 21003
16028 28591 28008
14431 11023 5499
1270 28868 11444
27865 24775 25744
26644 24313 5971
27269 9537 8573
26426 20740 20835
22330 14002 19723
25741 21978 1264
20929 17776 12579
24913 22739 12406
3384 20705 21533
22930 27960 25649
1638 17644 29833
17324 26819 2112
18391 15715 16262
20634 1526 25128
26562 790 11423
17933 27713 10128
23052 28872 13952
7846 14670 27382
27526 10474 23946
13544 11058 16479
12380 28183 11967
13821 7789 25814
17285 19374 7966
11844 14824 3449
29750 5295 28174
3650 10740 9327
11852 23720 9850
2043 27348 14631
27381 420 18751
22066 14386 20880
3315 14841 21787
17564 29265 9787
16896 21195 21725
23928 7846 3662
4092 23206 24267
13744 25392 3835
13429 22033 16315
25994 20368 29851
17844 12582 26116
12838 4064 15936
24873 21662 12059
9048 28308 14798
7391 9009 405
29797 20710 26499
16671 17217 20398
29239 1051 25751
23556 10217 761
20773 20608 25709
5811 13957 17310
9549 11490 13304
1589 2575 2194
1927 20463 4438
588 22901 10744
24181 6975 6300
13556 9569 3013
9464 20999 18042
11904 14007 6922
3781 26451 19500
9623 28121 1431
1323 19741 28170
16198 4311 12989
25851 21853 23623
18563 6166 4038
20897 18573 3670
23939 10065 13503
23614 9060 6076
2229 6804 6270
6571 15664 17208
29822 3826 2003
24928 27350 24479
19445 10762 26692
14638 29507 15418
12043 9106 15245
8890 10683 13724
4949 26347 25860
10315 5968 28107
18387 3626 5892
1158 23001 5622
17725 20252 5586
20460 4482 22910
396 27649 6472
5334 2962 171
24297 10928 9011
12140 15210 15083
27522 1857 855
26120 19176 15605
12798 17608 29626
15028 15509 25703
24986 22729 10079
12161 20716 2503
16230 22381 23548
18697 21274 26077
11889 22245 14005
20279 4445 17239
1745 4044 7909
4763 28985 21694
12021 5498 29530
26019 7739 2333
8449 20202 22224
12463 130 14415
9164 13128 21237
14480 2567 6433
7408 1496 5375
1087 6521 29058
1847 1505 9111
862 19092 953
14357 29484 10378
13844 5865 13624
9586 1820 4635
2713 26166 10231
27039 17266 27548
24251 14393 2475
17559 3154 9199
10621 4077 16537
23129 12539 16911
11275 18905 5317
3544 17086 19278
29930 14326 28161
19805 16273 12048
18598 11725 275
20238 7555 14185
16144 9266 22020
4275 24627 10822
20212 8605 6683
17078 16422 29189
2178 2615 19138
20319 9293 9883
16678 10836 9093
11977 23923 824
2194 15941 6243
8522 24500 4127
19807 20971 4028
26902 15728 7647
27609 26595 25643
3839 20261 25912
1698 12392 1987
5328 23009 18422
4833 21884 21988
21938 18128 21523
25849 23975 9654
23932 12317 19836
14738 10331 4490
473 15039 16095
15179 25628 299
12393 1155 7340
20315 9257 11392
21704 18274 19155
13840 11202 821
5503 25070 27572
29611 16367 4550
21913 26500 5044
23691 22724 25719
7787 26858 5367
28806 19704 27449
6839 25755 26436
16674 1132 14962
5802 6537 28447
17333 6584 22662
25468 6445 17955
29808 16000 21980
26016 13617 18779
5383 28229 9577
13826 3007 15597
29534 27739 17671
28921 12828 19876
5423 15668 28733
20424 6482 12561
6347 3389 20206
25839 9187 6196
19734 22995 23635
18658 8178 2471
8134 24082 28037
22630 3274 20691
18867 3095 22297
5422 13121 1535
24978 25722 22127
11022 10669 29230
23198 21580 23464
6626 3682 18161
17901 19933 22005
27424 22664 14958
3719 3176 16337
6802 5466 14358
13829 16123 22304
5596 21083 16902
26703 7076 5983
9620 2322 291
5771 21962 22153
15925 6116 11192
19937 28153 4893
22229 22977 22554
938 22045 26678
12744 15066 24562
16145 24540 12508
8650 26739 8224
25120 2398 20885
1744 4172 24927
3671 19876 22614
28442 6889 27288
466 21652 21208
27655 3535 5902
28071 8193 24603
4064 17828 7319
24875 22759 26752
14061 10909 18085
20916 25239 10354
18186 14303 7657
27758 22121 3990
4407 18904 27570
3059 2518 15435
23282 22973 29699
25665 23320 19554
2070 20175 3061
12857 1512 27518
13856 20827 2493
26988 7999 11114
15363 26097 14555
14207 17376 20189
5183 13258 4875
20817 18954 468
12162 6099 3514
22529 839 2424
7477 17939 6326
12570 22174 3661
15152 5717 10351
20843 770 21489
14900 7105 27768
26739 22361 12610
26662 7042 11213
1236 28654 18805
5837 2287 16185
6462 4583 8574
2757 17410 14969
7527 13227 19135
15201 20174 10080
1128 17739 3357
26958 26002 18140
657 9026 24766
5892 11701 29508
28723 20096 2397
29465 4879 23134
4896 21370 9143
13247 21408 15097
542 8073 21853
27202 9002 24573
8089 29504 7207
20499 7909 2377
22304 28578 21998
18180 1730 12230
23726 4353 23697
17547 17625 12144
1325 16194 8362
15855 9364 16854
672 372 11230
618 8190 16264
5941 19832 997
19481 1980 22029
7395 3877 3590
18385 15498 6431
17832 29334 29867
15229 26139 24503
21391 17802 6529
12877 14850 23020
28232 6311 5850
8695 19192 13688
27251 5225 20187
5007 10222 12889
8840 3492 29068
5874 20031 20286
2127 5486 10895
1406 14837 1376
12394 7691 18437
1437 774 6226
23447 15492 13761
7823 18385 16405
27523 11012 8529
23405 4325 25939
1532 16774 10472
28330 19974 17446
24616 29080 26225
29725 8413 24939
4302 15610 21611
10032 20757 23240
10923 15589 24491
16617 15253 29062
16372 24645 19398
15439 12311 13547
28823 23142 6860
27912 2717 23984
14559 29221 17410
18095 17086 21249
23853 7323 4346
9154 22442 22225
22309 16231 1238
20575 15334 10008
1563 28223 5508
9355 5773 28538
10800 1661 23156
854 8009 18406
19969 3747 18789
5560 2845 3916
19312 24765 29094
9007 18970 3823
20877 19848 20333
26659 20859 2597
28326 27305 6738
25770 26056 11564
23209 19447 20912
7419 28514 27288
19093 28385 29107
27102 29464 7753
23737 3123 5381
24802 6297 13975
21030 15224 10066
16925 4651 26598
26950 16852 11030
10204 16886 23408
21422 16519 3104
22452 9565 16839
13948 2151 25459
28727 5211 4569
11142 13581 21161
11581 21092 12241
26167 29436 20322
26574 14920 25552
17848 23399 17108
9254 28279 21979
21552 12679 2057
8819 25236 7564
20981 26286 21529
13329 17896 22031
20358 10545 3717
26942 23237 8600
18391 15871 3097
21808 25723 12071
63 9120 1259
23884 9403 6272
23788 17978 9783
1627 23510 387
11469 22989 10165
4216 23180 10759
6524 16383 28784
11804 19504 24020
22285 15507 26313
6996 427 25257
19002 14603 15409
21592 22181 12612
11849 20751 6171
17720 26124 7017
24014 15829 2108
11582 2880 25119
18980 7153 1740
11587 15802 11220
1439 9391 10841
4689 1689 23623
20331 4572 8401
22721 27188 7611
13501 18451 3208
23100 17744 17759
13016 24167 18355
16755 23118 12335
8418 7636 24800
12888 14217 25029
20502 13067 23513
28822 27596 16978
29749 4449 13135
4611 1612 7120
21386 694 5418
5475 21805 8244
21143 7394 6720
15014 14101 2163
4411 28726 25836
12024 8680 8444
22846 23134 15619
2077 21513 4700
8421 12020 9734
6899 22246 18893
29363 18042 15405
8553 22387 21623
5495 5968 10648
24109 14500 13825
7508 28935 8993
18667 19167 11080
15353 25733 6271
6396 7629 8534
5698 21932 29944
4048 13915 18830
5021 23461 13589
12439 28239 11215
6849 15974 25000
13718 129 13372
15639 15379 21916
25902 26679 22432
21023 11274 2681
22360 8257 8963
28668 1339 29857
11603 7644 22452
371 5392 27738
10922 23644 8173
21228 27122 16754
24970 19592 13607
5067 21432 28938
23395 79 7757
485 7515 28275
18105 5760 25490
8798 19295 2370
6431 28709 617
28076 487 27971
10854 11970 7391
12649 5494 4882
12687 12089 19744
19557 15887 24003
2825 21191 15127
27484 27988 19369
27795 22646 25046
12628 8496 11489
11484 13688 1226
22739 433 29240
24158 14468 23127
17812 21247 5535
26812 10209 17035
18004 12175 6327
14253 20288 28205
25766 7209 15879
21807 25406 10067
12980 7823 4075
19114 14954 26246
11188 1367 5056
3170 5247 4489
2365 13441 4766
16712 20977 18543
318 16320 20234
17119 27682 26918
6698 25447 19449
18017 2986 12459
23702 24472 3705
5259 1054 10183
11351 28425 25417
14551 11117 17307
19823 11885 27082
10348 10126 14857
584 22273 23160
3819 18625 3149
13026 24771 1196
2591 9395 25255
25564 1813 9721
24554 600 28210
26580 22281 3584
13860 27765 4560
20224 6792 14323
29685 6394 4805
25941 13067 18215
15693 2076 3508
11851 27207 11429
23744 21515 8446
20690 3797 14430
14781 25573 20504
15924 22948 6730
7659 25599 1970
3078 17347 20360
23228 28552 1072
6946 11561 28653
13700 28554 28958
4654 25740 4927
28197 23342 28785
22900 23300 4072
3375 6599 17832
20238 8878 16450
20712 18439 1384
24718 15536 17800
13735 3933 18798
20480 22794 18050
27627 5132 22430
8836 27354 3856
23267 28948 24762
16909 10273 21077
22443 6985 7946
6295 5492 4009
25340 24619 2366
5996 21322 6022
9487 2333 13551
22578 10313 12663
28327 29711 29821
27836 19137 11774
11478 16150 5142
14349 9719 27522
10582 11983 14392
29821 17232 8202
24519 23500 22722
27341 25046 16737
19656 27762 27043
10269 17951 29644
422 23978 26763
5343 18499 18367
10561 11261 24646
3577 22035 10193
16690 5860 19233
28383 1770 6501
7253 13557 16796
3835 24854 6773
15573 25189 12027
23113 13960 16547
21882 19589 12393
1910 8747 7807
14625 17260 9869
1043 21198 15457
20281 20808 26312
22477 8701 5367
10410 21899 20539
10212 28097 3037
6868 5623 23607
16157 29620 16870
13558 19082 27827
14001 11129 15706
17057 28186 28460
18496 27280 11465
8367 14662 18868
20883 6366 5104
3806 17378 16335
13439 13802 17786
20328 29279 7637
21118 953 464
27168 27815 27772
5328 24510 26608
16693 3868 25532
7465 7852 18430
25382 4032 15871
801 784 519
14402 17822 9727
979 6690 1631
18209 23215 24889
10319 25958 27360
18111 20626 10300
11125 25497 3159
20830 429 15330
13856 5634 750
12243 2721 20456
13869 29461 26720
4653 15540 28303
28941 6153 8147
6916 28130 6484
16109 2629 18619
24390 7355 29059
11881 12241 27959
28291 6598 22290
13915 5067 25351
28534 12596 5299
13581 2684 21273
6928 1042 26585
19859 9667 17031
16290 25547 7029
10984 3821 20066
27471 4450 25542
4448 26173 15306
8006 3005 22414
81 21677 16719
1708 20015 24872
25789 28090 6774
1250 9218 8236
11431 18015 14121
25588 26950 1288
28011 8282 7868
22632 6916 5059
16154 7513 4895
25857 21432 29563
7897 2869 17155
4618 12286 5392
10928 13954 23472
18419 25741 1874
17113 25733 7650
12683 9869 10637
22000 28718 17571
18162 25510 13832
26136 5149 23765
18336 3499 22544
9954 397 11609
22357 3544 19746
22381 29507 18904
10743 14154 24711
21637 23515 18662
11600 24724 8983
20631 20530 12239
13989 28977 7458
26581 715 6462
10843 27300 10216
18006 22479 26211
21435 29146 11386
20490 24626 5504
26610 11483 2661
6505 4714 4763
28089 25862 3681
407 24707 8814
29649 2188 63
24473 26430 19763
1896 28805 17185
25788 16781 25225
28965 29690 16629
26980 23734 13431
8664 23900 13143
27030 14788 10785
19864 25813 26788
15804 23376 632
20691 11797 4617
29158 13522 18144
19413 8278 26319
4480 4934 27246
13782 18101 1342
15774 18776 29356
29542 11790 11524
17817 24023 29375
213 6981 22931
26528 28760 4985
17232 29893 16608
5947 15885 20592
18080 9000 25705
6714 7069 9505
25 29645 24408
21976 26077 23735
6196 10254 675
6267 13935 1543
25716 6980 24504
724 5047 9883
12777 5574 9762
11026 29475 13739
7747 27586 4476
6305 5554 12920
16933 24369 12452
7654 5418 19714
29129 22013 6316
7346 27292 18324
19155 2543 7241
20187 12541 26420
28326 27589 17260
12477 5241 13705
18488 15724 8473
1880 1525 2555
6094 26685 4197
24270 665 28663
4655 2191 18572
20731 25228 22080
18123 5561 17617
17012 21355 6202
8466 14410 28782
4475 17938 18942
6739 27733 16993
19702 12529 17693
29481 2137 10125
8641 6392 16418
3670 29899 19003
11711 3901 5190
2259 10135 10620
16795 13044 25771
25633 4676 9604
22146 26326 2062
29715 1520 11537
14269 9824 9416
16444 22141 15513
25400 23957 29933
17991 22451 15613
16931 1452 24858
1237 28986 8458
17566 798 26696
28721 23261 13078
17841 885 1386
9431 11367 15730
27716 8396 4536
3634 25165 20810
15 14598 21160
786 1269 21927
494 23176 14862
2638 4284 4742
24167 392 24971
26728 4710 5779
18442 26851 11414
4929 23417 26172
14756 26890 21106
3547 3175 4388
8296 22869 23808
22067 881 29029
2886 14366 10910
7604 11275 19534
17643 26706 19893
28609 11275 15749
16518 7088 5926
8374 25095 21063
10132 28064 22302
16510 25032 10968
15547 3937 14122
3674 7883 1479
26109 19247 1219
23667 10450 29842
15510 3099 6199
660 561 18124
27520 18481 12586
1190 27163 3198
28454 20296 19237
20548 19921 27757
29632 6540 12273
14472 6274 5514
10381 585 20326
5384 27606 17658
1424 5607 13573
8084 4679 25721
6487 6629 3308
27992 19521 975
15851 26011 1634
7827 2307 29247
28791 25863 23422
26122 6788 12940
15632 8975 14443
8825 29703 27116
15750 15202 19269
24967 3996 15411
24143 3996 18888
4272 10376 5661
6207 21048 19776
18680 12979 13283
15177 29196 29632
13558 14310 17350
4072 9699 20120
553 3015 6616
15307 21202 11573
9199 9708 29862
17571 24041 15868
26359 10923 27470
13731 4755 22786
22856 2079 17873
27977 5154 16101
4926 14412 19505
21667 16434 27568
15575 21832 6407
18310 15398 1952
22299 4731 9898
5147 17175 24069
13667 9868 27287
24753 21259 8335
22333 20651 14566
26682 16111 20952
23531 28043 8525
2630 8658 18095
5331 4889 12856
7375 17388 2693
22457 13040 18227
20849 10672 15253
29470 4985 17691
27001 27833 7459
8587 5121 16704
11816 800 17499
16020 1518 10233
26502 14118 27638
14555 19358 19436
3268 3844 14971
24869 19505 16246
6244 9694 8387
15559 26535 28164
29491 1820 23612
19130 303 18858
11741 7730 27610
1403 15368 6228
5041 6594 2408
17933 21483 13534
14639 22758 3042
10104 14819 20761
22771 8621 17064
28348 4040 1115
21780 2449 2981
27988 8719 23717
5539 17763 5463
25492 19155 29919
10750 7658 3622
14338 4095 25903
21286 17409 6482
9308 16883 6075
29600 23802 15308
7718 20484 11490
15008 21233 18056
8844 19049 21906
29912 6933 28110
15846 3171 5331
4785 22751 18691
23242 24087 17516
16614 25649 8915
17031 18194 3846
26420 27359 21868
20841 29233 25576
3231 28447 2744
9095 7908 19063
24702 8787 21619
111 8832 5711
2116 25594 20985
28246 15095 27414
13937 8097 19979
11374 10102 12666
22066 6570 23764
7511 7866 1484
6322 22716 3965
17706 25393 11209
16827 19772 18469
27762 21402 7789
19177 28527 29680
28377 13179 2681
10417 6114 1604
7971 13434 21277
7035 10881 9170
10715 1482 15274
28709 14551 3865
4143 17184 6432
19245 28428 5305
21131 5288 25218
27638 23640 771
23479 5325 3166
6136 27937 5336
25690 5724 15251
16146 11014 21627
11839 7474 25275
9029 7451 23154
29495 7006 26664
933 18910 4781
22493 21323 13023
3738 4655 18996
6446 28680 12274
15165 23692 10422
18298 6321 4088
8636 28752 18874
24216 19406 29563
14287 12034 1621
29127 11522 3245
14081 9363 4236
16446 16115 21015
5328 1416 26319
2193 28893 8902
9172 23448 9135
9674 13111 5508
14238 4774 5998
3171 26987 13439
12612 20830 1772
21794 11478 18599
2593 25984 5064
4130 2536 16689
22786 16516 6688
11608 16541 20502
16321 23882 14875
3642 9204 26198
19745 29408 15428
26910 12793 23369
13451 17737 3878
29109 6304 28886
16326 22793 21820
22231 28385 16533
13465 25979 18169
26176 27059 14956
11129 19222 19115
17736 17097 19919
29413 23036 1633
20271 26226 15545
26512 15559 21695
18420 13343 17825
24017 16437 1977
21133 5442 22657
5934 8827 28529
21618 7398 5687
17499 11692 21623
18418 15668 4289
19114 20067 16188
26112 26867 7651
28844 22210 14576
26649 10682 6006
8181 8721 1038
18143 20636 15644
290 29887 29461
7937 3520 20125
23860 10584 14488
22193 1599 29374
14981 1132 1844
14666 27462 21961
20249 27618 16834
10518 19135 17478
29724 6346 4966
45 19793 17070
12519 1920 23310
18941 5700 13872
17905 24202 25494
1499 12787 21752
9485 15434 29373
24977 10893 13838
12034 1715 879
23506 2334 9095
23331 16882 10557
13800 9909 16026
8435 15234 26428
5803 21666 2853
20495 29016 24342
26742 6521 20838
22070 18928 2910
21725 29183 4189
13716 4576 19246
21999 17652 25177
4744 2281 3549
3308 29732 15118
4133 20079 25954
3481 2302 12535
9854 26383 15762
18814 3549 22931
25452 3238 29044
14421 2048 9728
16711 4133 23747
15522 16922 4079
5209 13505 12249
22160 27004 13574
17610 17895 3844
10427 7281 22375
14171 11017 7549
23585 22945 26670
4954 3506 2391
2451 2367 15945
4757 8207 14002
3616 26309 13751
22850 28872 21361
24955 18947 27770
13113 13747 24127
24277 29325 1447
21371 12516 4145
14329 9967 21985
3894 12554 19745
18346 26463 18161
194 18082 29101
12110 22591 23394
14224 5901 17638
24260 7380 21390
14793 28785 10851
14034 5572 7631
26939 11313 8584
1407 16613 27565
17918 8599 21804
21411 8971 11980
19347 3452 3246
23266 25727 6251
4836 22194 2397
1738 21214 27133
19166 12683 11742
14362 16636 17106
12380 21005 16738
10096 21292 11261
5552 4184 22293
25663 23047 7503
14207 14217 7194
9126 22004 8927
17770 21838 4001
22458 10659 3597
14183 19463 17522
19087 9656 2554
26275 27501 27322
6002 8970 18484
22598 18216 24408
23796 5979 2008
18394 27352 2185
14270 11284 18785
28202 5260 1048
13396 4129 4390
28278 25094 25535
28315 4271 2498
15537 28339 21058
23117 2303 18537
18342 29474 28177
4196 16898 3019
14709 6281 7771
1023 9318 8850
14631 10501 7016
15278 8490 22494
18142 8207 29224
7858 20385 14950
24624 24208 10513
17795 26471 21247
22902 16435 2662
4071 14378 16098
21210 28975 28076
27465 25495 16020
22523 18292 2820
18172 4437 24812
9401 25723 12238
26462 26240 24842
19779 21141 6373
8417 13601 518
4865 12613 27837
8495 19874 12697
22001 3423 12555
19659 29302 19737
26826 13577 10976
26166 5679 18738
29757 3502 10440
1356 9705 14988
23599 24466 29833
7955 5494 11423
28067 25168 971
19890 12181 15835
26137 955 8211
6748 9114 10385
9570 5895 24097
18311 17672 21531
11330 13108 11110
27251 24368 25036
26903 26935 19704
12166 24482 131
23471 13712 9363
22373 19091 3916
15480 23114 24120
1839 4388 8930
27295 9249 5046
20921 846 1627
8786 633 13448
1652 7338 18321
22591 7219 14823
13976 13228 22586
29061 24310 11679
25292 29809 11319
18971 12208 29285
3055 19786 10428
16027 19268 27081
4231 22946 11264
17635 25243 9617
9700 23545 16834
29281 14692 4732
29670 6457 25199
24947 4174 29750
25444 15213 4371
9743 28603 18772
13214 9242 11015
17450 15185 20428
25100 21563 650
19269 6492 3778
25754 14573 28016
13205 15468 22840
28221 14917 16955
9240 29005 5868
356 8677 16638
1342 25283 27451
11511 1092 17350
6936 2396 1631
19864 1160 6610
20854 28017 2565
4271 9705 22682
2349 10262 12302
3906 22953 10677
27122 7086 23602
5066 13209 14830
18508 13220 5854
19373 2036 23453
2600 29302 6035
24312 28733 4465
16278 18366 18168
5538 20906 22976
25306 29098 29614
25138 5304 19501
1531 25401 3311
194 11067 19108
29189 9499 1772
8646 18116 20232
19999 321 6024
8119 1550 27584
23001 17728 27067
21157 4902 230
22461 21114 21454
5185 12513 16274
12973 25139 20996
26667 10705 29382
11438 21633 4753
27298 19895 28512
17078 21119 21005
28319 28521 19948
11267 4254 13408
21468 10325 17046
27011 3014 19618
16288 5682 29634
6200 10850 27462
5931 22577 29611
22520 16350 7262
4653 22577 25466
6949 24963 16370
2004 14662 12502
16589 15394 5361
867 5140 25371
10100 14604 16589
8888 3115 7381
23110 1595 4579
26189 8991 12235
5130 17061 24147
7736 11806 23477
21020 12042 13644
5774 15673 12154
13942 23935 22351
20638 25106 12468
19186 29276 26632
8606 8238 20567
14237 20882 21505
15381 18725 6325
5360 6998 28460
21740 19992 1661
2320 23594 24013
13269 4159 6660
5984 3651 21263
14857 8416 19524
23443 25943 14958
18477 14616 17281
5502 21517 11511
7735 5134 15946
4097 28358 11376
10118 28119 12444
23431 26956 6074
5464 7280 4533
22958 7318 2809
17276 29814 21037
16767 7024 7390
9036 11749 19888
4419 7019 22033
12901 17701 176
18427 29746 19456
14726 3805 1946
17053 24123 21179
21556 9974 15223
2292 16206 19506
10172 14569 11329
18625 15042 26391
18889 7190 3971
14839 11539 20606
23106 6606 14110
10197 23525 9447
18306 24404 11735
16393 18813 1241
5906 5731 7741
10482 17366 24951
10920 6447 20018
25115 17211 15580
26256 16592 19071
367 18381 733
10188 23914 7470
21607 21018 16119
25433 9916 12986
2310 8456 10988
19083 28181 29840
3462 12065 3779
7614 23778 5592
7101 5823 452
21096 8308 22293
14034 21769 12185
22510 2769 4399
2524 26283 17801
13822 3972 15302
5164 16798 28242
10638 2048 3953
6054 411 869
22743 887 16240
10747 17903 2749
21457 2551 15967
6069 2376 4771
27383 8170 11564
7115 6168 1903
5507 8170 13661
15781 24944 7858
2071 8459 8482
6871 26545 28146
5492 6842 7409
17672 12898 29696
2997 26282 10304
11504 15901 27387
10384 8335 28840
28153 6213 20871
6343 14923 19632
14183 24518 27939
16438 18938 1054
9190 29605 14335
23425 19240 10399
17208 17306 20290
27109 19983 20354
23884 21484 28897
24807 2535 8747
11371 27828 13503
17831 17766 27035
10153 16014 4349
17726 26703 16762
27342 295 8312
8492 8484 23642
26884 21168 15920
6591 24135 26908
28993 15638 23302
7406 3018 1032
22989 4170 8412
21959 13029 10202
24365 3162 25767
20498 8059 17552
538 2643 29076
20205 29171 18889
27145 6852 17300
11219 6695 16487
28246 13996 4524
27454 8799 15654
14535 17886 25713
20763 51 12314
15970 5878 2901
26056 3028 2103
13448 18202 25169
6099 17808 27236
4387 16368 18294
470 22127 19687
12555 18345 9255
17072 1178 6412
9517 9919 16744
22476 122 20502
9795 6963 27251
1521 5870 15648
11654 13916 23470
8787 12469 9510
23575 17038 23056
26012 25946 28776
27552 1556 24550
26782 29210 17573
24725 9728 27977
9863 13946 13906
25184 22025 4950
27297 5088 16202
24106 14021 14797
12582 27402 29597
10978 913 6339
6805 18741 6790
26060 255 11944
132 21986 18393
4223 20789 15322
19672 27866 2996
2994 13247 15418
18145 20527 28710
8597 6691 12185
2475 24733 6319
19463 27916 10011
25771 368 16144
17642 12869 1768
20120 29023 17188
29528 2112 14052
17787 29245 16007
10994 22657 337
20460 28260 12960
13155 2316 29309
3551 29783 15457
5251 26938 6032
1358 4207 23020
29022 2239 17518
27556 5827 10073
7908 4627 27394
15428 3790 6318
3852 16639 19529
5437 9528 22615
28183 6047 12762
233 16872 13461
28101 23965 4744
21220 1038 8797
23664 13062 19258
28151 20309 25583
18452 1356 17819
22430 16657 27667
23171 23015 3429
804 16068 28206
2714 24780 9058
24213 9858 17132
3312 13907 13360
19187 22542 8433
27398 29625 17378
2198 19887 19944
26154 21248 17205
29043 27293 17847
21098 9067 7777
25472 24506 24123
8780 22426 29778
19266 10445 6316
4733 25494 24979
23526 24608 1390
15515 8601 17684
16874 7044 11628
25067 2636 17251
16184 26685 10578
18677 24174 7752
23425 12818 17292
2756 7461 22227
1379 3352 15895
28926 19306 1784
1969 11782 15396
29601 10258 8896
10257 18045 20673
7949 22275 27928
3732 17092 12257
12214 4690 21740
4381 25902 12595
15214 568 27640
2771 14897 19674
14973 29467 22511
5861 13254 11653
15958 8600 15703
26649 23031 7629
20615 14854 18362
24219 22687 20871
22537 23134 967
28629 17044 18858
5354 12831 7881
19404 28233 22654
12942 24832 7778
6605 22042 4252
13456 20106 24481
10720 6429 7186
15562 25908 14006
21800 8538 159
10386 12080 7701
8511 1476 17427
25431 12636 9091
13015 16153 11344
18396 25154 599
8484 9006 28291
29413 6467 13790
8390 23939 3782
9231 9970 10460
16138 3634 6842
26741 25958 17771
18699 468 3551
7832 15863 18329
5945 2615 29164
28438 910 26998
2227 3367 18917
6303 11600 11819
18638 20892 14085
28746 9367 3195
5736 21320 23638
10779 10300 5266
22259 12455 878
23216 9108 9936
5328 826 14621
20977 24629 7557
20959 19464 13440
21084 25948 16280
4843 28624 13399
27577 24070 13168
17841 27120 14161
9834 23284 21086
6126 20187 6623
28302 453 7183
5384 3571 12514
8879 13062 1803
27365 11624 23422
5326 944 2751
16735 6968 2706
2440 15127 22541
24095 25171 17199
16964 29935 29493
7154 24090 20365
23219 19323 28395
26042 21833 19543
18224 16380 21968
15592 17657 2779
12115 24733 11802
28142 23355 14707
16079 9820 23542
18310 1499 27563
10862 12193 14948
2231 4011 16406
14280 21541 27272
11876 19183 23602
3189 25226 27748
4039 28298 49
17979 3860 17716
15642 4579 17409
8223 13978 10918
8254 14225 12440
17998 21872 25411
21924 10038 24329
8108 3354 26884
7749 19695 21706
22530 25899 21200
17593 7867 1891
17381 25826 3883
12971 12991 8416
23443 4818 18646
13298 3257 12071
15113 25660 5740
7158 3007 2530
7288 21317 2766
1790 13211 19292
7590 24792 21460
16857 28774 5756
7945 4005 18582
22726 18469 4267
28577 15829 20721
2602 9515 25470
26826 3051 10634
24832 19770 29890
15999 24989 20645
12003 18864 20068
13132 6172 25303
15360 252 5355
8204 1999 15764
21539 848 9145
3012 23434 9888
9775 7072 14261
19289 26319 10054
21590 27966 15345
9169 7698 6511
29371 6969 18701
24036 2752 6879
4024 29178 20482
8648 13859 17064
25855 3858 26994
22107 10994 21229
10792 4235 12302
25339 28869 1977
11938 16097 8761
3394 17766 10447
25622 29434 13032
10171 6339 18178
7528 13499 15499
576 5355 22083
16211 8604 17424
9359 18228 22717
17708 29579 15432
23514 16572 4412
14161 3784 14861
1928 27063 16298
27801 22270 22191
27631 8460 12283
352 6299 6070
8802 2660 18896
5182 26734 17628
28339 15258 792
3818 23115 7696
18778 4693 5042
4851 22034 17630
21786 26554 12268
8878 14958 19014
2429 16468 21172
26953 23386 8607
22572 19453 24990
15439 17458 26219
16443 24780 14157
1093 2080 1045
255 14531 23574
25577 20073 23129
15958 7722 20591
3857 21582 12753
6247 19965 16163
19112 12966 23190
10206 9385 6345
21809 11173 15428
26001 18677 875
29838 14989 7670
411 20333 2277
13693 4654 24309
5407 7001 7095
6436 16484 1065
24563 8692 25368
28145 5117 6211
20537 16904 12777
28605 22627 25817
11487 10461 6890
13031 11925 10798
16415 21367 12846
27257 4773 19452
3522 29551 11529
21123 29056 6429
28450 15997 28384
21210 28891 22693
3240 13523 848
26107 2376 10767
8809 2610 3860
573 4515 18036
11272 13171 12246
3091 18527 4451
8232 6193 4605
22174 4574 28122
14861 29449 10414
22539 23190 4213
7609 25061 7304
27973 1294 28218
27687 13060 23624
9565 18607 13316
11851 17140 29447
24456 27981 2814
23067 5073 20585
23636 14871 25295
16291 25635 17894
28704 9325 2003
18778 24090 10146
10570 3111 7924
19257 10098 16449
22356 20007 25317
13583 8650 28200
28400 27750 14288
10873 1879 21468
19113 113 18870
28861 23515 10572
13275 26798 2285
28463 26566 25868
9782 3962 12625
16600 11312 3082
11666 26366 15522
8799 15472 4096
21971 10257 3973
25946 11597 5946
16294 3284 16800
29901 15480 21402
3308 3225 9013
22347 3427 7824
1797 1942 6256
24513 6252 18348
2442 17327 16070
13114 11748 20594
26201 23040 16994
16942 12508 8198
14272 29485 21504
24603 29772 21120
29884 25261 12982
15471 13259 9110
10522 21647 25237
13794 26283 19235
13383 14474 896
13345 10148 8785
16849 19365 25258
16840 10810 22192
6534 13340 19993
11444 20042 23067
24913 5741 13329
10396 21813 29829
1250 23357 16220
27150 23109 26416
27219 16018 9813
13542 29985 7179
26235 1251 20679
20658 10724 9545
2459 8487 16619
14798 7649 21970
26121 6842 11772
12133 7865 19331
14081 6994 1124
12328 4639 2597
26892 8515 582
25084 14391 17264
18018 10203 6558
25650 11636 1261
20980 28324 2072
18442 29913 15319
29910 26741 28187
13373 19709 7716
14169 15330 20138
6610 24106 6733
16988 18996 28538
22866 3582 20296
13288 25263 15437
26254 2052 2621
29990 226 29997
28011 14983 9123
10193 13178 12260
21489 18782 16329
14716 7304 2651
6571 5230 5842
6082 11368 1515
26907 10618 2120
5367 6127 4451
8429 15786 13451
1582 11785 20562
4073 3732 26372
25036 29225 9180
10107 28930 11734
29781 21562 29030
810 8286 10893
29375 6276 15753
20992 7035 28000
16594 20265 10381
23428 22073 9423
7758 7372 11990
19196 17845 11099
27981 2444 614
26084 3281 22746
15189 22557 19695
604 11242 7248
337 3274 11340
16215 27538 20761
26614 5252 7845
6159 16881 17183
6848 8085 13157
26582 24593 9759
1358 10637 23894
18300 9795 10301
42 12304 14909
245 17456 27454
26598 6848 29517
22813 25128 12426
1282 7529 9284
20932 11484 11990
26502 13922 2286
18728 17948 4432
8186 19716 17745
27717 28149 17439
19717 18124 6973
11984 14926 10882
18818 20151 22548
20816 20839 16086
14727 27916 29145
10812 7795 27263
16569 29051 13263
18271 9489 23725
12431 8360 28649
3433 19947 25193
11086 25214 29025
7711 29255 13053
24172 10937 30
15969 13373 4226
28690 23349 24749
22794 12341 26401
24462 3449 24990
28116 22164 300
4199 22021 15984
14262 17192 12009
5326 17404 9918
7074 26407 404
26847 22472 1619
16206 10824 22945
19322 24069 10423
2546 16324 4909
12431 28975 6554
24621 2955 6662
25981 16983 10559
15480 20163 4326
3962 21241 16551
4235 9176 8860
10478 6148 2265
27258 27628 1002
969 27793 25977
13960 2466 22412
26159 17385 8537
23230 18732 22346
1509 21887 11724
4671 13307 28497
11688 25454 22622
19466 18278 18878
28586 22570 13666
6647 18009 27878
8501 8416 19322
14382 21872 884
11550 15709 3311
15361 25226 18389
259 22104 7456
16151 19761 3738
803 26967 19092
18142 5978 11529
19903 12062 13815
24780 25236 5220
18836 4005 15011
22870 1738 29633
19548 18517 3479
3939 20446 4958
9802 21474 10149
5823 4732 19474
19084 14595 26118
12197 29262 6156
17928 405 28860
29051 14453 29168
17847 16930 2620
29756 8995 17999
11450 12711 2248
22778 4740 11015
12527 22473 25761
16274 17757 29703
12513 13408 28054
732 2070 16337
26875 20299 1206
961 14268 17757
3607 29094 29782
29530 6569 28912
14484 5045 12914
1735 6498 5860
5720 11767 18089
8429 6008 20501
29391 26924 24023
14189 7004 13990
10066 2714 27981
20968 5982 25683
26872 27164 19757
16970 37 28421
10225 6348 22269
3989 17072 11637
27785 250 3615
11886 2542 7157
16842 20362 18168
2140 10736 5729
15000 20466 4418
4665 29721 8907
7703 22239 28401
28360 3096 12242
18114 12893 20359
14639 22301 12472
24814 17776 12617
16179 21497 26109
23169 16531 4902
2895 21307 25169
1440 29402 19238
20897 6300 24667
13452 930 16206
19618 18072 2118
9387 5212 25510
18897 19300 23926
14405 21501 9134
13441 14636 13331
7358 20243 4778
11724 615 832
27055 23552 8028
26406 17131 3809
5154 24755 10862
4828 3198 18971
8774 20964 26626
6534 10676 29024
23767 25654 23298
11210 839 28947
8566 21407 22342
7374 22742 13286
5121 26659 4536
21331 10241 15488
20228 10581 5228
17604 21932 5251
2363 15571 23015
16774 20497 12405
19840 1792 1264
26721 10994 29603
7885 27449 27461
21715 6690 17751
15971 25003 17021
12427 302 21541
3441 25272 28820
7966 7148 9537
25174 24388 11645
19418 11271 15108
20506 7494 21965
12826 26743 23066
9594 25299 11892
22820 16764 14057
17456 17788 20736
5020 3940 6730
11994 26963 5109
12703 22715 24700
7265 12950 15552
16904 5900 11230
10815 20549 9968
22429 26851 25040
15134 29396 28279
24078 11388 7097
17228 19394 11799
4661 23901 4075
21201 29600 4623
17681 16756 10161
4233 20612 24139
3219 6037 4672
4120 21509 29127
14989 13820 21807
2664 8889 4396
6084 18363 3401
17790 19982 17822
17681 2145 6045
20168 16573 7300
18824 29264 11579
17471 25828 29554
5523 11518 7774
14215 25754 21631
15991 5337 7368
19889 12752 29088
9954 4295 25115
7414 12289 20487
19520 10878 29203
7078 20138 13625
24642 17279 14507
7260 5729 14104
3336 8022 29783
16633 13839 3040
4980 27377 8864
20276 24149 4201
6539 10944 29740
19749 24557 4602
6644 25499 17761
3550 8450 22003
26463 5706 5952
16566 7886 25908
19566 13858 16596
9168 16679 13882
8601 13379 463
12386 18902 16658
10632 21733 13102
9492 5921 16016
28059 2159 29164
5978 17762 7915
20179 26771 15681
29470 10867 15630
21775 13094 21253
24204 17141 14986
19344 26201 20578
8022 2648 24300
14975 2103 23861
23723 5139 26330
2154 24612 26398
18871 23768 6720
9407 29732 16695
20178 11748 21082
9530 17554 14692
10187 13872 26144
17339 10072 23504
20484 26367 29971
13447 8200 25747
4232 4954 7437
22646 18468 4370
2180 5315 11082
15422 8919 25845
22727 5205 3789
7766 28292 10098
23275 24927 4332
12631 10933 23317
27637 5821 5310
7455 14213 770
2411 3470 6065
19375 20497 7353
23493 25745 17539
24569 13529 11919
4187 26249 355
8151 25348 16390
3942 19387 21136
3041 6648 1397
6406 15269 23109
27676 16479 4376
4322 26199 1876
28060 5481 14589
9588 13202 2385
20008 4238 21798
22314 23286 8692
18372 21558 2502
22747 18068 35
21941 11661 23746
6142 20533 8177
5848 13265 24216
20240 6846 20986
4528 25052 17588
21314 14072 6198
19074 22025 23218
17260 26269 10932
3324 23870 27400
27178 14735 27912
4215 2793 4842
10326 23398 917
1011 12637 5397
16101 14155 12188
23275 17846 18560
8605 21041 25863
24692 12469 23619
18580 17627 2325
21378 5117 18252
24318 25593 2777
13310 24806 6790
6159 2919 28951
19432 19771 5867
16578 1098 16926
11151 20793 6074
13762 545 17946
9011 15890 4792
17833 1252 875
13309 12717 12334
5185 9684 26375
29050 25036 1492
15209 19320 13351
20873 28485 2098
16091 7431 10051
18739 19958 21866
7336 21337 1984
16719 8230 18711
978 3823 16050
707 16214 15705
5990 20225 1952
13253 152 29998
5040 4370 23171
24914 12190 23261
4381 1324 11298
27120 17894 11900
855 11955 24468
12609 16570 4201
17450 29729 20196
331 29755 854
25247 28626 13695
28425 24143 1464
15830 29072 4621
20755 29535 4524
14945 25995 25790
8491 9425 19655
11699 8910 16126
25142 24057 20328
9898 20061 3078
25245 20577 25258
8997 14156 2009
14569 5821 10163
24498 20030 5654
10083 16581 22852
15706 20079 3112
4861 25306 21198
11792 16762 29130
2971 21174 21411
16864 28152 26899
9723 12652 29633
945 719 26203
17733 13335 22107
848 16952 8753
25946 12424 15835
4746 22735 10909
1580 17859 6905
5262 17364 27687
16317 4143 27284
11105 5739 2524
25703 28094 11022
1652 24003 28903
5687 21932 4216
22973 11405 7018
5031 1103 2525
19666 1743 16474
12598 10768 17090
22021 17403 15008
18693 15457 1385
17431 29226 1372
29035 5056 15717
719 15551 26717
15932 20897 11731
11785 10659 22946
8563 28537 16369
18229 3754 27456
9153 18043 26469
14442 17819 17127
842 28528 2521
20620 4865 3398
14718 24897 3810
19578 23354 16030
4060 20945 22118
28407 14458 16146
20251 8161 19158
1354 8831 20428
28494 21705 18252
5178 18187 9666
25106 25772 9800
7669 27562 19883
13566 11295 27530
15479 18828 29087
4461 15462 24217
23594 28685 9400
20531 5380 21787
12667 9891 27682
4424 12904 3552
16542 18592 10790
11557 23850 24062
2500 15184 11306
7016 4193 6489
28398 1749 11629
26985 17804 12763
17719 12495 16297
10612 13197 16236
10409 4058 19672
16015 8937 15086
29604 29760 1022
12758 23795 29039
11078 14518 16048
4853 7850 23516
29340 29948 26529
13025 1564 1038
18184 28780 20961
29928 26165 27917
11899 3917 19149
26012 23753 16868
17454 10884 14663
527 24286 14292
15001 9989 10142
1659 15492 6104
19559 28902 23318
12069 29801 20123
11554 18430 2622
12903 12640 16007
5860 14051 25434
26664 12745 17090
18934 22866 4448
22501 14495 21913
1968 9813 23144
27277 21211 17576
11379 13464 6328
7948 22621 17797
26422 22661 3846
19160 3024 9510
9432 9687 9682
25676 8961 19655
15057 12109 24446
27395 25613 5794
19544 6630 21273
3713 16436 8536
15896 20450 22670
29436 6719 14332
1790 1852 7496
2909 12842 6418
25943 18204 9461
18835 11559 999
27912 20262 29129
11659 6975 23317
19042 5318 28898
17512 25073 28365
24609 20810 29044
16700 10008 5809
3829 12604 26659
25416 22025 20634
27005 12605 21247
20243 9541 26337
17716 20914 23139
7491 5778 1955
22557 17965 17531
13464 8134 22711
5334 11524 29823
13507 26153 15488
19357 28386 1067
12946 14097 4568
6122 19424 7177
7164 27345 4152
2143 7332 28870
27803 20546 22716
13668 22821 24142
25564 20069 29165
27991 17678 20582
6603 25538 5248
16866 9024 22241
28900 9127 324
25722 20475 23691
7105 11631 9827
1661 19532 11724
29533 28537 16784
12558 20820 9592
10102 4761 15748
21463 4301 25153
3422 1906 15979
4791 17688 24075
15717 28494 11478
3414 25649 11081
7304 28889 11390
4459 11906 23657
10482 26906 29250
21342 19864 22527
29346 903 12662
8930 17005 2689
13666 28755 23787
21259 4719 3555
3734 1435 11429
15922 12966 22919
29596 26340 14594
10476 4403 22906
7212 18406 4222
25597 18319 7162
11962 18650 23297
6009 27329 21045
25833 19572 1780
2073 14675 10128
11679 23592 23758
7539 22657 25993
9637 10572 21964
17502 11021 23541
7400 4831 4432
6928 22954 13705
13242 12431 9911
13735 7384 16105
2713 1433 6083
9075 16226 4707
13767 597 16166
21898 13148 4447
4962 862 9433
13836 27154 1074
23773 19823 17628
23820 2712 3155
25187 12419 1771
8476 1083 243
23793 15724 11265
21668 27510 8857
20613 14320 1254
29779 23853 5320
2744 4401 29311
11813 22515 7967
22100 24976 22867
22720 22129 12503
17137 13710 2907
8361 17057 27569
24566 4182 2219
29863 24107 16528
11811 17869 22141
2223 4903 28903
26861 27440 10319
14034 38 9603
11940 3052 21190
28895 12378 26781
20443 23689 28460
16769 8777 18248
4416 22094 14965
24123 26869 14316
19189 19090 16116
18896 15623 10948
3301 11381 13429
18822 11780 19119
7685 21893 18743
19483 18592 12369
21913 2771 14891
18686 19540 8601
19667 17429 8256
23338 29255 2244
864 6231 17059
2512 13709 25067
10190 14288 10860
4237 12627 2054
15426 8516 11132
28002 23322 16489
4630 16781 6882
7399 15937 9834
25403 29183 17194
9981 5187 3649
12694 11171 17115
18141 20178 12306
26257 999 15617
12026 26270 12225
2044 128 8435
1359 4822 29452
19443 1308 11749
4521 15436 20625
29210 6224 15072
5670 8356 27432
6880 21655 23287
12323 22816 5204
132 26241 12985
4785 5643 7635
26727 23930 26060
6989 8604 15032
3131 18706 19333
20713 25740 12182
11214 28819 18021
9018 28510 16335
21896 26600 21607
6088 12189 11907
4415 12873 15396
29860 19524 24822
1749 9578 13120
301 276 4858
8993 6716 2551
17217 27441 11641
18397 12952 8566
25187 24028 22055
14592 26774 13192
1245 20814 13904
335 11654 4259
3852 2528 8344
24012 27602 4830
21671 17381 20669
17855 16509 13258
1113 19882 1894
22960 28572 13730
9814 16752 653
18341 5975 5894
25757 12999 23420
15764 23096 6654
15375 22534 20794
20119 2852 15136
2711 19540 2270
6685 21170 25315
2431 8147 22963
20869 14265 20710
19547 16181 11207
16951 17122 24244
29445 11277 8019
29576 8551 21826
28290 19375 12086
18286 9803 16055
1161 21711 5961
17728 21726 6230
16743 22732 13230
22243 20681 19325
2716 11186 14235
27802 28499 18111
22697 28579 13104
10228 11940 15150
6613 12948 26056
10443 8102 25001
19204 24511 5945
25335 5805 19775
26062 6023 25349
24230 22789 18462
3488 9286 18728
18340 26165 4680
29039 19052 6496
17246 23062 10756
9583 5492 19374
11627 25167 3846
12103 2281 18582
2699 11363 15269
13625 15201 12755
25181 12298 6426
13957 15504 18273
11336 14124 22367
2671 22849 22676
1236 11597 16688
17867 24762 4777
14481 26883 6754
10048 29156 26615
7567 20517 23351
13598 4462 443
20630 11039 9887
1500 8356 10578
22570 9268 28156
3145 7435 3785
13948 17107 26963
26001 26755 24362
26314 13142 12969
2297 19724 26978
25637 9607 1454
12302 6839 18053
22944 15464 22001
8657 4238 19269
25077 6441 16625
4185 2351 15344
20528 2802 13255
21373 2175 1062
2161 29858 19759
7886 2066 25224
18966 25090 14864
13479 25949 11429
2090 26792 14641
14047 23349 2025
24582 21944 14740
27620 22072 18060
19104 27008 8895
21897 8554 11513
7006 2676 20051
23638 14900 22727
22526 27221 1947
18079 17975 16337
12789 18021 19282
29430 15983 19987
5874 19287 28393
2347 22326 29278
26409 29650 15410
13477 29440 16647
1863 6441 3476
14325 4713 991
14622 6887 18590
3431 16945 22398
9302 9879 1044
29362 15872 16385
1128 5484 918
14848 29354 10332
12121 11452 9022
25528 731 8330
22564 21526 4358
27301 13125 16119
8188 28757 14904
3738 4951 13276
19873 12058 270
5025 3743 14409
9879 23766 13048
15601 25317 2076
28875 3585 27694
15963 2013 29172
13353 5213 8326
11860 1025 21900
5482 6594 10805
6828 23918 23316
12035 28869 5873
14770 18027 14293
15472 24364 1981
16642 11203 17811
10710 963 5233
9565 21245 20986
26488 29751 5663
20380 1010 21733
14362 10479 19119
16095 26696 8051
17977 28283 5887
4211 14193 19875
21754 18733 2503
9280 5455 16487
14618 16630 28172
7091 29071 13122
23625 26436 21287
23655 6034 20953
12535 907 5787
24020 6616 13253
25825 1109 370
4202 19817 27355
25375 27809 3407
921 2778 24337
17724 11194 24047
28336 11614 25761
12235 9641 11982
9825 15482 20002
7326 15919 12528
13650 4479 27835
18627 12842 11471
9174 14594 16484
25638 2537 11022
28843 2396 15415
27170 14183 13300
11767 16728 2207
10177 12678 11906
5898 2165 19971
11289 12333 22854
18550 19666 22835
23646 4900 22331
17447 15149 23271
9242 26440 28485
10224 20533 2235
25423 23804 9686
20511 26538 24545
27475 19405 4110
28170 25931 4250
25945 13139 13605
21798 13313 25883
15577 25344 16094
19841 2725 15424
29816 8134 20073
24281 13913 16646
27302 2283 19471
21632 5694 8699
18762 8789 10772
897 2004 27927
2307 11692 8981
5941 10366 12535
6952 16895 837
25960 26001 15677
2088 3139 9411
4223 13991 12084
23673 1835 29585
3210 19951 4147
23723 8454 29399
24051 6239 21199
29847 4928 14904
12549 4741 3954
5942 14523 2740
25706 13588 2024
8216 3106 24229
17514 26994 17977
5903 3358 899
22487 7768 9919
24187 19777 28419
28371 26919 11498
5374 19168 28631
3269 7531 10203
8578 8629 19859
3621 21219 27959
14088 20999 187
8510 27798 4781
20407 18489 20235
2468 5307 20593
5390 8642 11053
105 29103 4655
9502 25940 8674
18285 21819 6535
7432 9916 21012
7266 20380 26340
28095 25084 1337
14527 7065 10707
15997 9676 24563
29618 25387 23844
27391 685 6255
21936 14862 14707
9818 9073 7386
11807 14454 7417
28315 14744 11464
264 2257 25096
27205 29607 14571
10227 23999 3659
24603 10967 27845
22558 25269 11658
29016 23345 10475
4211 6704 115
4215 11584 21702
1966 24510 10313
15256 24024 10103
28063 13201 19925
4321 15195 28461
22105 25437 13915
6426 6721 22273
27317 28422 14279
8737 17018 19684
29684 22460 12750
10589 20237 28324
27412 19964 9006
23705 1794 8085
6217 17392 28726
23420 11550 6391
14244 23177 19293
8640 2312 3924
20152 21610 10401
2419 21888 18720
25808 2799 28739
15813 15450 29125
29365 7350 29665
8510 9943 1282
23894 16930 13405
15180 27353 28277
16277 9716 29579
17906 1921 14436
22821 4795 22352
22125 22979 21815
13694 18009 8778
8140 2868 23323
19185 23489 9656
20333 6603 12793
23072 6998 12023
27362 6999 21343
23313 13336 29251
21781 2500 13787
27525 27865 1816
1117 14313 4210
16255 8677 13732
24083 27156 10668
14207 7497 18364
20596 6021 5639
20622 18208 21013
17137 6627 6233
25778 6644 10551
29809 18633 14842
2587 26056 25419
18142 21103 15939
1767 7515 20017
19068 9026 5575
15809 24682 7196
19703 14234 24454
25294 19488 29064
27245 12467 20301
28375 7277 29436
27256 21490 24943
9210 4407 29403
11380 26324 20572
4977 8985 19224
668 9903 26583
26325 18048 21520
3458 21767 19625
28496 19310 10610
2362 21123 12030
13462 5752 10881
9168 21015 12101
25912 16139 27118
27969 28571 25091
7242 14902 18334
4480 16340 27717
5198 24597 28572
29883 29891 12590
18075 12891 25013
24062 15571 12747
1331 28305 16931
13254 20298 19045
25891 4922 11952
10274 15603 28443
4775 26491 26003
16107 4124 3212
12766 29304 14463
21798 24638 14686
8037 19495 8785
29191 12103 12740
11101 24650 18291
17679 28831 19743
12072 6218 26120
13686 19640 3507
16535 28166 11157
25009 29137 1061
11716 8887 8
7845 21223 24012
5721 20156 26147
28355 14936 2717
16237 925 14587
14581 14680 18192
880 27576 1608
12405 19909 8325
9815 25765 23874
8162 29868 12253
8691 21244 11635
25507 17364 3513
2350 24676 5777
3145 10927 7067
23751 17812 25344
12375 3578 11154
16371 7958 9068
28887 11766 11715
22611 7365 573
6987 9786 24494
23276 1923 18121
24187 21041 771
26532 19131 15506
16157 22890 6280
28941 2398 15406
20112 26874 3819
13905 20580 9893
22801 5145 3838
20839 26368 25981
21236 4918 17275
2304 12420 6005
20708 15402 18013
29173 18175 10522
18160 6760 20939
14290 1916 18184
10595 28812 1366
5854 14445 7075
11968 8017 18593
13904 25193 5355
15599 6864 14725
22993 24274 6413
24595 1198 27241
27110 25709 27385
8943 2709 16073
16862 7867 27887
11303 7792 3205
25473 17669 3920
12997 9560 6838
9277 26202 10422
494 20637 9492
25769 3022 7891
21037 18915 4403
5468 14377 27019
18542 10865 10406
26380 6770 5074
1959 22275 17654
3310 28435 24875
15744 13581 26692
10192 11629 15819
21300 4524 18188
12123 13539 10160
19280 23587 12356
6718 13443 13801
3978 2732 9797
10288 19621 27569
27854 2598 21751
7478 29633 935
15949 27554 14795
7525 11749 5185
28319 14739 28656
24601 14758 22963
9295 11219 18714
1382 5243 1217
7565 3358 16450
2177 10851 16105
23472 14741 14194
13273 890 1906
7207 13818 4060
22556 20609 11332
22255 26826 3006
14051 1219 16821
6584 1016 20927
20776 18642 26895
18919 13341 21626
4966 25949 3773
14885 1793 26535
5594 10272 8936
15264 14895 23754
7490 29294 27883
16474 5231 15199
7125 24985 20359
8895 15895 7550
3347 23903 654
1487 11695 2829
27331 244 2169
15165 17633 9536
2758 9977 2462
2762 3811 9217
5383 19606 1703
1312 14032 22652
21338 23326 29766
18782 11875 15284
20508 25815 24384
26276 13641 17456
24515 196 18441
23375 18830 27425
9248 3206 1722
1883 2544 20069
19893 24213 6264
17159 8037 29502
10501 4229 15901
17078 22096 1846
19738 19213 10832
23138 29727 23550
19636 11700 3456
12358 21381 4467
10902 21136 24831
1269 181 1663
9618 22285 1757
17832 23653 24677
7511 1211 26757
4223 20367 2520
29180 29025 13098
12305 17096 3519
28392 19137 11474
18908 24832 29851
12416 7207 18540
29768 5657 24298
5572 2171 14943
27072 25109 28858
5957 1050 4935
24991 13542 3210
17524 15677 17997
8319 1500 19667
19887 19662 5684
16360 5925 3807
8054 9089 15145
7971 1150 21125
8318 19646 9871
12832 14783 4297
27785 12242 16546
16947 10604 4954
1340 23814 11320
13473 5781 10464
23613 10075 23024
10585 10240 505
1984 19902 7094
25203 5919 24616
24003 21332 978
1443 18255 11993
10722 26765 12682
29226 26321 5409
29798 29489 23599
29058 9550 1141
19783 4879 21261
18742 13470 6013
27663 2853 25605
2881 3098 27272
20823 26079 8144
4408 4900 19719
22341 7749 23154
20189 15030 4911
6680 8788 25213
23150 19968 22732
2293 23098 26331
20332 28914 16206
3641 2003 17162
16653 6479 1347
28545 9137 3012
22180 18332 25483
22787 4247 12970
7690 13584 12456
28706 24566 7562
24823 16006 14031
13443 19877 9034
29862 15524 6786
6323 8227 8968
17253 25328 7497
3243 16093 11295
29724 25747 24784
22509 8264 5045
7888 4268 20272
1112 8447 23906
13313 14353 19434
28302 1747 26912
27385 27428 7354
27309 11151 24051
16695 29788 19235
684 7013 13554
27648 24992 3734
18470 9477 6351
18144 23566 11893
2290 15800 1074
8251 7925 25431
9717 20972 24324
21258 6877 5685
24891 2701 8541
17722 7468 27142
305 17992 6743
29538 1719 18464
28428 28098 943
16728 20115 16192
5233 26978 21346
16162 29458 16564
8735 15132 18995
161 20564 18576
15831 26259 21664
18957 25768 27469
5396 11514 18722
18775 26710 12712
29978 1334 11560
6089 22159 28611
11326 9816 10959
25330 10950 26989
27480 18120 1460
21591 11295 6058
27364 29303 18593
8687 16369 549
28508 73 465
16546 27605 1706
16304 23025 9154
2940 8295 3403
17297 20994 15859
16945 15684 27463
8459 5686 19016
8014 14753 8779
5920 6226 15550
28181 15337 14467
6918 11492 2003
20224 20718 8582
12270 1199 19305
29588 6266 28039
11166 1640 24957
4098 27588 18994
18839 8967 18472
19108 6634 26431
28542 13855 28709
28513 14317 2353
29033 13595 13934
25479 2662 28630
9483 2949 24329
17126 29969 20243
10931 12068 5139
14994 6798 18126
16804 15128 20749
10513 93 22321
8383 27855 1369
25883 16539 15527
15103 13720 12955
13762 28562 22144
2161 1960 26266
26327 8671 13357
15101 8379 16450
19671 1041 16683
15762 23122 20494
7787 26580 6665
15643 23805 27364
24035 9956 3133
1353 14527 8047
18848 9877 17671
21639 27019 8644
26787 29618 6116
21373 802 7979
20995 23405 20503
19258 11376 4735
23754 14759 20009
28827 23911 5609
2265 16746 17718
29319 14469 325
22242 28516 27478
17031 4266 16199
19567 20025 14109
27081 8953 14672
19402 29568 10801
16691 29923 12451
29077 25934 26101
18789 1889 1937
20708 28250 23747
2068 2873 29116
8639 18791 12426
17038 25636 21587
2938 29668 14649
8199 13962 29927
3983 14011 16506
11727 14721 26764
21062 26190 18524
23966 1156 28665
26141 7246 20167
7060 21096 3397
20501 17875 19115
13700 9302 3486
402 15511 28241
10855 21566 313
29145 12155 14155
9333 23735 18354
6407 5574 22496
24137 29398 11575
10838 26846 19912
19450 29609 18202
12761 13365 27328
8666 116 12696
25431 7443 11320
26244 5136 16069
10302 7253 21426
28352 24672 6522
7307 27225 21746
16842 22278 23921
18517 21995 4497
4708 26457 3976
28985 8627 2605
22737 14039 23587
292 21438 15691
22983 19558 22634
28395 16257 26164
12131 7693 20046
1679 28906 7067
8846 24612 19683
9132 881 11934
7415 9014 11260
25309 24601 15327
8461 27941 22633
23142 8416 20667
6064 17930 9473
7862 24977 25818
12230 19991 15322
10443 28689 5090
10039 29294 23295
2938 20499 6235
2517 23503 3360
28377 21754 877
17312 11657 22644
6866 25152 10925
29279 8237 9952
1903 15707 20982
16135 10457 28506
465 10136 2407
5526 29659 5172
16538 26194 15064
3641 8508 4793
19030 28692 17645
10682 29375 15133
2234 6776 17755
6684 27078 2379
19562 2619 7981
28397 17709 5141
29391 23033 22621
22367 25304 20027
15017 1856 23335
3787 28353 3505
26679 20268 8663
25179 13968 7469
7213 12647 25528
9933 18515 26042
5924 9329 9881
12674 834 21989
14904 26811 28701
10883 13107 8263
7006 12316 26739
2475 25360 20237
6459 16175 10590
25575 24404 11103
6587 28804 9336
4139 2120 14568
21683 1933 13647
3667 15281 22632
29745 18564 23448
21887 15892 19623
13983 18671 13656
8258 23085 16248
5874 27886 28629
18633 16220 26499
9520 18396 6059
1670 8527 7412
9657 12520 15151
23528 23859 18219
17322 5899 23850
18588 28656 10305
26069 22784 24434
2658 6630 28470
26783 14006 21695
11933 11605 16289
15309 6408 8416
27435 27348 4747
17247 11554 18770
17920 26416 14513
29962 14455 18684
15978 26479 19972
7325 6552 26631
3150 20352 748
7009 24410 10343
9993 13009 17364
24629 25180 19853
1155 28485 12527
20823 2498 24014
10824 15780 23896
8895 15835 14535
17088 23556 26503
29918 21661 10067
10510 8035 751
4666 5911 27757
2265 679 2026
3891 5582 3413
21195 3265 25694
4736 28339 12292
19644 3539 5681
11289 2722 24147
22687 25871 17919
3018 5801 476
5509 4678 7865
3673 17502 29336
23695 20152 7270
23899 22466 7684
22656 16937 17031
9193 14904 22459
11637 943 5187
23254 8923 5758
11545 21076 11079
29404 21017 26573
16633 21348 29206
12378 2047 21159
9141 12281 5017
27217 17805 16371
27229 5341 3075
6405 3110 25734
18667 18692 28755
21091 20112 20626
12939 8744 268
6378 17578 20243
2338 3027 13022
13608 4967 21420
9974 26199 6889
15958 20125 24316
4761 6396 28233
23837 21447 5404
15415 16542 26345
171 27393 4473
25335 10358 17037
4735 4288 3160
9595 6364 13387
14118 12562 11528
22793 16866 25731
4554 17879 1805
9870 14316 9756
4032 10978 22263
23559 24689 20263
20497 3938 27202
4144 14421 12130
19995 18283 23739
13662 3329 387
12133 7081 8858
18550 742 23146
20025 27993 4739
21052 21757 28469
10699 23478 3687
5220 24333 14146
21700 19272 18479
27399 3040 21526
20088 29386 16760
7216 4714 19898
28254 11282 16161
19894 17462 25655
20913 18656 580
28081 13769 8688
16465 5194 18839
7793 7571 17322
16951 18546 28722
23962 1594 1364
3316 27253 8788
28019 14013 23729
18057 5405 29515
26690 29939 21956
22634 7132 3406
4141 1772 17814
12113 7194 25925
25370 1186 21217
19556 21575 27532
15352 1060 13601
25891 17942 25565
18662 7918 1843
16719 26113 9558
12449 28075 23739
3151 5821 24053
5771 2726 28616
24583 27251 5437
26757 28561 9657
21513 3235 8038
15411 16133 9803
15913 28392 8241
25392 20544 14739
17120 6159 27849
23623 28818 5811
29205 18936 29850
843 22922 26847
24824 17107 3634
11449 5656 19793
5061 24939 16198
5685 8463 6929
29930 24648 805
12768 6926 23436
2551 5268 4263
10862 18532 20070
22989 3880 27952
23188 5507 2134
11254 13517 23187
25077 13989 16834
12637 24406 9370
21716 10742 28484
13014 5888 14702
24903 1955 110
24543 27648 21417
27523 22541 3188
9529 22693 25965
3724 11941 7691
2778 17536 13941
1617 29022 29440
25550 24409 8666
14338 23108 10593
24269 28009 10159
19347 1039 23457
18917 24965 27378
10097 11591 22494
1219 19382 11857
27659 15190 10055
21283 18533 4274
18466 25830 29164
9999 23857 19276
13414 5718 16452
8804 12279 16763
9945 26522 10147
28554 7570 12174
20211 16313 13702
20571 17934 9384
22004 20659 28042
8814 4940 16380
20008 27618 54
19602 17299 3076
5871 388 1867
13688 4866 29040
8932 22660 22992
8655 2761 8308
6047 14793 8880
27418 8386 6356
18762 18699 25222
20882 2729 10356
28502 23185 1656
439 16452 24018
15620 17464 28682
9003 9244 28280
8982 13976 18463
5962 483 20366
29535 19525 14392
27831 27964 28755
21057 19779 18386
27891 25290 2555
6185 15361 12671
20609 28534 1737
29040 25805 4300
14682 24056 1414
16109 56 26817
29384 6340 22642
4854 27592 28896
21560 5019 2008
2134 24410 6511
10783 1111 1516
21233 16092 11602
1138 21541 17733
29878 14869 24436
27424 11952 8048
29791 15321 618
18699 29659 2202
1557 29113 12752
10941 11767 17610
14893 17811 6470
4449 23662 13710
28895 7871 12842
24378 24088 5413
5055 9059 10442
1890 29825 26712
29865 11868 16750
8085 14508 5390
10210 4681 10194
18681 13760 22529
9536 4815 27799
23221 21346 28546
15768 4485 8163
12871 11764 11953
13477 13165 13087
6536 22562 4844
21372 29815 15860
28646 19657 5903
23319 14374 29759
12227 16241 7643
17332 19481 2115
22759 1989 27382
9637 21287 27545
918 201 8811
21295 6667 22178
6984 6945 8141
20272 27962 20492
6653 6694 4487
28721 11041 27783
27524 1247 26666
6093 2859 20267
6491 2486 29984
29177 14701 14681
14245 19470 24059
3405 2114 5718
22242 11980 23048
12939 6618 16496
22626 26215 21199
14733 10109 26840
22820 27738 13043
22102 1981 24834
16921 26261 27132
8357 13612 4902
2492 23560 6098
21387 7624 19783
14750 15453 28723
11557 21642 8660
3984 20494 7121
16861 9340 9519
1326 19490 20274
17834 3318 28547
5736 27814 23823
4480 2284 16958
15049 15449 27748
19778 28033 911
1905 8912 13448
9956 12881 2306
4905 7188 8072
997 4565 7122
16087 26576 6548
8884 5229 1771
273 13998 2918
10074 24860 2925
10223 7501 28583
28800 16759 21695
9661 20716 23046
24296 8605 5404
6510 16179 184
25874 19857 27563
645 21033 27846
4262 10522 15957
27724 18164 21389
5386 27011 25580
19147 21902 1470
21827 25946 10773
8296 27900 23363
1191 20202 19909
27364 11541 3597
1951 1487 24720
16548 26540 20725
23732 18336 5984
22662 1357 21613
15141 1987 14496
18550 2489 11937
20406 10311 13514
18306 23999 22652
12465 10725 8625
23581 23301 29735
27134 14329 20096
27752 4459 19089
1787 14130 11144
20713 23705 3629
4364 17007 2364
14124 10188 4932
11860 11862 19778
25051 2392 4448
11906 1454 13408
29168 26607 29587
29269 10637 19973
709 16466 22487
1157 5468 17176
17997 5578 5387
24048 19250 9638
3948 23025 23783
6856 12333 9830
11003 21630 29780
14284 17513 12357
19691 24054 29375
8994 17554 2137
14363 8715 1354
6250 1367 15416
22744 6643 24394
24728 15382 19895
8235 9181 10308
5238 11244 1013
5834 15850 5438
15622 7079 22613
29628 3169 3665
21598 25632 20639
8265 1593 16013
17864 27275 5902
3505 29602 13574
5707 7256 3883
8693 1038 5442
13720 11388 11615
29650 15546 3253
26639 8921 11283
21803 15798 1076
4861 7931 212
9215 19375 14700
6571 15190 6507
7199 28822 5268
11966 24361 19035
2205 9015 4076
5577 13018 1692
27126 27985 28666
24644 7792 10163
2210 22841 10048
2958 29295 24846
4094 23428 390
12884 10850 9589
20260 1732 7685
5054 7886 24407
277 3359 21305
19212 11419 26990
10521 1538 22750
7996 3336 2066
23023 8814 21739
25255 4608 3443
14974 5760 19872
29916 20912 12733
12584 24687 29585
17911 1730 15073
15433 19829 26324
17552 3077 17118
21488 10256 23366
23331 11967 3258
5198 12723 10886
16300 6502 6114
2041 29729 4821
181 15883 12130
9180 8877 24857
2892 7355 7368
19010 6343 9974
20349 14324 12334
11866 15260 26553
13178 3802 17439
9774 11925 19044
27195 5455 13609
23339 10539 3033
7843 21144 21616
20781 6287 8022
2300 7632 20480
14242 22426 5261
15600 9996 12926
7869 4879 17628
13912 26628 950
27132 21951 7583
4384 16188 15167
23492 5012 3657
11260 21194 6739
22605 17422 6315
10795 1461 9348
22873 5418 27366
26499 11164 23249
2424 10309 14271
16424 14135 5981
23288 24012 1442
27249 13364 28669
15697 8987 12444
28055 21943 2989
20260 136 27186
19780 502 9217
16590 7956 17688
29546 22893 22056
15641 3744 25119
13164 17531 15550
13156 12006 26329
12776 4222 6194
15146 25616 13055
25497 23498 2128
28430 1698 10565
22410 4691 22532
13696 26810 29094
15818 19898 12711
3282 19523 15916
9928 29653 4386
21652 836 1100
22075 18803 21970
18857 23073 3410
17812 11156 6664
24224 805 1520
3591 2350 5969
1249 21606 6475
23206 29219 1816
24797 1610 28809
23993 28317 5265
7923 7769 1602
4152 14294 12126
29018 22365 16140
19801 5780 23296
26118 1868 29725
29775 19868 21496
14310 18601 7852
20201 26444 1898
16379 6731 5987
26284 28062 3603
14007 16239 22472
19755 28504 26414
26026 9024 7595
22778 24887 19854
18452 9453 27141
21054 19929 21845
13929 4409 13329
24049 8980 26952
23600 28796 14378
27062 4230 15938
21869 14267 7132
127 6334 657
20598 20521 12113
14977 13404 21132
8644 2069 18494
3154 6446 6696
4242 26642 5754
21819 19927 25556
23402 24929 7884
13915 8998 27949
988 923 2666
23842 12265 8999
12046 26753 16420
1884 26304 7278
4939 22923 10315
25474 16664 13479
16850 8909 27759
5443 4712 14947
20585 25430 18212
1927 5601 8863
14282 6970 411
5235 8751 28615
4581 17382 1020
15312 10158 20045
14067 24294 8185
28110 2006 5271
14579 20762 27782
20543 16379 27155
429 20897 4858
9782 15971 1680
2889 6817 15970
23617 19047 24214
16911 27939 20938
5665 3010 8084
1428 14075 19550
3611 20686 12908
9159 2688 20785
3360 21534 1056
550 24935 2570
26906 17027 19592
23828 4053 24234
14679 13116 6793
16218 13275 28997
470 867 1921
4687 25476 8819
20490 21232 13915
11071 2346 6941
25026 24925 19095
18928 22280 12216
28191 6090 23070
23516 14406 12
16760 12248 15570
24779 29858 28620
3100 16472 7209
23765 13871 11044
3446 27036 11481
18393 7802 9250
19202 9368 29211
2677 12892 21040
5777 17595 3540
14303 13724 4960
20571 20656 6706
3876 26735 18576
24229 9746 11018
20846 27707 9512
2935 14608 1852
2440 20377 6494
28442 25403 20259
9814 4362 11126
4960 24755 20018
24066 26793 26529
21218 2981 5108
29802 28000 27845
7374 23255 19503
2332 6323 9862
10863 24697 3235
12342 10284 14166
24401 22176 24596
14280 29465 23752
11083 17 24157
24317 14881 7533
27826 28387 1549
22647 3470 8136
24607 1050 8705
912 12564 13757
15930 25536 28017
14207 17673 27265
15323 1342 16293
10689 18390 8067
20507 26716 10719
14678 23282 14052
28748 28653 3524
12984 23161 28883
11672 23594 11038
3205 7734 24361
27794 1815 18746
8684 17559 8710
4872 21956 14823
24035 17199 20347
19496 15449 2414
13346 23540 6319
8752 19090 13206
26312 15255 2533
27475 24096 18212
24417 19947 28473
11424 23646 17290
1982 4971 11578
11961 25238 16299
26948 29475 680
3245 11293 13151
4737 24192 26498
16579 8017 9620
18498 7675 26521
27546 24312 17184
16460 20660 10962
21034 15109 7091
28795 16034 21068
12800 17941 1754
5990 15657 16451
15414 7973 17928
21166 11401 21783
29796 7650 17328
16525 7966 6436
5238 2036 29365
17392 15409 25555
1606 22813 19553
11040 26747 4384
16256 9094 1163
20250 18550 29214
14161 17030 20306
29799 29911 16760
15633 60 968
29967 21982 15986
22571 16195 17489
7269 11193 17512
24805 20053 4835
8689 12383 22411
16675 10182 25362
20667 1255 23428
14731 22258 18857
4184 4274 27094
29583 15736 29317
15247 13601 26218
27178 12401 21176
5816 6388 24489
14561 29282 2505
8044 9237 21459
6697 26530 24232
9088 23773 261
21530 14667 28089
23120 14909 18621
17395 20982 10799
9118 21740 9876
27680 25622 16296
20246 6233 19576
24114 17235 21899
28376 20758 3036
10381 28598 4479
9980 29099 20833
2816 22393 26533
8225 15279 4653
23606 1074 13209
14234 21985 12995
4949 3604 6617
5196 24959 24397
25786 5885 20903
317 14914 16985
13901 26015 17935
8083 8888 15979
3857 28473 16055
11761 29213 863
8277 20964 26416
26423 14251 9343
27121 2110 18421
1149 29697 20612
1231 1921 24718
8898 27459 1638
22729 3304 22044
22622 8349 27818
28597 14169 15855
10568 20186 4992
17657 15822 29828
19743 18305 3485
15773 28111 8605
7136 25653 12506
14048 27692 9019
11225 1677 8688
24200 8548 22136
14794 6048 29431
5992 28840 21859
27516 22062 15543
11283 8762 6270
637 1593 16884
761 6206 306
19870 14494 8867
28026 22621 20101
15475 2426 17180
27714 17193 13187
5933 14888 17181
16309 7656 10947
1986 7399 13933
19927 7744 9186
27309 12495 26562
14004 25094 13039
14818 20335 18779
21821 7504 17830
14220 23226 13712
20912 29858 16973
3329 6643 24404
14738 11743 3618
27347 4828 18286
13337 15487 23555
807 12037 28295
16509 17619 15108
6919 4610 16312
25740 21971 20000
6412 17232 6507
20308 20689 26695
12675 9258 19322
28145 23157 14216
21912 16229 4011
23619 25857 16397
6840 5971 22909
14414 681 21860
5492 16509 11821
27888 20223 23290
4316 7242 3438
10475 8827 19335
12686 8696 20839
23285 11900 17450
7014 3590 16255
9615 6981 27626
21053 17082 1813
14404 7308 3638
24738 15598 19076
18325 19423 7068
27720 20884 20203
1705 8032 9336
24647 21021 6445
24210 243 23251
17100 7198 28683
1476 430 19850
26812 8108 19565
28853 21780 15433
16550 13965 15945
8313 5451 24916
1132 22919 5323
2859 12854 26006
21311 72 21641
23560 12574 8706
17724 13165 25817
10954 12629 19094
12928 7349 16690
9893 24327 8266
27036 9507 26259
28 15491 11306
25049 8715 17268
6973 25207 11231
12202 20598 29784
29984 24737 11137
12860 6422 28213
18933 25760 15235
13880 13099 22990
1275 2176 17996
29181 28107 12812
20076 641 17348
3579 27019 1952
24852 10200 436
13238 17665 12483
2458 18362 519
20413 29848 22934
14333 20119 16308
1782 21268 12254
12164 2622 24279
16761 14141 5190
8186 13335 24661
2294 2435 29419
17845 24798 20880
26841 12476 4853
20447 5284 1618
27588 11474 15082
29 16728 3016
24390 4781 14498
16583 24118 17707
19749 16125 26609
15804 9473 28587
9154 9668 17209
23589 15290 24927
7724 27752 1720
27633 5236 12600
23770 25088 29684
7534 11115 22450
7876 23484 18401
23528 12427 25365
11762 16728 23567
28013 27214 8798
17578 20006 18231
14538 17554 152
11348 1722 11960
24775 25219 28883
2854 51 26216
24185 10108 3650
5669 25753 5372
3480 15627 2024
17447 28875 4877
293 22177 19976
28813 10897 6903
6627 18595 16138
7670 7740 19888
13762 29862 7792
20026 17596 11763
21279 1727 9692
5434 25890 33
15701 25476 28491
18358 10990 263
656 19807 28819
1794 25129 21040
2225 13720 15736
10657 8286 4833
18854 27823 6218
2053 26840 24027
52 6043 27171
7834 29069 15153
9206 24227 15107
27874 11735 17442
7272 28805 28107
7945 24357 6075
20438 14158 27041
12247 6264 22154
1071 5822 17177
15012 3528 462
16332 25133 19133
28559 7350 19760
15015 27599 11523
22051 11064 10985
14818 4182 9050
11260 18207 29515
185 10227 16153
16775 1118 26203
5800 11657 27949
1690 27366 16169
12743 2406 6200
21033 11970 20182
26251 17424 25484
13603 26672 25734
18473 14102 8531
19630 28412 11371
23238 28764 17694
11260 11198 10731
24690 5819 16339
10606 21604 8072
16875 25649 10464
885 2052 24737
17085 15775 2226
20826 3050 20105
1112 7218 17647
8540 25057 28409
5973 24518 11169
18347 3746 22067
17582 16927 20902
16183 3691 29330
13232 24866 19935
17239 11283 29705
1996 26893 10837
7911 4173 4669
5366 16602 16901
11500 25774 14316
12686 9831 15443
17771 14798 26359
2651 10335 24822
19295 23546 3112
15287 26776 10960
24535 1317 17661
1404 28935 28847
3847 9790 26046
19685 3753 2252
17065 2972 13811
12328 19283 6800
4930 16020 9277
14465 6143 21523
20194 28457 28180
6843 7187 23956
18093 29169 15504
2226 18964 18241
24800 28947 8208
25179 9757 5843
11908 13317 16714
25515 12168 13405
11409 13823 20320
23086 21589 3339
24127 28835 8364
23621 8915 28557
18515 24762 5774
27752 29632 7789
21869 4700 11787
25657 25290 3363
267 11962 6258
26497 24667 16683
11250 13100 21467
25119 27483 8481
28131 18349 15897
16291 23197 12553
28043 16169 10474
149 22201 14454
1210 4040 24228
13387 7404 14144
1671 29937 2533
17820 10630 14740
6006 2417 16557
13894 23749 12444
8246 8588 29522
6651 11885 298
5313 24445 23409
17961 260 20485
25499 22383 7722
21538 28957 23851
25770 19027 27280
14484 27214 6049
20309 12564 20251
12296 925 10050
13143 6110 3372
14080 21042 22701
26985 20896 16135
12163 29419 16158
9442 28816 4320
18305 17718 24672
26552 29837 24499
25042 13395 29451
15199 25028 1781
22299 11216 5787
20520 13884 16420
24262 12818 23074
16829 4255 4077
7148 22769 29543
1909 6905 1743
15765 7408 16793
12603 9061 20727
5377 24208 20967
8779 15707 5200
23150 17993 21296
16394 24003 6958
17618 18383 21185
21372 22082 11341
26424 17141 11261
24832 23703 21621
9866 12047 5403
8380 1234 15720
15282 28400 26693
26567 12644 5094
14307 9635 15370
23932 11503 22081
10888 16927 27514
9757 14617 240
23234 11857 13098
5214 14427 14125
5939 14366 23033
5392 22346 2059
9521 8835 16338
16307 15241 2630
15885 27954 6760
17798 21443 23760
17688 2263 2256
4872 13178 27451
321 12960 28492
8560 12589 18282
18431 2490 24915
27753 22028 6060
18327 5793 183
19832 24984 20518
6813 16313 13345
9549 18218 29794
9612 22975 362
11284 29279 21582
29586 3810 26104
22883 25548 7766
19842 21802 21962
27778 16824 13269
20203 16440 18557
23231 13524 12200
20473 26961 4286
3419 23086 13425
13634 18127 26377
12225 1138 12821
23300 2311 3094
22560 4035 25500
10067 8131 6778
14388 19873 29886
361 25238 12201
6302 2429 1641
16884 18170 17650
25232 4940 26787
2753 6410 10263
3107 2338 9622
10313 24472 18205
2226 14855 8158
8517 11689 1396
12181 16241 21290
5262 26268 13773
23805 10147 5799
16228 197 8998
14791 20015 8579
26156 22419 4454
24943 8996 16211
7948 29999 9591
2180 1266 17629
16920 27209 14748
2652 14318 23662
20245 21936 17929
17344 13691 18227
1257 1826 11469
11946 17354 2781
16806 23788 27830
12638 3548 17224
9786 25701 10450
1318 27324 29559
22543 5109 8979
24423 9819 6531
5289 26679 18416
6216 27583 23596
516 12664 14472
24887 14940 13442
19472 26300 725
8360 8673 11067
27279 13768 21329
25022 24841 27933
222 16744 28898
20897 7021 2627
24621 29750 16630
15172 7522 6272
20082 20572 6194
2641 12508 8245
23915 4136 7088
2325 28748 7481
15922 22557 10315
5671 29278 21826
13008 20416 547
23191 4964 20123
13421 22273 7346
11762 15515 9491
9066 4808 9668
26920 9315 16313
9580 16762 14861
13350 13989 25505
21892 15037 8174
6444 13850 26761
28967 5725 2328
11076 5455 27785
18121 4197 21666
3064 26193 15739
12093 13612 27988
20191 25497 6214
7241 893 21068
15195 12751 27780
25703 9739 26471
28577 14480 1916
20073 15029 6293
11397 12537 7286
7434 14161 7697
26816 17200 16705
13651 15341 29477
23729 9805 21288
5900 8288 29073
18287 10988 710
8162 18170 24283
20171 10861 8945
27649 17522 3533
22572 20486 22703
12919 21257 17507
4392 28344 28506
28752 28196 15092
11705 11257 8919
15158 2637 11880
2725 15659 2678
11122 16860 25858
17019 2723 13346
24541 19055 1294
233 29583 13466
29199 17325 20956
17346 28031 27774
19898 8497 24275
23743 10736 23605
27256 27206 6064
24944 968 17675
17293 11761 11548
8765 12588 5290
24347 17288 3774
28290 10071 7520
82 22037 132
9588 25033 23397
120 13483 22493
15656 25575 15153
7506 23126 28998
25137 7632 13009
11685 9331 21125
26717 19032 5267
24036 18485 19190
1248 22573 22439
12172 6198 20214
23219 9980 648
992 19050 7772
1009 11778 28663
13053 18319 28754
5141 19460 1484
2738 11823 27486
6477 22154 4875
8890 6317 27275
26423 21941 10537
28443 2120 16887
17650 5129 23201
12361 28877 10685
20305 22120 693
11972 15625 19405
21214 17129 5218
21144 2983 16900
22314 22065 19521
8338 22677 6056
8592 18128 1733
3767 7180 23275
15598 4890 1717
29849 12023 9972
15102 12317 19712
8452 14382 29904
12588 10301 17464
19630 16313 14486
4549 18348 8647
27518 10882 5236
11332 5515 9035
3744 14463 4745
16036 4992 10114
16281 5358 22019
4029 27452 7781
9316 29325 5790
1663 24883 6670
9791 17483 29312
17563 13572 14048
21712 1980 24063
11447 29837 28813
8365 27441 25526
426 24770 14866
25497 12443 14117
4131 15280 1540
15866 12802 26900
11509 13875 28651
26270 10278 22224
17622 8801 3406
20374 20401 5175
2719 17819 3361
3009 4132 29730
26100 29609 13385
28684 9933 17882
14072 9634 28108
14346 21769 8738
5412 22390 5936
8370 16650 3706
26438 21823 20090
10325 8116 25679
1532 3886 5595
26744 14325 5260
10513 14271 28104
20076 17488 22504
26160 4164 24274
75 9228 23762
905 3401 5458
13941 15643 19341
18687 3862 7189
15943 19994 12314
27750 13403 23729
13705 3856 5641
14027 28021 4593
26158 25759 20507
28618 15898 22872
11611 23290 9786
22694 16802 17203
12442 8672 29432
10206 22982 7839
14260 12918 2980
26145 6 24241
6619 3223 8859
1697 25546 22525
12187 20183 13806
22497 10542 1799
16859 12575 2209
23970 19278 29152
7881 24834 5044
15636 21742 15647
29547 12390 22319
12042 4568 22152
25168 12603 13780
3524 6490 5240
5319 2108 21493
29421 14961 13969
5615 4080 24629
29576 438 2206
13809 21137 13721
4409 8028 28044
23240 21822 5869
21103 23500 1684
13177 14511 13842
9785 2173 8337
7639 24107 13300
8642 10481 209
15364 17058 19994
5035 13878 28649
18978 13616 9723
1598 24262 23845
20494 10779 21620
25450 28815 10515
6466 652 26434
19071 17393 1767
6518 25597 10042
23421 12497 45
374 19245 23223
19163 17917 22791
16532 5791 10121
15919 10384 10995
8974 16400 20306
18033 6668 1674
8387 22148 17161
12961 8187 8929
16676 14958 21949
10667 26673 22487
13738 4528 14097
13406 15768 5357
28478 10922 6379
20948 15674 22967
8710 2460 324
7249 25681 25008
24148 28028 19788
24528 10833 20366
16547 27239 27256
15796 10500 13631
26291 676 23419
27591 10924 3099
28208 16556 5037
4875 2943 15620
27211 2106 10856
10095 26466 4342
6730 2346 27202
14722 2771 4004
25632 9000 5223
11277 9386 20820
4898 2274 14188
27171 6863 6412
15730 22085 13809
5002 17850 24290
24444 28819 28434
18538 19153 18962
9065 28439 19355
25169 11384 29613
14447 24718 17128
20578 5299 2189
25201 28358 3034
12326 13577 13102
3344 21322 6715
14191 12844 28698
27033 7989 23794
14913 8335 26518
22649 20943 409
745 19678 28369
24930 29429 25871
3186 3907 25019
21725 25032 23430
11284 18205 22082
10271 28440 29301
28598 12513 14229
7573 29418 13439
12385 9708 15572
17625 10180 5535
2389 14436 7548
9153 2327 18557
547 3617 15754
13548 7786 10437
9578 27748 14691
8504 23328 23537
7603 8894 16803
1275 22372 17927
24229 4178 15248
6508 28207 17066
24361 19016 15028
20938 10350 25600
19161 19972 26247
8734 1637 23982
3760 1408 3125
20387 11431 15225
29115 8473 6730
24076 23249 10906
21165 3176 10171
13279 25597 20735
13433 4716 26045
14120 5422 14362
1539 8392 11904
28248 521 24941
17602 17248 12104
21790 15683 26296
9739 23678 4041
11168 4457 20579
26843 9346 2835
7991 7370 21147
10327 27304 27966
12181 15693 14790
12768 14855 2792
4654 27135 7601
16891 11360 14930
13605 26769 14803
19228 24172 2725
25106 26204 18597
5743 20372 28262
14865 16195 19098
16811 1011 4373
29868 21882 18220
28693 3464 22245
25255 26703 14413
1098 14930 29600
2318 16428 20284
24244 5182 5317
9639 22604 2057
23384 20397 28879
27630 29037 2792
22256 19635 2715
10342 1479 23715
11993 5781 27719
17569 7584 12920
4166 21178 19196
5529 27527 16734
25492 3493 25201
11205 29162 7324
26887 27279 11552
26854 527 25003
13351 19294 11964
29082 8870 22156
10509 18789 26744
22242 809 20291
29081 2591 29705
1401 13840 27575
5895 18888 8011
27224 12204 4395
17376 24640 25968
1101 13101 28829
21425 7833 4566
18540 15548 16554
25062 6676 11459
8972 8404 14458
17961 15109 28419
16183 16678 10685
16976 24476 26893
14222 28210 9651
25650 8006 21721
25524 29203 6319
28588 23548 3407
694 20772 28531
22411 10232 15439
4035 452 9739
27103 25803 2236
5840 15582 25975
377 10154 16012
1504 24996 6296
4272 18010 10155
8643 14845 12349
26116 18421 16244
6979 1720 18968
23649 25082 28169
28720 3578 29766
27024 11608 14488
7098 15927 26247
19487 21105 16422
13693 29601 665
12658 10323 21520
17707 27844 21513
18089 15590 22323
3864 144 11736
19875 3372 12346
11621 5137 14955
28115 19608 11635
214 25851 10816
9000 8761 5855
7350 7653 21977
6620 19205 21837
21219 23656 6292
2396 3503 21154
20377 17099 24354
16769 8343 22120
21314 2971 6278
7715 5974 12458
20254 19093 25519
5205 24036 9457
18575 3385 14419
13654 2259 5022
9661 419 6541
6417 7796 17030
3110 7853 22774
22483 23507 27439
21713 15350 5203
15803 26921 4546
4432 7160 1978
23142 24531 14565
10065 7283 30000
3022 20853 20056
2408 26961 20173
13849 2423 8204
17396 23203 20755
27046 6482 23541
8503 3215 2500
20723 27013 8321
12722 26002 12261
29637 29013 24000
21046 2032 2823
3249 25246 29447
18831 20507 29317
12769 1768 1850
23894 28077 24851
15348 28531 9056
3812 10907 28047
1631 7741 22223
24169 11133 24057
9649 5617 18267
29591 3510 10371
18916 25079 16238
4454 23212 5494
6634 974 14668
10520 19004 27801
6049 21631 16715
9714 12865 20609
2095 10456 26825
15024 23993 307
19244 1880 4491
24149 23049 26316
19412 6395 19426
15777 9995 16363
539 1470 13913
5063 2595 8520
10519 2556 25779
15439 6782 12030
10887 29084 23709
20693 20012 18760
6865 25924 29170
9567 16003 20823
12565 6007 19125
28639 13162 327
22891 28614 27806
2200 1353 19087
13628 16613 5774
23762 25621 10367
29095 28125 14667
1425 12392 3597
11115 14732 3993
21593 13041 13470
14787 27786 18550
11588 23786 14515
19388 14594 18639
17314 8721 14362
15981 26405 10085
26458 16438 1490
25142 11475 14307
17541 21355 12834
28413 12795 4380
6506 4100 12636
8977 6353 19576
12168 16229 26821
23108 90 10749
3237 1273 3443
24323 14283 21672
9241 28936 11355
3127 28598 7347
9015 18364 101
23292 3338 87
18391 5091 24328
29267 9078 7937
24479 21330 16401
10681 8317 10140
15230 20172 28554
26518 6287 9450
17840 25332 8938
22666 14623 1632
6899 2034 25023
10558 10523 10708
12890 28014 21455
25625 26111 21760
17985 23981 24657
5870 27911 21780
5317 21514 6542
13421 28362 6921
22840 17190 10906
4479 13072 10981
7725 9168 15414
4387 17470 26393
28179 15353 5550
574 6583 15026
27676 12907 6623
26472 489 10207
13496 2150 3033
27828 295 12756
14736 1427 6613
25505 19468 25025
27515 15559 2141
5366 4243 6948
18527 7984 617
23217 6627 7046
8691 9353 27640
28881 26784 29026
27887 25300 26900
2459 29332 21262
13807 1939 22239
24317 22742 4583
20996 26047 22955
6676 15180 20623
15164 21978 2978
14800 7314 19479
27806 23604 12661
8091 8861 29943
25831 21602 6150
28560 1546 19470
14601 8827 11336
13761 3824 16466
3990 3927 19427
21271 6842 19680
20446 7898 27003
14630 13096 779
16523 27892 23483
11910 2502 205
75 7049 22814
15003 8816 15696
17132 14000 29658
10318 23433 15624
21707 14609 16033
21319 11218 24211
4070 14296 19123
25233 5794 12199
5459 3947 13871
29297 19174 1999
4900 29533 16354
25621 26175 28289
12349 7209 9499
7348 28474 21919
28955 859 27021
9674 21274 1912
3223 26337 22455
13581 22577 587
2567 29730 6354
14807 26281 10787
26119 24990 16945
24482 17064 5443
3300 19212 2809
1805 8797 24567
15242 25522 3001
769 21534 25974
12501 5979 6610
28892 10501 10861
10608 4247 9528
6951 10291 5574
23379 26097 2466
25330 7218 5334
17649 776 899
23471 21716 19511
9148 23493 3936
15553 5934 27948
15210 26446 27343
22233 23673 21147
4474 6783 9975
9811 28160 9807
24809 9356 25925
7179 21082 2994
3182 15240 22014
22647 15588 15587
22458 5303 15444
7693 1556 28701
22721 26765 15098
1810 7638 19602
7077 9909 10845
23381 29403 9894
16700 12352 1657
13326 22649 23587
17815 13347 17822
29348 4296 7917
5629 10948 15330
26295 13706 15104
935 27847 4891
19455 24160 17861
6084 7314 207
232 16605 8652
25476 29188 7530
3482 3418 18629
12430 28933 15128
3406 6134 12821
13287 18946 27009
29415 7596 17910
23873 20238 27130
5532 19264 42
20606 6311 7186
572 25766 8824
9173 5333 22006
24870 7307 29355
15034 8166 24736
25833 2291 4189
21899 13074 4927
23789 5177 5498
883 27871 2377
9489 22461 6859
21730 28274 5023
8653 16830 6856
2114 8168 21225
5270 13534 9879
23301 18100 12920
7361 28067 17022
8619 14318 18242
12578 15525 5103
13858 527 18494
18902 12323 22846
23470 25298 7763
4038 27090 8293
3465 7200 21522
4666 27 29576
21328 687 15526
17533 22013 18899
3889 29873 10205
7906 5600 21901
21197 8872 21207
28591 27336 15534
17878 23826 23073
22159 22253 21852
13465 11882 12873
20124 12971 21574
28196 27132 25436
29375 13774 5049
2297 7487 14931
3356 25271 2399
10969 24823 21177
18128 4350 7158
19006 23507 11480
29452 18422 3254
10618 21990 23172
9711 19747 9074
11721 1154 10780
2066 7813 27478
13561 7925 685
4809 18252 10051
28364 17788 25296
6570 17572 4803
23838 25386 2297
3529 16090 13095
19363 1400 6822
19431 29934 2755
13272 1369 29265
29985 4390 23715
9330 16830 24818
14388 22324 7746
27932 3984 16172
17586 25225 20492
6280 11033 25201
2320 3555 26127
1136 14800 7404
12340 363 14898
28162 15410 12868
22159 2258 10065
3817 3936 28821
15127 3607 5588
24359 25146 17492
29481 21141 512
27686 7346 5296
21018 8078 109
18578 11368 1859
21196 26214 10010
3625 19677 14643
13292 1564 17897
8718 828 25092
7486 9508 24550
19386 27451 12677
112 8480 28627
11168 2490 23770
4906 18930 5573
1713 17492 17472
16166 4704 8100
19939 25889 18680
12661 13231 11070
28853 8179 4942
4374 19119 6384
21390 2955 21521
13023 3052 26002
9237 27326 5750
25010 21215 8446
6664 14462 8085
14632 19234 19706
22751 16211 9691
2551 19087 12154
2520 2101 23674
16519 17480 5595
12692 8793 27644
25901 21884 4124
5327 16313 26002
19850 20938 27703
2501 17798 7548
25921 22349 18921
15217 4605 12344
13938 28971 29616
16067 19816 19613
7429 12597 17542
10313 14486 14821
24973 6458 14970
2465 26755 20452
7973 17601 17511
20007 27073 9769
23328 18133 11239
5721 17829 11989
12160 1982 2711
17877 17281 17667
24266 17360 18930
23174 29192 3723
2735 26027 19332
13859 21333 25303
23138 11894 18412
21660 24381 11084
4290 13161 21111
13694 10304 22253
11204 3044 28109
3146 19058 23073
29192 27173 12773
2405 14446 2014
24778 7664 17739
1451 15671 8813
23487 4629 13651
7835 28083 10836
6491 529 920
16974 1691 12267
16212 10442 29785
14006 28908 16813
7948 18180 16785
7812 26590 14204
26352 11954 4627
13659 19550 23969
11997 21521 8461
9674 23206 10400
1116 29557 27388
1892 1393 10383
8367 4437 16327
11896 8364 13258
5260 7421 13974
22649 24811 22278
2443 14385 29904
276 2717 1046
28251 1664 13595
16512 5602 2800
13122 16795 29047
6234 23497 26060
16383 22320 29789
5381 15629 22674
29795 29494 7317
5692 26783 5451
22935 25004 7484
10651 10085 4381
29454 1546 5483
16516 4762 25785
18295 7677 16352
10497 20694 25163
16832 23866 29982
26589 16968 23627
12183 23583 13016
19184 6731 8461
16818 3261 19193
4718 10136 15933
19832 25536 15508
1297 8033 4239
6521 3324 253
5463 11824 27652
16674 4509 27526
12169 25860 755
4666 1995 8178
25399 26758 14849
23186 1087 10275
3666 20427 7344
9845 7528 9526
5555 8101 8201
14493 21359 21645
14838 3410 20498
19348 1860 8343
23067 19730 5507
14228 23540 29038
8963 8963 11020
27104 22236 27079
17892 23090 22679
5304 4591 24975
28339 24061 27173
16617 9045 25882
18748 10160 18575
10873 20319 762
10997 11602 10140
11211 16648 8662
22186 24494 13519
1853 8904 18992
27237 8054 22417
11300 22946 4779
13882 12285 22115
23963 22120 25533
23548 18425 26883
932 3090 25141
18633 3614 1714
25582 5021 272
15103 7202 17921
6692 26012 5029
22644 20744 14420
25459 6707 25508
9584 7397 18906
3435 18973 20609
8486 664 6370
26164 5807 21774
23840 13723 2322
1304 11998 25153
24783 25551 18767
20972 8952 13242
27376 19318 10262
13925 19616 7047
25896 8176 53
18394 23279 19615
22978 6906 20915
561 18113 4937
1744 18456 8945
15688 4511 11036
22823 5248 8493
22409 21127 5692
12300 20058 12216
2900 10844 27973
8246 2134 5120
17638 17808 14930
24835 173 2419
12965 19038 6773
14285 16481 7754
20433 28490 10352
8075 27563 7153
12324 20097 24913
4028 23842 25688
28366 17362 18802
25847 18366 26443
13785 26524 15911
28034 11855 20830
5607 13957 11170
21700 17815 20997
25191 2199 28923
29614 5721 7248
10066 24642 27698
28987 8532 25429
10953 5083 19589
23638 27055 21471
18379 17420 9539
7295 5876 11622
24554 23129 27782
13130 11910 12529
29647 5991 26817
15616 799 2022
12278 24011 24933
24900 2996 12282
4021 28887 19009
10535 20182 18860
22725 20146 28460
17209 2096 23746
656 5686 432
2337 3833 13498
11350 10808 4675
6047 23831 14352
17125 12502 27395
29283 13557 9440
5608 16478 8013
6573 20398 28818
17661 9764 2187
23434 21930 27096
1208 9776 11383
8567 25108 1382
7264 8460 10584
15886 16788 20268
2452 1519 12955
24531 1370 27868
26834 8120 1938
8971 21174 7121
4743 27999 476
23802 2885 15498
13925 7990 28923
23789 5616 21760
17413 24590 23797
29474 4522 11516
14724 7971 21377
19938 27787 23082
10432 9907 26942
20226 16963 22477
5090 22520 8909
12369 5747 19318
18347 12219 22998
5608 22439 19478
26855 12066 29868
14669 20997 19547
3483 16427 24924
16296 13631 10648
16191 26074 4957
21598 15211 23448
14281 15241 18194
20814 7014 11684
22792 3182 18668
22763 29967 19314
24217 3770 9057
19927 11672 1808
5120 3774 28054
28943 4043 6071
7326 15680 13623
29032 17879 19125
27256 15469 9201
23174 11840 28275
22629 25026 24468
15637 10714 2215
2641 27775 15774
22494 13400 28662
22888 2811 24367
22675 11115 4980
17735 2893 16122
28408 9488 22229
24136 11230 23417
1237 22764 17963
13819 14935 20190
25577 28246 29353
24528 22930 21223
20815 26946 8008
19127 20492 5093
15876 5161 24544
10172 15631 29370
16997 26286 19827
24683 11340 4114
2618 9252 26809
6100 25690 27698
21168 15904 20986
28267 4950 26585
24383 15478 11225
29689 14325 2185
28820 16628 5634
10872 23615 29120
5714 14215 13059
25542 13318 4205
5716 26656 20586
14302 10699 6900
29111 15997 28033
10500 24602 22952
19697 14909 13246
10718 19334 27993
24447 19475 9869
16025 22198 20867
19904 16088 19078
29156 27395 2325
26334 18386 29248
22177 18194 18592
25653 9653 812
16221 13376 3739
6555 12960 16208
25582 24409 16160
25360 19997 29509
21845 26195 18659
22003 8526 20553
12934 6124 23884
12855 24681 23749
16197 3249 28171
25841 11379 15874
24257 9325 18714
8823 15550 28344
13797 29743 17237
15035 9502 26413
19540 13987 21819
11782 1272 17622
8174 20251 14168
23615 10809 12127
17755 3581 10084
13973 19193 5201
9283 22422 2499
15566 15309 24439
29756 28711 11564
29592 2574 17420
16525 7154 21876
3901 12238 29138
16976 27521 15533
1815 4734 21617
4088 7892 2832
16523 27061 27445
27118 8293 3657
18279 5309 8356
25050 3016 3399
2954 14287 28447
13895 16493 10770
13879 4282 12035
5890 8310 588
15147 25003 25537
12641 22687 10139
861 16929 389
11105 11045 13376
8358 7980 7130
2173 12941 28539
24973 21265 8844
25994 13024 15650
1824 3010 10484
12982 13249 25693
21664 19441 4306
25712 15777 19465
9287 28870 11155
26944 12497 25377
17849 20592 28163
18331 12059 21880
29883 1368 23802
13510 22039 2735
14058 979 22063
1337 20587 7710
22592 27142 27900
23739 8151 19104
29945 18114 26839
10158 5131 11511
23022 2115 3510
27174 16468 11962
28709 16404 23045
4613 8872 19772
18089 8825 16356
18217 3698 21841
29427 6548 29405
14715 4076 14270
25323 15089 19271
28931 27200 15758
17729 12776 9187
10669 25858 419
3980 3503 8408
14341 9003 27244
6081 2104 2056
6557 29696 27199
14162 18937 4757
14078 29218 29314
14537 11103 8745
13767 18900 8296
1689 5291 1768
10543 26134 11182
15367 8157 17124
3944 24729 28307
9880 10467 27056
15696 12318 21547
20975 7647 78
3689 21243 9724
8617 11420 13220
17104 9936 6931
27317 24097 14386
22919 26081 22968
17575 15930 12056
12822 19937 12925
4055 4723 22165
26513 2042 27810
9689 12780 1214
14002 13714 23750
12332 12945 29202
8784 5253 20478
21624 22949 15511
21266 3193 21472
18507 27867 19027
2821 21622 640
3845 8876 19470
24742 5312 10396
127 489 2882
19226 5164 1679
13321 27002 26760
673 11435 16036
4090 15694 4383
20710 25677 22824
21003 25331 2210
20541 20588 21455
26 15913 11929
8835 6149 7625
19416 13816 1424
21264 28153 13003
730 9561 7472
27077 2674 25414
22420 25739 4478
21850 3995 24395
18433 25719 20836
19047 15876 11627
8808 17621 13354
22893 20176 19395
16946 9428 25895
21722 31 3058
24325 13290 7019
25043 16848 795
1026 6246 5977
3648 11036 14556
29737 4119 582
16117 19186 14568
4994 3081 17407
25952 8172 5383
17151 4094 22541
14141 12999 22775
20662 15267 19716
14274 21951 2662
15860 11363 22213
3959 6447 7417
24460 26771 21482
8893 5775 17828
14571 7676 17698
29072 19290 16423
2117 4430 12024
15998 29278 11978
11656 12456 17836
21527 16992 19086
5851 9269 3471
6592 16942 12876
16318 12968 21135
23754 21075 24832
6379 22215 24778
18854 18130 18754
27434 156 29083
22706 9759 9459
18010 8773 22983
21600 22086 6517
26717 12341 29170
25707 9994 10041
5630 3139 21563
19412 2483 11731
9308 7421 3125
24738 8202 19213
8610 16451 17433
10049 12024 24038
7252 23865 12
11023 12410 22327
26103 29042 14333
19343 29821 5520
13807 12371 14473
28074 3 2967
14138 27245 4238
29241 24471 8205
1949 470 16359
17240 7029 18328
4599 27135 8647
3388 24866 15423
11185 15324 6357
3903 26975 6742
11417 3754 3175
8302 22273 11226
4705 1710 19719
17651 17078 17039
24362 16138 27200
24437 21794 6362
11695 11598 21094
27714 19741 17125
1298 936 28881
19571 4492 19999
15522 19395 6885
13128 20110 5887
28735 27525 15937
7010 18088 21167
13932 25982 22890
6979 7964 6203
9225 29666 26545
22831 10573 22320
13249 701 7620
25998 5847 21989
13886 749 13404
22494 27282 18742
22118 21509 25985
21725 12417 17092
29060 22929 27436
1274 20237 21419
5373 29117 600
15188 28013 18213
25287 12356 15916
5320 23916 18776
21073 13123 12105
19651 27975 22904
19548 6838 7490
1264 18867 11025
21489 25826 17405
13913 3019 9981
28396 28126 13926
10009 29990 27314
27484 2072 27310
11650 30 11477
2952 14491 8645
25902 10439 15776
26634 27762 20185
20767 20241 21459
17038 11738 29672
25828 22098 8589
18872 19721 989
1237 3690 15547
6401 15907 6737
24509 26762 27577
12728 29007 27559
22591 14451 1515
25784 16857 17720
5383 7236 19834
10973 11435 15088
14445 5096 3821
6528 8927 20820
1326 21795 2519
23177 29949 18744
2032 9444 2359
27264 20023 29925
12874 13190 13315
28014 8007 25531
2949 14243 8030
11086 9092 20003
10330 25361 5687
18165 8045 29207
21573 7825 21113
27273 15959 29190
25491 15221 17639
19748 17251 2635
29400 26529 28369
11901 10206 7755
7034 17555 23329
25158 16394 15060
20143 17846 15528
28923 23108 10648
2295 18768 6621
533 20190 17173
7969 29475 29590
23178 24598 6132
27815 6431 6222
12202 28530 15647
7674 5791 21414
22377 29384 16457
18748 29035 16497
19707 5284 23409
25338 7567 3082
5170 2294 14154
12685 29194 4514
22722 7819 27685
29702 4153 3650
15914 19269 20759
301 27819 10585
29765 152 18544
12222 4747 12626
23850 15654 21729
19009 2734 2400
29811 20943 120
22665 26000 3099
9464 26492 8687
26340 27235 4838
19944 23843 23201
26817 21075 20278
15454 29358 27542
11553 7325 7313
2492 24686 1283
14102 26026 186
5126 5195 12640
11040 2246 24093
24380 26351 5848
5925 162 8329
5295 10928 11452
2793 19721 13642
26259 29230 5393
9746 9199 20868
27777 23571 13470
12638 26977 21085
9771 22497 7297
29649 6515 12674
20105 21916 10404
9775 29305 28272
4591 3395 11297
11898 21846 1527
27285 18682 19063
18780 25193 28289
8002 20964 22112
7960 855 20586
3544 17951 19584
17464 12786 22947
11152 29227 29027
15628 4207 2628
4966 8371 24757
10504 12512 20351
21442 24396 27746
11487 654 11969
9396 8278 27785
7036 11517 13107
10647 12991 29528
6255 10127 14198
9472 12705 16275
679 17692 19117
27553 18937 23796
8192 1246 6223
27327 5025 29104
8574 2693 20572
5948 27562 21071
11672 21406 12580
10672 5424 23984
10539 6446 14327
13843 15337 14376
24604 3699 6694
1055 16472 7252
20272 26601 28958
22058 11948 19078
8101 607 6736
1133 23027 12433
7957 5583 913
15832 7666 9759
8765 5674 13585
286 5493 20851
3629 27178 29735
23673 26043 11692
8444 2914 3789
19660 5262 1571
27673 28717 9265
29570 13614 7584
14444 17127 2302
19171 11788 5635
13243 26270 21577
22866 17711 20380
4976 28846 28998
25659 15141 24511
9756 23772 8527
15158 17118 5231
18808 14670 29894
26828 19697 6232
21867 21116 10235
3192 3495 24008
23999 27356 16841
16847 10829 27660
7740 11279 28766
25250 29119 24683
449 7599 6100
7796 20546 3597
16428 23225 4968
24534 21395 12966
28491 27364 26824
23028 24930 28793
24910 12059 17250
16192 28441 18270
9057 21326 26981
11886 26606 6604
5069 27668 9530
12393 15046 10542
27522 23660 18465
27395 10550 23463
15491 14407 6711
8031 24976 29891
7442 8972 18565
15161 27509 17686
6541 10287 27377
3395 10554 3831
12502 4118 21345
6256 3530 28642
15736 29300 12870
1996 6513 23579
20514 25197 483
3243 1797 5311
21258 21479 2078
17663 110 8970
12214 16466 20295
16231 11659 2331
3215 18562 3714
1202 16695 29953
25431 8290 20594
4924 3994 29075
28748 19069 3954
12676 22354 20744
15734 8476 17872
26493 25110 23228
21927 5917 673
19432 19402 20167
4991 14134 14658
5916 15597 26384
5390 9060 20510
22702 13311 26097
14599 17436 23918
12223 26085 14264
25813 1551 25258
2260 19872 24822
19257 2288 5039
12215 13822 3936
9211 17510 22524
7102 11172 6444
2586 16661 14305
25452 22043 21380
4686 5115 7171
26135 20198 15884
12257 13542 23367
3246 9879 8288
5063 14446 13933
6049 20926 9183
28035 9411 12822
476 28677 9018
20019 5624 4470
7759 19647 15507
11612 18827 27583
22383 4460 5900
8518 14466 10736
1372 1241 11905
5549 2504 25005
6046 19916 8862
15911 26218 26476
28145 13377 20324
17500 9673 6727
6902 6482 2433
288 575 5245
14568 26228 1797
598 27444 19938
10467 23136 14932
9071 21333 14808
5930 8732 28793
19698 23963 13894
1510 1265 13110
26222 17494 25181
19898 16347 20040
1981 29642 25022
15512 8380 9591
11435 28526 13083
2657 8986 26901
13384 28267 20397
3694 20112 24526
26184 8361 7989
19300 26020 20278
22470 4231 9040
17109 5807 17758
27422 18255 9168
20345 26801 23924
18745 10034 9776
18049 26340 18693
12075 5375 25322
5005 23120 8452
22780 12309 29551
11582 21813 14473
8408 8018 21784
11141 21109 18626
15971 24844 8566
17639 23693 21422
27071 4088 13209
11418 3208 15132
10126 20405 17598
2452 5318 21729
2148 1188 13523
24389 12258 18265
24925 14106 18881
18364 6983 22725
16760 19814 28616
20680 28539 6861
7215 1160 25589
5148 19249 29363
12742 28885 17539
5019 9602 17503
23805 3853 7111
4402 10155 28303
12760 24587 28315
26804 1922 27779
3582 19745 4131
25255 5508 13365
5095 24072 4524
7006 462 27541
11285 18671 26625
3639 7135 1493
26733 27418 23199
1501 9040 24852
7531 12613 29102
16624 9775 29533
27889 19656 3264
29835 12221 28971
2875 18096 14906
10288 12073 10814
16382 9036 50
15187 7805 25004
3463 11479 21300
4249 10187 17160
17533 26724 17603
1792 20564 6348
6769 27945 8365
21770 8704 25918
25669 28521 6006
17481 19546 8784
16188 17977 11007
14791 8907 13726
29354 24908 23193
15175 3267 29554
6941 24423 27525
20830 8828 28872
22699 24599 4151
3939 11531 28071
20485 9709 21509
16457 29989 12685
2093 399 2972
23287 4708 4644
3803 14763 24796
13179 352 350
3586 6626 12877
24175 20375 2575
455 16649 27200
16744 5083 26766
6886 22761 26090
26582 16689 18611
20282 15383 24747
22787 19366 6626
16921 16619 8207
14833 13138 10148
29329 6160 24097
2186 13561 23717
18874 19147 12337
24658 24532 263
27360 24808 11352
26573 28491 9428
8169 8830 15636
21318 8310 26652
4930 29705 978
19311 2037 15150
1630 19148 1923
24092 5606 12937
13203 6133 24557
20124 29135 13035
26569 2520 24020
25984 2477 16005
29098 20933 8402
1194 13192 18043
25542 12381 287
26504 28889 17854
12221 22445 16922
1786 21272 27396
901 29209 10599
20696 23067 6057
13594 19045 25316
27367 22173 26136
15165 16109 17051
21076 29575 25298
4567 7054 12622
553 27083 19366
3796 24434 29150
4096 6501 7750
4259 9887 6285
22510 5869 22089
3027 21478 706
20885 23515 670
9211 3266 297
10082 18310 28854
10349 29279 612
17718 17872 26263
28266 23038 2239
27504 7940 21209
27293 25483 12685
6255 20217 6454
28000 25916 22286
19607 4397 24230
5071 12603 15820
11524 17800 8619
21038 15447 4920
26538 16465 5441
29275 6928 17775
50 4636 4119
27870 11692 22969
9370 23295 22148
23200 9311 13966
29895 14469 21448
22686 27117 16681
15024 2248 10691
19262 2119 7801
17269 9863 13723
15815 1190 27640
10392 6071 20172
5900 11202 1756
5730 827 17988
4075 12740 19517
14515 8113 13253
23940 29315 7332
10877 6938 20400
20492 23874 25511
27526 17358 14691
1908 15144 19407
26650 14731 22367
8988 29679 8494
20281 27557 3071
15228 9362 10285
28319 8823 10472
12561 1798 20096
1174 28894 140
14484 24959 12912
4009 25831 18439
14575 15428 22190
7780 8089 23757
4374 20621 9490
18468 21040 7374
11746 2128 29233
11930 23169 10400
20444 7289 20244
25630 9167 20612
14463 7438 6330
9147 8729 27010
24123 26376 28564
2369 20998 20082
15253 2698 26117
14144 29305 11767
12511 5452 3160
9798 986 27862
22553 886 25669
5540 19897 3655
19725 27352 10885
22944 13303 28209
9064 23883 870
9248 22397 23364
15333 9657 18629
19038 4490 17943
25642 24086 23983
3841 17982 3424
18578 19220 26973
20821 15049 22796
8827 22161 11061
23840 2273 7862
14618 27034 28110
22952 18845 7301
11092 15342 493
15158 9260 11185
27542 19094 20161
27780 27507 3089
29939 14198 24705
3889 9834 5675
29553 19797 17121
29574 4578 16724
23919 18974 25591
16679 21720 11392
11602 5650 25529
12682 22403 10747
24641 14067 23783
2221 2318 16398
2230 29689 21959
26296 18957 17735
4358 15658 27009
3447 18376 22093
24275 9551 21598
14702 2902 17880
9754 3648 4952
21878 28939 16758
997 2194 1438
2578 8361 17280
20335 3896 14725
26493 28981 11981
5356 23268 9273
19127 16932 21680
7086 5987 9123
20280 9173 13120
25100 26298 7206
6521 790 1941
29036 4126 6738
12708 23401 14777
2933 28788 28954
6478 26660 9843
15265 828 7559
20908 13244 24061
8900 27320 26478
25010 5637 6070
22718 10190 12679
24615 21485 24058
23857 16220 7088
17490 7608 29261
670 22423 4667
8229 14085 3532
5358 16351 22453
21732 3643 10246
22836 14847 1028
1502 23086 26718
26422 10954 28568
9660 10101 17328
2500 15514 406
10582 17776 13884
4388 9063 4252
24001 19730 26836
15484 19899 22392
19946 11945 12821
24986 671 25489
1364 21859 15584
28049 27588 9339
4093 15571 19745
6748 3058 21489
16461 23735 7051
23668 22141 27724
15331 20206 16013
22018 16557 6
2600 3372 9280
13084 5720 198
8841 2130 2120
349 5547 9986
18082 18755 7216
2701 22804 2182
264 14551 4726
22556 22316 29152
2737 12904 21276
104 29148 18726
1456 4869 3563
491 25269 25922
22196 10311 9068
21528 23232 372
13520 23610 1345
13993 6211 984
22763 17878 20468
6964 556 27762
557 4032 19049
9799 28985 4133
27637 13419 10780
1804 4653 4867
12403 8333 27798
21295 2470 17858
20379 16364 18657
13542 9981 17229
28051 4795 25026
23836 5713 6337
20174 9833 3
14134 5503 14273
28961 14640 19891
14 15181 24628
19448 29511 5652
3227 21928 3005
2820 13819 29018
11441 17619 10774
2963 10689 1182
29004 12605 3160
4850 9476 28400
18811 12408 6235
22983 20623 2142
5443 23726 25246
7401 1172 13636
6022 20044 11440
15673 24093 18650
17135 18577 16967
19156 9265 562
25102 11079 28100
11179 28938 21213
10778 2328 26213
10580 7952 13065
17106 6323 1507
24982 1876 25085
13681 19186 9290
25736 8397 22227
10195 23679 12872
1077 19026 15699
8530 6708 17160
6208 22650 5952
6738 26014 20058
6896 5582 1863
16689 10846 1431
25600 6915 25713
2313 17617 288
27174 10468 25968
29544 10285 18142
29623 21687 10539
12905 5818 9318
3486 15774 29397
3606 5359 24391
24401 15837 6871
21025 16530 15987
6454 12637 13023
29275 27212 8565
29225 17131 10976
15619 9625 17026
22162 13842 9167
14643 18965 5664
16006 7492 20061
14681 25555 24438
2897 527 14284
12344 13268 18106
9410 29467 19057
27182 22267 17733
14397 15349 13914
29047 6542 17063
18981 2157 21881
2163 16307 19251
862 17938 18276
23227 1205 14996
14579 11451 16736
22514 14677 12611
27675 20731 236
3568 27280 13457
15643 12270 29625
4580 706 14891
15744 25989 27638
6346 20713 25200
11099 9539 6293
24281 22310 26348
3896 1943 7259
26069 11915 16528
7630 13269 3401
7014 25928 236
21789 8241 7039
1103 13769 21205
15068 8264 18968
6006 28158 19357
11075 28941 3955
4144 456 4962
30 29809 22805
1857 23651 1698
19280 6753 22304
21384 22433 29411
24740 14007 8435
14669 3456 14826
24457 21323 24060
14201 6689 23342
2520 23164 2919
24684 27090 12970
28792 6864 24790
1967 4111 7767
8494 16478 15944
3271 23850 17434
16552 10617 7126
8966 22668 11617
1221 12109 1547
23268 2471 19251
21545 11250 2532
2103 6273 6315
15876 26229 12119
15351 10287 26966
12281 3283 17588
8351 24823 6342
4497 15271 18452
28779 21865 16475
27456 13412 9858
19976 27482 24221
17849 22725 20621
4490 12231 24117
20580 5007 8028
19685 21514 7846
8896 8746 11997
25078 10309 13103
22185 26097 28752
15000 24563 24596
20659 4856 10776
997 28946 26052
23193 11150 14433
23881 12658 23348
8083 27487 21280
5928 11912 1609
26758 28712 1928
25077 19592 12883
3627 10368 24444
15288 3463 18235
17525 22355 3371
25732 21100 15725
2628 13015 7869
4337 8418 7130
12285 25218 19788
2628 13853 12732
13207 15342 17846
20065 11107 18945
14932 3410 15961
18993 16648 14308
13216 14607 24423
9150 26685 25741
11910 24330 11149
11276 20097 3309
21450 21632 17735
18878 2627 17664
27090 13200 4855
18637 2235 23716
3768 29875 7590
11247 20301 5184
9700 27804 21697
10011 4317 6342
14586 27895 14171
28412 28686 14356
28965 2466 15614
1111 13420 28714
726 2438 5338
9953 20597 17168
25698 27728 25949
13407 29929 13195
7554 18083 20413
8831 1666 9647
10242 19352 17967
14591 14165 649
3399 620 11100
23797 21743 2721
28579 8306 27253
14277 6452 19424
6013 24300 25596
742 13170 25373
11251 11659 29559
23433 989 4280
4079 24851 18633
3670 17805 4393
17196 6722 18524
21964 15269 9051
1492 4012 14634
11104 3159 26238
24292 7785 1642
18573 1286 19399
1027 9762 9685
1800 14364 13936
7604 5719 25226
12076 9664 11390
16068 29254 722
14905 7038 20874
26566 13156 14540
9546 20351 24052
18913 11181 19205
19869 14034 28226
6817 19929 1498
10738 29699 29167
7843 6832 23347
22518 16405 5811
14143 27893 6560
8040 1640 14361
7744 22687 11835
21752 3275 19235
10073 5685 20837
472 29909 25920
2871 25358 11377
4246 4036 21357
10633 16011 22239
9794 25783 9430
19068 14585 12432
25628 18185 7212
17141 274 10055
18203 12693 24270
18551 16493 16503
16565 21285 965
2948 2525 27012
11662 17460 9749
5808 1700 13164
1956 12119 17144
9848 13272 16175
19338 4994 12607
11322 3811 917
154 27938 8765
29188 20698 7551
16478 10328 1318
4425 5429 2766
6978 15374 1666
27098 9088 24337
23621 22247 11188
10337 22677 2765
12040 13107 27723
25962 7830 21404
10529 3732 22248
22556 16532 10361
4712 3538 13560
4729 7694 21789
10914 11498 9858
6175 13611 2983
28054 7871 1381
19918 4508 15833
25751 27356 14837
19823 2221 27878
28017 5313 22285
25140 25782 6659
13692 26013 22554
23637 21160 6612
7986 8526 6954
8754 5212 7951
20175 16893 29857
8534 26792 2740
20118 19049 25559
6109 6347 4174
28845 5869 9337
5751 22308 24585
4662 16725 7201
15939 23560 18479
24460 26544 17641
6466 22855 2359
8303 27740 21447
24407 10048 29254
17771 22541 15156
15982 5559 17751
6163 21488 9312
22308 14817 21198
12445 10694 10935
4491 8096 21572
24100 27018 3195
28095 23162 2989
10538 6199 21540
22404 3538 20836
12748 5307 11985
20331 27627 10826
20196 5845 3647
9698 13149 9989
16239 20007 7288
14722 6534 28614
27204 19969 14501
23191 17394 26370
6064 17563 27081
4133 28137 7703
7928 6664 13547
18394 14731 28897
10336 6617 18040
20884 24439 12961
21969 8269 19569
29301 9076 21413
13102 4382 8190
16314 5410 22883
14532 17815 22884
19674 29806 3484
7159 20495 3710
7708 15492 27098
29148 27927 5070
27192 9086 1098
29230 9387 20110
24945 6703 21059
19404 20666 28442
21521 14197 4410
27920 11650 29447
13782 5358 27371
5990 22831 7036
12864 19050 6163
29082 1481 27953
24318 3782 29408
20605 15559 2186
9215 18436 17090
19443 9801 25654
28674 22637 23459
15605 8299 5732
7281 329 3635
23311 29930 26475
25469 28885 1608
9974 20723 17653
4528 12321 888
29506 3163 15314
8267 27777 4815
13069 19753 17490
22420 10885 22555
27178 22544 16038
22490 1034 26970
3823 13693 14397
16881 9689 15028
5217 9988 8257
9384 21808 21543
12732 7918 23353
15142 11826 12063
18692 20661 10620
16248 4097 8111
8027 2606 20357
7928 9605 4351
20858 7667 5113
11802 23378 16609
27493 8119 541
15599 28059 4976
8016 28834 29737
9254 17649 7639
12987 24615 8255
20565 4419 7864
24956 833 6709
29212 8019 26855
27438 4104 21759
23050 21087 27775
12480 7616 13715
23141 3672 10315
20778 12772 5121
21207 13389 19273
2742 13313 20523
15894 5196 24339
16287 6322 209
7987 10529 26086
3903 13193 29414
14425 9055 16950
23731 26148 28444
20419 15861 3506
4099 5851 11540
3910 27504 257
29796 19733 9630
19016 22423 4154
608 6145 21076
9608 5512 12407
12810 27032 8842
21480 4651 29457
24566 25974 16119
14786 20786 25911
18212 7904 27262
29574 27950 7146
7655 8034 21574
17872 6458 29706
9040 4655 28823
24172 29858 15835
26732 17536 10310
23537 27570 29503
11627 3236 13514
374 10246 29700
6256 25957 9764
26617 463 1886
14066 2725 6370
4416 2758 4603
11138 9081 18086
1190 12768 14053
1943 17292 1093
24311 8790 8825
18665 8713 7413
11802 6158 17595
12292 25423 18957
2225 29765 24115
28024 14599 6741
19154 25764 14083
15522 24915 2983
14943 16672 18523
10770 27911 15435
21572 10539 3803
5626 17703 17338
3727 23387 22430
24051 23932 16917
14929 5501 25568
3338 9130 18241
15240 28729 29933
27819 20498 21176
3228 3849 9487
5769 2053 8670
21568 8685 12477
5913 26065 4547
27800 16339 15520
4289 22495 2390
22070 23688 15949
19480 20610 12245
29211 2365 10461
27975 11251 15375
4876 10369 25204
20562 3948 15518
19835 20872 3289
27391 16762 15975
333 14955 5916
11486 8442 17994
3108 28558 22078
21338 11293 6536
18868 13172 21308
28229 13220 17359
4085 23062 29012
10869 4504 24898
12242 7166 6733
5326 17911 5517
4559 25355 1149
6225 1236 11324
18588 7881 20732
17674 13123 10829
18229 9085 8845
14191 6091 1978
17042 21589 20784
10438 2486 21775
13023 802 5436
7152 20158 3047
169 15955 23486
493 14334 24908
18621 8289 28700
29673 6424 246
23678 23910 3085
12894 21164 12137
21211 15276 23555
2291 2516 15715
24755 2270 20148
22319 16214 16323
12173 29710 23621
8371 25385 12030
26822 9319 22240
9822 3164 21224
22090 3346 20094
18756 24793 14339
19673 16533 10141
18625 18339 20466
5138 29363 22302
16388 20070 13087
20609 3383 22821
12282 19883 13311
19420 23930 17420
9893 10674 14805
21960 23214 27525
18581 6283 18823
24577 2943 16122
29692 21138 17432
25369 18656 12517
23282 17950 18233
28474 8663 1769
1868 18514 21137
12137 24243 7338
13100 5596 21551
29219 17527 22832
1121 16035 13559
2201 7132 6004
7464 22701 17692
9313 11334 20027
17856 23684 26068
12644 16955 3552
987 4459 23959
24489 9823 24993
10662 12875 22679
24156 1909 6533
1177 27419 18802
18479 21521 14264
3227 28968 29521
15496 21659 10359
11729 1460 17591
18537 2605 7756
16741 2400 18773
23961 23474 5953
10108 14968 8780
29234 9134 19129
5905 20548 3376
12043 5502 28992
27714 8066 12288
21802 26638 7312
3521 4127 5078
6547 8471 3183
24883 7736 29820
12142 9334 13079
21040 13825 8694
6999 22505 3990
1206 8053 7825
23414 13421 4930
2172 4808 11602
22775 10782 25269
27882 15864 8285
19693 3035 7963
3150 12959 2516
20798 17343 28099
22346 16963 11538
2869 19661 392
20902 17287 29054
15018 5946 12902
10056 7714 29325
3307 29804 7293
23775 26576 1563
15953 18437 17304
7525 8795 28110
18921 14548 28579
25067 22539 17726
21852 874 22320
9089 25406 11247
27084 20299 16669
13777 23719 17341
29159 12825 10673
28837 5937 16993
18790 5293 20489
15995 15765 13354
14492 18815 19072
29202 8473 5809
17033 4421 12099
11220 5913 17202
6992 7492 26789
8455 10958 19476
12389 10400 15291
11491 21749 22410
6696 11360 21722
11525 25234 8621
14527 26250 15462
28564 22491 26539
1127 27337 8118
17642 28208 8700
13909 16331 11238
14242 8443 22996
20922 19831 5075
23844 17838 3096
4578 13126 4701
24176 11628 4194
19655 5092 29346
11572 1115 4731
29833 9140 1887
9590 22325 11872
2763 18480 24317
19736 23965 3563
6042 20440 26334
29689 12530 17108
24887 17421 17194
6820 16346 29537
24104 15268 17953
222 20207 19884
14043 19692 25922
25568 13366 22654
29932 28637 28129
5971 29597 23583
29312 9898 8297
7027 22169 11002
21185 14020 11379
26618 21116 20705
4025 11341 5917
5576 13060 3320
18712 14880 26846
24026 12011 16272
2290 23273 6593
29089 5584 299
2713 14752 3043
5588 10550 5395
4382 14659 4221
3747 27883 22962
24241 26517 1826
12230 17934 22223
18870 20352 24598
19931 4098 26973
14797 19924 23908
18623 21237 18406
26712 18208 21004
11211 6460 24800
18105 11287 8772
27760 28941 22441
20600 23809 20810
29884 11230 28626
27102 5896 18249
24298 5955 7968
1568 11927 19140
5089 20224 24718
10802 9846 4944
10094 18436 10461
23860 16389 18174
16520 2945 25401
7032 2564 27632
6631 314 25634
26368 3677 19832
1242 6592 13338
12749 13586 20501
4274 26818 1840
29566 3774 6672
25252 1376 21103
16918 25867 8198
19741 10579 17293
23163 13236 22633
20822 21546 23073
19039 10262 17440
756 2396 11604
28505 16516 21206
2129 14446 7406
4089 26388 25683
18272 22629 3380
7138 27528 6022
24011 19227 18812
20322 23109 17094
13332 18205 10372
18473 829 9107
23820 20484 21206
13115 16661 10648
4278 26441 17768
8386 7283 19574
28542 28797 26552
9205 11304 27996
14190 27164 19470
21680 21837 27355
29184 18818 4918
431 22154 11915
640 18500 17384
2859 8850 22645
18076 8704 4143
5025 15443 12499
26867 5931 15980
21082 3605 25585
812 27876 18615
9147 2236 18392
16277 5568 10469
536 20031 23098
19861 22492 12852
12964 12845 14928
7713 24440 8418
1404 14463 17386
14740 26263 7704
21935 3804 6011
28227 10499 25816
3759 17351 16295
20905 19557 22674
29800 19184 8138
23292 11591 13600
5641 28460 17941
7180 9885 4862
318 25367 13781
24113 9279 23166
17644 16955 2829
22819 4462 11991
15577 22285 13455
12500 21897 19774
8445 3484 25532
18153 28512 6206
11150 10134 22076
13795 25544 14801
11855 1841 12592
13515 3948 21599
2723 21715 29888
27082 21093 10884
12798 12802 25641
1839 20177 10200
17888 21264 22453
21796 22011 12283
2220 4226 9650
25269 7012 3615
11074 28003 144
21793 21367 1736
29921 29988 18956
3129 14097 14381
18613 3857 18916
28629 16005 21517
22506 11523 4440
5702 14205 24307
5231 22222 23342
318 2103 2620
15110 24024 5447
10025 8907 14977
23509 28192 8718
24664 9197 19016
20316 26659 14563
16715 28798 10573
13356 28639 20412
22373 12462 3494
24215 17854 29062
152 8984 17510
11246 16617 27056
27136 16165 20884
16968 7324 14728
8908 9802 18019
1369 19101 15427
11976 19526 7308
23431 16725 16881
17555 21565 2423
16863 4492 354
12392 7755 20322
15466 29710 2294
20366 21271 4002
28578 26511 20135
7113 10999 28206
13089 15980 6985
18711 2992 1977
1520 6948 28636
10564 22853 16044
4089 13410 20909
11109 8677 981
22089 16758 595
1780 11118 18766
10168 29161 10935
104 4195 18804
14348 7589 28119
17548 15245 25141
603 11300 18103
13246 2556 19044
6072 23672 5001
13284 10335 19283
3382 18757 14114
22774 19155 9858
26024 26036 22013
23717 26654 29816
28866 26858 15679
22156 26393 26994
1927 13757 10058
28569 12730 14431
14629 10172 12051
9361 6317 8422
19877 9312 18727
16178 20166 15184
6310 20718 25487
8997 5767 5491
25719 5266 21704
2845 27781 736
20447 26291 9196
18597 6869 5025
14561 23901 10654
4455 10389 21587
25924 11444 5344
27052 25851 15465
27559 24208 25920
834 22264 5494
12757 21241 9438
12040 7697 4069
18422 80 8860
9942 21126 12038
1611 11439 21285
19693 26622 22068
24889 11679 26282
12118 12384 6394
10750 21272 21828
8165 27589 24543
5057 29077 18301
6824 14199 1719
9548 12566 28063
22470 24795 8363
28723 2946 6279
22375 29345 6759
11031 12856 12330
24291 17174 22537
14594 27980 28396
21341 13516 5123
4764 5057 12266
14303 16779 9340
4637 12187 2393
15743 1904 27820
17690 22405 11790
24986 13373 1880
25902 27953 5300
19186 16436 16597
17272 5965 11038
20404 24539 22506
12694 28797 18536
11283 17758 3656
16490 21968 26573
11457 3371 24440
11874 25142 4817
17828 25156 596
27840 6400 4754
10138 6116 20695
19230 3589 18134
22044 13845 2961
13111 8369 22618
23530 17974 17840
24670 15213 15097
13344 7158 22435
15106 26465 17822
19256 23276 26296
8828 11621 5007
29693 16732 17138
4707 18258 13913
6844 12193 19695
26801 19900 14343
14090 14261 6418
10333 13278 7954
9702 6323 20171
1677 13048 28607
1060 14540 11010
28880 5548 11688
11810 3010 19876
1174 13075 26192
26422 22815 21079
1104 13366 23754
23093 27908 13904
22217 5979 21961
28925 28354 2868
11050 8820 26518
2 23447 15181
14033 1704 3004
7439 11464 10890
11239 11889 20480
18195 7811 4254
6348 4045 23877
12472 9808 1277
17108 27586 29319
15840 14322 20729
10837 21510 988
26379 15924 14391
5551 28004 26618
26095 27861 21312
12205 21919 9195
23730 20038 11117
11025 11002 20226
14575 8650 7885
9111 29969 8352
6288 3981 2897
17972 29803 12541
6290 10879 7927
19045 312 22857
19134 4961 23251
4424 908 912
1852 2670 9923
8416 17047 27698
19127 915 26322
12373 25367 16704
17269 21631 1495
20038 11880 6467
13455 14021 25414
18809 1135 19265
16056 25481 108
20790 27279 4505
24077 29876 698
21911 8541 24551
4501 1552 7185
3104 10040 12087
29391 2139 22970
23183 8467 12918
13012 23110 17206
8697 6149 13360
12822 16307 10714
13623 13697 21651
4924 25318 25130
4410 12204 28123
3874 13691 27434
17080 15705 4579
12674 1208 5657
9905 6400 9298
14778 24221 10530
17963 7629 20987
11849 13986 7113
7073 4811 7864
9429 6741 4081
9178 13045 16617
13770 18723 10418
8476 16061 17878
1346 28995 3504
6284 649 28552
3709 24653 9711
4226 975 16405
19597 19097 2947
25987 11300 24518
24987 15202 7266
14345 9775 11617
29110 8190 10617
14263 3170 4161
12372 6228 12388
14777 5338 5476
9103 543 6345
19390 28824 16203
7052 27960 24769
11005 9728 19997
26845 23995 24908
25948 8192 17554
8227 27494 11933
14669 27378 19085
9391 19303 20844
27126 27576 27978
1118 7869 29668
1311 27814 21738
13922 10470 23737
16800 5909 2574
13080 24774 1272
24544 11514 10783
4111 26635 21945
8048 20475 23260
21499 553 22448
29240 23551 21982
24710 23234 16899
13738 5923 11639
9511 22011 22537
13404 10685 26239
19516 27499 25697
628 11775 2892
20941 20228 6913
12837 14641 24450
6458 19092 25597
27068 3916 19802
13846 19950 5172
1202 27082 16166
24981 9969 23058
26725 19946 7260
13445 24795 14429
15864 12931 14231
10352 10650 27293
19835 2756 23421
9047 2753 27916
10174 11267 14900
29974 26082 14102
7787 20342 27422
11514 14139 17785
11493 27451 22433
26757 9712 27176
6064 11972 6959
10742 7527 29404
15308 23356 22925
14425 23022 9974
25837 29227 16222
27353 13620 27556
12 11070 15456
27027 23978 20231
24911 4075 4379
7940 23358 21044
482 26210 27808
37 9995 6456
7270 12661 23526
8995 27809 14393
24251 26178 20072
24395 27733 8322
28633 11977 11480
19658 28544 2376
18005 13413 19915
28979 15599 7950
25939 25315 22744
16193 4957 3138
11663 13334 3009
12947 17098 12746
29676 16731 22404
25883 3578 11509
13097 19759 2253
25567 12109 15762
17033 11725 29
4726 8317 3040
27559 5890 2586
9434 21477 23080
1439 8301 931
7089 20090 12428
19949 3168 25813
10753 6540 8328
23304 25682 557
390 28003 28429
14633 7535 29008
3318 15346 21146
20824 3588 17852
28853 2883 1557
23247 2034 8910
18579 20353 21659
17418 8306 6642
16586 16264 4147
10586 9697 19257
372 26573 4161
13316 3941 2059
23172 21355 1679
19228 18463 25460
15104 18919 3074
19453 27863 15040
9769 2422 18885
9091 29031 19261
27824 29444 1946
4892 27793 2669
5050 26775 16141
18558 20124 222
13649 4052 2538
21352 14276 17924
8565 27885 25774
23012 2083 9465
27665 28218 5031
2967 13866 27399
29412 15023 1468
26438 20895 26608
21085 10449 5804
9906 1392 3044
10899 12762 12870
14337 26120 21850
24307 2973 27183
1829 14346 10022
28029 7567 25982
18593 13393 25022
26472 2601 4650
20636 8548 4958
27273 20532 4678
8199 8252 6286
21963 12987 13887
20340 11913 232
10667 4002 7655
25322 6943 16349
2718 15464 2076
16344 29248 4114
6659 27817 3983
10029 7782 17346
15969 16030 4077
13245 7224 19625
28473 21942 9409
13962 5143 28142
23346 24728 6534
5755 19400 9829
4677 21597 15464
28135 16248 2516
8328 22593 29491
1425 21973 26132
16377 7107 13294
13440 22454 11689
17011 14648 778
21895 29267 15068
12399 17932 10714
397 218 7876
25287 17857 29530
21932 17181 7526
10521 28694 154
24107 23810 5864
15362 22304 6774
22240 24003 5184
18747 17548 5199
22434 10375 29678
416 21376 10258
26249 29977 13502
8239 11655 3559
8485 13170 16958
23070 29009 28479
24982 28786 12755
22466 24955 7372
13385 19816 3885
2134 25232 22130
19571 18753 16869
14812 1639 4540
12374 7155 28375
27696 8507 23887
12372 25426 4544
4806 6498 3145
2850 12263 15769
19908 476 236
5304 24184 2906
15978 24331 7261
1959 6678 9881
21407 15023 23136
8525 17011 5397
13122 10257 14614
19841 494 28999
1721 19307 8476
1641 23508 13466
12430 1823 7741
17563 17021 276
9255 22926 3281
16088 1380 10993
22369 26540 248
24148 26377 17279
12485 20280 5270
19950 14812 18800
11257 17685 29009
28841 28490 6556
13657 26920 28385
2982 11487 5368
9155 7387 25963
21055 9008 17802
7544 24832 20918
21628 1820 23308
5797 18136 28562
23190 14895 24803
21001 23678 21518
2730 8925 20746
22480 1723 17187
21120 21792 24991
29922 5621 22638
9494 625 20436
6984 27038 27025
13573 9023 4933
21116 3197 2222
10337 659 9952
21266 19179 29622
4623 29499 3658
4403 13539 15101
5352 14835 24059
876 25717 2208
22447 16179 8364
15182 19646 9195
16304 19984 7303
7950 3260 1123
19373 2607 3405
5239 12795 136
567 8839 12817
3223 5108 13611
27137 5016 27217
25950 20819 974
8736 1188 8989
21722 16939 20470
15812 22145 23446
26579 20942 6793
19702 3084 14759
28059 11733 12810
2170 8083 2329
16834 27162 25205
4461 9724 10926
15232 18156 6766
22045 15123 21242
25732 27189 12584
8993 6419 13589
25796 6152 11882
11776 13281 5588
4414 2415 17725
1318 5861 23660
12384 24032 11016
7528 28260 9138
22225 8187 28062
8107 11188 23505
5095 29283 12754
11486 28697 17926
28438 19030 8360
4246 21133 20808
20640 25357 13258
1912 29288 26291
5263 13828 1104
19344 29937 9332
10571 29881 4372
71 27641 24547
28001 14046 16618
6385 12238 28651
24738 9135 4147
18992 8951 2248
14108 27925 29435
11623 24618 16157
3481 12953 13628
2915 9176 27814
14260 15487 11596
23018 23587 13760
3864 12879 1190
5680 24503 29341
14391 29182 15275
24851 13515 19349
18272 9438 12145
9666 8661 408
19881 20945 7333
3488 2924 27879
2881 19013 4419
15853 17016 29879
19628 5752 11737
24201 26420 23957
17585 15407 9671
5124 9479 9579
6165 21052 24324
26532 12273 9496
7381 24782 19141
8365 11805 3528
20047 749 7586
25868 15762 26350
1523 16222 22965
8100 20735 978
24288 5885 29119
10114 9145 42
13649 22903 6945
23438 5960 28482
29190 24869 12844
19780 11089 29104
25794 12138 21747
3942 4548 19054
25385 20151 3980
27375 18898 26675
15494 10388 29437
7617 2638 10283
29978 27517 15096
28155 11332 1523
29058 4980 17902
22532 22362 8920
15223 16643 16190
29855 17433 2292
8490 20493 15737
11295 8419 24544
2956 3850 18403
5769 11831 972
26142 29836 28281
20795 4524 16924
21951 22102 52
17282 26096 2670
15661 5479 27886
22753 29068 9118
26330 18279 25487
27528 15319 18161
15765 7433 22434
471 8660 4214
13125 6463 3716
11377 22152 10068
14401 28853 13862
16951 19592 27597
26307 5769 17619
795 23526 17820
10514 3326 13394
17235 18329 10230
17474 26812 13610
241 11055 13725
15139 19942 2378
5555 3944 11487
26055 18570 3740
12136 26654 25680
23778 2448 17360
20536 996 8660
18285 16578 15400
1168 14333 29741
25443 8106 7689
8017 5125 20284
15707 15375 15423
8306 11874 24954
962 19159 24541
16578 22019 25270
7622 7034 3956
13875 15074 16155
21474 7527 637
15889 2062 23089
24400 19242 19484
27460 20328 24142
10609 5075 1494
17746 13261 2515
28019 26348 16110
5602 13341 22650
29770 8062 8487
7186 7278 13601
22748 8743 1873
14412 17324 15251
14258 580 24657
6482 14306 168
9640 14352 6930
5109 25877 3171
13782 21402 726
24967 27113 705
18692 22753 17684
5269 16124 12451
28729 7598 12007
5074 9181 20267
3804 15396 1538
1815 20315 3248
8605 18925 12068
13251 27740 14861
7173 21776 14942
14106 22844 4249
17895 16533 19950
14395 17551 14156
5132 3538 5644
11093 28453 3640
6841 7798 21926
21321 4809 5555
5349 27978 12865
7423 2769 16523
16164 7865 8799
19875 8228 7332
11364 911 21671
23008 12733 1255
25269 5988 16396
3525 7571 520
24974 11083 9205
13011 19606 29267
1472 4817 24873
2604 7692 22352
3434 6843 11077
342 685 29169
1782 15232 14166
21948 24503 6036
11092 12746 23974
29040 1814 17323
25513 8940 10513
16558 52 19872
25641 7653 25179
15276 3443 14165
24922 17163 28124
18464 19339 6695
3018 9050 13949
19466 17432 25069
4712 432 8164
20790 21674 10859
24452 7539 1977
4641 21250 24847
24473 1332 19109
17812 22784 27899
15078 20242 29755
4651 15284 5241
15081 17435 3359
6512 4488 7065
23155 8842 20052
11309 15754 5012
13302 14945 14354
23851 10649 20387
14779 13774 3895
28114 8617 28733
25540 10143 9999
6916 17912 24519
9977 4974 20371
4754 29335 15536
19470 15456 4551
358 23735 19476
3065 16202 26465
4340 52 2571
29761 5322 13044
19773 14347 7766
10462 8618 20154
19521 3554 26748
23740 811 22131
2411 14802 24292
28904 14744 17720
2976 8637 2928
23964 5768 14704
6368 3300 1570
6808 25013 21027
23994 10020 22993
20110 4401 16428
5260 13297 16268
797 19599 7069
7964 3906 14110
7410 6951 24867
25085 9794 20715
8443 12507 4727
27707 22313 10924
2269 3229 29243
28191 11761 24048
20469 12715 24536
25757 11668 19469
2731 13477 29676
2062 19181 6
25444 6216 24379
8761 13796 17068
7470 27446 26311
24604 24508 639
10223 10704 22464
24912 2865 11463
26626 22708 11865
3800 4621 7351
2112 12103 14857
26697 15528 3412
15345 22465 19687
8555 5123 16580
3171 7012 8762
3798 7031 4588
17106 2153 19295
15660 14023 25089
29826 28655 10334
8593 23468 7187
21422 28835 15558
6152 14098 6873
21577 27772 87
11443 21202 24177
12132 28441 10837
17200 21473 9360
13611 14092 17444
26521 2771 10076
3103 14430 3302
24798 27501 14358
4658 27316 27043
16444 24504 23322
13267 16143 12606
19951 17157 26218
9332 4951 29930
12657 4359 27918
21226 21667 28014
6920 8942 1729
20602 8232 19525
14499 18778 19796
232 1479 25095
7193 18444 25755
15581 7080 29227
3817 4901 24879
9483 10807 9151
6425 15318 9330
14881 774 2454
23962 14997 22660
7933 20445 14645
6140 15807 12445
25018 5244 14158
23396 20549 21440
17914 12781 11514
11136 3937 9705
16123 3740 23739
12760 15120 27127
15033 2512 20096
2215 23096 24895
1521 17966 25096
10981 10927 11639
11732 831 26868
13424 2312 7294
17011 28023 16327
22112 4693 28602
22526 14675 18087
28762 25066 11603
27460 10014 20454
10944 5080 26677
7402 20313 6567
3599 4982 23304
14889 11708 25032
22437 15213 22071
28124 14984 23313
2405 14341 13403
25208 14120 19654
27372 4530 29464
6291 9359 13595
3088 11451 23957
8614 10204 12157
18709 15018 14415
68 13702 16026
3570 8169 19255
4500 7021 6303
29997 1191 14952
9659 1353 5080
21236 21466 14851
9065 29959 18636
1731 9174 19176
8643 7180 355
19752 8246 15743
29271 6145 11790
9718 2495 12769
8947 13229 1800
17100 25869 9026
28612 27677 20980
17046 13328 4219
26450 29763 3105
14793 19739 15163
24653 1864 17500
8080 26686 22306
23984 16618 20695
15842 23618 17267
18905 2838 413
22697 16012 25082
6650 13588 3478
27629 17269 25711
29135 13818 28673
829 20396 27120
14537 25734 5651
13727 18329 16269
11177 20446 11014
15955 13450 13903
750 28063 14953
10422 12320 14197
15144 18409 22320
9704 4286 11104
23909 9364 79
22769 16188 12510
1908 4700 13293
22813 12371 23906
22442 4016 23181
17828 18581 1151
7828 1243 11007
4210 15865 26172
9266 22645 29954
227 23623 20632
6627 11817 6587
395 19130 13966
19996 2855 16457
6996 10264 24381
23541 4538 25517
21102 2708 28575
23570 10611 1751
22420 28481 13945
3296 15989 21633
9046 6339 26997
27290 11151 16882
3913 8741 19397
15894 28990 2590
17211 27923 11424
22664 6329 9303
19466 17640 632
21096 19284 17724
22576 29970 9095
26307 3468 21848
21831 19712 7337
28221 7616 19798
4157 3089 18354
15002 19988 20157
27068 24618 6714
22508 14327 29400
20201 13437 1871
20529 23817 13994
12323 22246 14583
28384 15456 12543
19767 28228 21009
15294 13402 1536
15801 14968 22600
1393 19513 4484
2461 5488 13867
1231 22995 8742
2095 679 9986
10548 26864 19104
11684 29862 25742
506 29102 14973
17765 10477 27826
419 12254 4428
13324 75 3804
21842 4675 5327
8931 22142 5225
8213 6552 14995
10551 13208 910
15789 16266 4429
24418 24927 20206
27909 21823 10389
17907 5196 5900
15457 23 25256
2618 1222 14358
24992 23316 25221
14574 19463 19934
4430 27549 11102
25233 13829 27948
3490 2700 27454
23852 15410 22405
15393 26138 17710
13917 7469 20487
23972 2226 27984
16109 22095 26724
6077 17331 21049
5288 23659 26386
4067 28809 19805
25085 28092 24998
24511 11897 27979
23302 20707 7565
23151 13424 451
24943 25479 2358
4628 29502 3652
5359 28251 5076
21510 23902 8767
7873 11029 25645
28587 17260 16353
11663 4998 10933
27975 14960 2431
7118 10808 8867
24055 8615 21875
23543 5835 4015
13270 22426 13220
5625 15602 17871
18258 9574 15588
24235 24012 1699
14821 15083 9290
20971 20266 2184
22705 9259 3910
6009 3218 26464
6763 16119 11734
24993 7680 28348
16254 14760 22751
2278 8676 6076
15798 20826 26845
3805 6374 19276
7166 19092 5944
5206 2342 19090
13581 9610 10836
2034 2680 9960
5352 16589 22598
28985 23620 11481
180 23223 21033
15221 2323 12498
9775 2515 29218
11704 17260 4606
6041 10239 28400
23539 7224 11934
19710 9628 14577
29686 10382 22665
26170 3615 12146
28301 7722 4390
7350 25586 10863
19599 13915 14953
12009 21294 15790
20578 1943 5535
28791 15001 34
4480 9897 15743
11260 3034 5226
9521 27767 22360
6592 18165 5817
21854 2629 29363
1756 16165 9729
10439 25675 27143
26601 1458 27233
5840 6574 11949
9497 1076 13932
25734 29041 6998
7850 6382 15443
23742 11890 16898
14250 17835 17256
5791 2317 25687
8107 27531 3644
27716 11649 10465
25026 7420 20384
15 28518 22873
18626 9965 6203
12916 10382 23226
8185 1099 13964
27301 28390 16765
10463 16653 21467
7239 13134 25358
29603 29195 9763
21685 17178 4739
7426 2460 372
255 27787 5628
26730 18932 14081
543 7243 27775
6429 27264 722
15306 22056 24020
12112 19756 12813
7302 28460 9539
12749 12816 19440
17379 22838 21550
7065 26153 9178
20766 15712 9002
27633 20140 17364
4003 105 4473
16461 20989 26251
526 7851 7433
26324 21706 8419
27664 5122 17943
7403 27993 8687
23554 1494 14242
17317 25534 1690
2718 12749 9910
10256 1850 8771
9948 23121 4423
22169 16432 2722
4062 4782 11121
23810 9394 23852
17711 1925 1916
6242 22287 18016
19497 5052 25010
109 3150 27187
15019 6046 10641
21265 19543 28582
2890 8462 4348
16380 27784 27723
21263 10346 7211
17361 16669 788
6975 4500 28465
20194 15072 8426
27210 14624 20051
22869 19347 8811
10787 22434 7342
13352 18050 10732
21719 28376 8213
5812 15994 1894
19521 892 19865
6644 25980 9232
10101 21459 14581
7183 26174 22022
1838 27894 17985
3284 25037 6804
7205 22518 19267
29794 17017 24855
9913 7859 6134
22774 17948 2307
8223 4075 17139
13767 21296 14268
14510 9921 24819
5075 22912 8767
543 26909 13095
11624 1926 28493
28742 22219 6317
968 14259 6962
15412 14451 16594
15791 19029 13172
11498 21461 4726
7648 12913 27699
4632 3302 8692
10275 1538 27291
13775 15333 4179
18075 10819 4673
28265 2252 27884
2533 8306 6650
19655 21397 21585
5942 15887 22874
10520 15955 24221
16202 21778 3120
3591 10249 25198
20501 17107 9280
11067 5309 8091
15421 7008 3627
20939 538 1665
10368 10515 12103
29670 24397 2320
610 21028 16680
22665 8611 16545
23514 22037 861
3916 4737 3539
5013 9461 12919
1614 16446 22153
25347 12676 27176
13057 24074 29337
21232 13585 15796
1988 3735 21656
20614 28919 4650
2084 21496 14713
1105 31 28561
23597 6112 1506
28341 26873 6958
22490 14871 4535
2576 13998 4556
9825 27783 10422
18073 27804 26453
3242 8556 13709
11434 28878 20010
14940 10453 13766
23443 17103 29121
23567 13251 17687
23486 20354 16824
24177 3726 7600
3477 1265 25838
18148 3610 1357
5552 11826 12293
9515 1893 22935
6174 15482 23132
3635 14251 10263
27155 15400 1776
23248 7849 10126
25552 15280 23942
19227 29378 14154
10193 584 24418
2549 17495 384
15091 4096 24661
20480 619 10773
20917 28902 22797
611 7353 23391
19885 24761 10387
22127 6625 10262
26963 27914 660
13657 28183 17537
16095 9858 18868
26319 28367 17994
7963 29053 4475
27949 28894 2715
13293 26706 25347
24888 14393 27467
27420 27062 28672
12625 21115 9915
7482 24255 25681
6766 16116 6253
29194 29248 25094
19592 29623 25989
11683 25355 28768
19658 1896 20457
5265 20266 2338
25514 2461 4809
314 3975 29614
17189 5108 13749
7308 663 23756
21946 7010 2562
136 29915 15344
9382 13970 7664
6770 6667 9141
7834 1501 14622
4157 7993 3895
19139 8085 10666
3872 11645 19614
25883 27479 24621
2781 2399 29863
29989 8256 18601
25421 5888 1613
6444 2497 22639
5717 26915 12309
18602 19258 9021
25701 10944 27663
17850 28294 9813
6248 29315 29976
5152 16970 22336
28598 15970 27059
16022 11148 21353
1974 4475 2598
17469 2392 7788
1922 2595 27698
18245 3682 2584
19712 29521 14341
27971 20867 10496
8689 8603 16633
13975 4235 5263
15523 28414 2578
10090 23938 22664
4796 10199 15659
27437 9658 13113
8606 1628 1317
28592 1762 25910
9350 1028 17080
22405 22035 19699
18377 13864 12694
10308 13528 25291
13890 27507 11154
2900 18859 6022
1396 14709 28668
1195 3489 26230
16561 26965 11305
24028 2180 26438
11475 8654 21329
7097 17747 16954
23340 23042 14568
9426 20641 28634
15343 25842 24771
19072 18108 22756
1450 26290 18635
4322 17226 8907
8406 10265 21490
15529 8909 10263
20892 14830 13050
4426 11889 20924
15193 14065 16792
16187 1796 13473
6155 18508 20454
2568 5154 29433
9873 26907 23309
9589 11768 22782
19206 14600 5840
20574 15482 6369
26247 19915 11574
6591 17382 24944
3421 11528 12336
14845 14996 4238
12392 5438 15721
10703 19692 5251
2774 17479 23693
29592 17059 7613
25776 19290 2993
13431 13390 26251
16441 10982 4889
11167 627 27089
11713 8453 1
9898 24904 4117
5130 7355 9965
8323 15316 15949
17757 29932 22225
6975 14138 26646
26753 27854 21024
7143 23254 24045
4043 2515 11116
231 14830 9786
2813 14333 12895
12514 9083 17214
29048 17396 22909
18474 12291 15786
20231 19535 19101
28688 1452 19201
26050 5372 7523
14934 15202 14869
22862 10587 29848
10876 3103 26486
24276 9222 23270
28665 28502 1873
25515 17485 8698
21280 500 10129
10969 11570 10030
17953 4464 22956
1074 4210 6340
20498 1255 22061
10282 26563 23027
19955 28930 9392
9286 4838 7892
19482 19488 28713
19477 18523 24312
22748 6807 18850
19875 13444 12697
11104 22948 28809
19608 8336 15586
28949 17595 4441
23442 22540 28246
16792 21197 18176
25453 17238 18597
6804 2370 2067
19605 20794 21027
7353 7939 26681
28306 27008 5001
29253 16616 2183
7871 17846 14851
21323 8550 5292
8497 3309 16967
6035 7753 8206
28760 29384 2594
4457 19352 17196
7531 12003 5871
23293 11372 22853
1726 3640 28903
14257 13247 7394
7874 14558 20839
29026 977 9964
10016 26107 18481
4645 12029 24358
19502 24925 10659
6546 4029 13605
11284 4697 24607
21108 27240 15749
21508 15732 13789
20535 18561 14180
16994 21782 17663
13860 6669 29513
16445 21333 10460
23926 19361 14179
11727 14660 6444
13122 7389 4503
29372 4385 4833
10821 24542 29022
29693 19335 8392
12833 25090 13639
7377 9553 3344
15238 7818 16700
2414 20620 20005
14177 20792 13657
4363 20513 22059
1721 20267 26395
7364 22222 381
21485 14556 17981
8142 5608 1600
10269 14853 25992
7937 5332 12374
2873 22509 14299
28787 6406 16144
24778 8285 23079
18311 15172 259
24967 19272 13337
9213 28341 29708
3882 4609 23080
1566 8711 26410
16996 6562 5621
29217 1599 22375
25993 17654 2108
26385 5960 4820
920 13525 17595
29044 2904 9148
25486 28607 19053
6214 8910 4929
3495 22765 27933
929 26596 20121
26451 14923 5507
10348 1616 9760
260 24744 7984
28901 8056 23039
25210 29852 3872
26032 28341 22893
28282 28882 6765
13041 4765 7586
16761 28910 19435
1275 18391 4954
1515 28661 7923
28686 898 22447
11402 18403 7764
25132 9347 9820
10843 20562 8773
7160 15115 5055
10669 23706 14700
5625 18228 28194
27529 11075 673
24965 3186 23048
6768 1595 3803
29612 8060 11983
16752 24041 1595
14914 25386 4488
12937 15151 29232
1649 10630 1154
4714 29017 19383
12433 27084 4283
8111 8506 15082
25187 18896 7110
12539 29149 18620
17803 4741 29519
12420 17898 6781
3352 21358 11576
25883 14083 20050
25381 25849 18134
26203 13978 20779
25509 26561 19434
24751 11783 8613
12554 10269 21926
6514 2217 17415
11760 26298 184
27181 26024 11123
5224 14846 27689
7833 6881 15893
22170 1604 5145
11435 19294 18845
22952 9374 5281
8099 21084 10895
19481 22033 27308
21831 23972 15795
9649 22996 9871
5005 1728 6112
16949 24491 2142
26053 3303 11463
11043 16253 21035
19872 17825 17394
23574 703 24134
10476 20501 10627
8339 24029 19862
1306 18443 19965
27192 28142 15508
7800 17067 421
6822 24879 22621
29189 4366 14023
27376 28301 11399
18221 4186 22177
7763 6710 8138
1682 14957 12976
2578 25389 17284
22579 27704 27028
9801 24375 675
1846 19852 22617
3368 7638 6537
15552 1793 16300
26164 8342 3062
18537 11227 16352
9738 26915 29686
18121 3978 2127
17810 18867 5698
19326 15926 19112
14353 19041 517
13231 6611 12362
4197 26850 29556
4079 15733 17269
132 4129 12058
23740 21284 9269
16697 18684 1929
18448 12819 10
4938 9544 576
2580 11682 7752
12948 19707 3788
2935 28077 13421
13862 8335 19621
3812 18788 21408
26548 13939 14586
22101 26250 26468
29771 28320 6418
21434 3020 6666
24554 27741 65
23934 22517 15037
22901 27785 16536
21147 23429 20009
29280 1190 21462
9438 10363 3092
6882 8532 23831
25229 28011 6603
24216 15136 26272
13981 28491 17639
19303 316 11194
861 28989 17722
22127 23154 6053
738 13227 8096
23274 20615 10539
24890 3615 28507
5663 1138 5771
1436 29464 5506
6101 25081 5105
5968 15348 24425
16882 15293 17939
22960 18603 12702
14644 14456 22802
28039 13859 14944
20375 4152 7245
10341 24670 9133
3743 4582 983
19321 5861 29639
23319 17622 27060
21432 24679 28476
3102 2849 27430
849 17334 18152
21725 14526 5868
4469 572 11636
28973 13411 7938
1179 15075 2122
15434 11979 8414
4374 24890 19590
500 5497 25674
18689 6770 19523
21956 8888 20702
15357 9865 16647
7286 16115 2791
26125 13955 4689
3177 2204 11371
23147 18143 1627
12727 18077 12706
13213 21953 2817
20786 9252 16306
6355 9330 12466
4089 4614 12662
24596 25479 12793
18050 29533 10183
25704 24323 26035
18594 25571 25387
21322 9415 19545
29307 21876 16445
7745 17346 19780
21817 4485 26798
1058 2331 17662
10938 1252 21675
27297 15895 10607
2129 13793 8779
17983 20208 16700
28117 13604 11549
21803 18179 10780
141 27295 12404
15500 19233 20919
4683 25175 1304
15925 19799 13861
5698 24266 23340
18765 14534 12346
4217 9020 15010
3060 8176 17007
15447 13865 29042
951 1893 7044
28696 16285 1521
19175 2506 28584
11254 26416 20352
546 27540 20909
21508 14011 26988
11791 28754 2501
12058 16265 22682
701 3487 26035
3499 4564 19260
6416 8527 18637
6933 24403 17216
10980 29435 10906
3196 1791 28469
1031 28344 22396
6266 3363 23458
5559 6535 12229
17638 15566 12311
11290 904 29379
13117 23203 23035
6894 13477 171
19040 29340 4815
20436 9527 1914
11220 22574 6867
25038 28524 23114
11609 5059 3754
15905 4093 19866
965 13207 24559
18305 20479 22751
8780 25560 29021
24676 365 11267
11862 25387 10534
14027 24618 22750
25269 10651 19036
26963 12270 10488
9954 12388 394
28579 29600 29810
7651 13173 28973
6771 3837 19652
22978 22650 1693
12849 14787 15309
26669 29934 6571
5662 4124 22440
5883 15090 24702
27599 14835 10156
9097 20033 22635
7663 8121 6896
22713 12858 26569
28076 3946 6512
8458 25856 16063
14225 13296 27033
198 189 29320
7926 16492 4458
10309 3468 1035
1959 6460 15596
27508 12555 7874
10931 15106 27468
29934 23560 28674
19057 29430 3112
15599 11691 27105
5449 13357 3897
19476 5918 2369
24095 29625 484
27602 12126 16390
4963 28616 17842
8253 3461 26253
19298 3011 18919
17258 26498 2866
25465 12175 28818
3885 13337 20517
531 26497 1839
5961 17856 6698
19999 23502 1004
14755 10580 15589
1263 542 21247
8592 23493 21148
12112 12873 7937
25435 12805 10954
18466 8994 21835
15957 23637 3770
4762 3108 5168
17297 25424 24950
22742 10094 12799
18604 3179 16479
546 29454 4473
20399 7244 23716
11162 13301 15542
8701 26254 14928
6359 2006 7082
15593 18927 3804
4625 29145 28731
23156 12086 2036
18788 8209 8421
14797 26142 874
27301 6977 24515
28703 9610 7600
16553 9380 7405
22654 926 4093
1144 12695 8125
12977 19051 15529
26657 1017 27358
9096 19631 2638
16082 22738 22383
28078 10015 10521
25742 9267 17002
22705 19358 16869
28188 11997 16145
4014 16475 19419
15035 22999 18797
24651 12932 7505
2152 3315 14526
23381 9894 998
20544 2132 2248
9040 20944 13123
19458 27053 5495
15099 18381 20893
28789 25429 13000
8923 21972 24486
8969 14606 7288
2715 16514 22068
7428 26735 18667
26254 28287 20878
11148 2014 22881
1824 7185 19956
13359 24124 16046
25382 3353 12757
9551 12465 16368
2000 1204 1432
4163 9438 4142
11786 28501 29712
22103 17665 11192
2710 3879 25140
13861 8299 29870
14201 22167 12302
29992 14274 8601
413 10864 29143
17851 14494 11213
23036 22211 29652
5699 16100 17043
20913 15314 29036
9227 14841 25063
22077 13875 4296
24312 15955 8658
14214 14277 19478
28985 17818 13211
22785 23637 17610
27660 3096 1743
15952 22657 22919
14197 11001 16983
21402 12169 27044
17766 20648 11469
14281 11328 11974
9621 14507 26703
27697 22153 6747
29239 18665 16923
11079 12401 6682
21056 20315 29930
10401 26953 23492
5725 14170 4111
3192 9963 262
22616 20270 584
26543 23500 25705
28934 9728 23090
9012 11760 4107
10150 28358 11922
14893 7971 3871
22753 14432 791
23153 23836 9394
22348 5885 16338
1405 29490 9527
21058 26323 795
6004 9929 25305
8470 3666 21784
19244 11373 8414
22429 19633 27861
14088 12381 11682
24215 19136 17279
19007 4087 22290
17052 8170 600
9932 29168 5320
14269 14845 7866
5162 3793 2891
19730 12452 19834
15318 15613 17831
20390 20520 6316
453 20857 18828
11869 3766 29772
11078 16664 23693
23945 27153 22043
28348 18133 16915
7175 37 24836
2706 2245 3690
19670 16537 27775
13334 7267 2002
29849 25394 23000
21571 17372 23961
11809 15225 2120
23182 9831 22726
5626 14930 18622
7050 14954 16914
548 17353 16553
22938 16067 20085
12785 8703 3154
18151 18870 13857
22246 14271 2447
3849 10304 15328
11675 26761 20996
29661 27873 7239
22001 6382 16026
26536 19297 14968
22478 11801 16357
393 17670 1545
832 21696 16806
28347 1083 7590
6909 8159 7376
2081 21342 22267
9880 4836 14426
7639 3104 2125
19797 28759 21309
10785 8208 8066
26511 16357 6709
6504 14317 20330
19708 22773 3482
10319 11044 4453
21861 24049 236
21292 28747 17063
16391 27878 25202
28670 1092 19040
4579 5625 14147
13950 10148 13297
24592 5160 5789
9392 14818 4750
14158 27925 311
24578 4222 23465
7816 11662 19468
12856 20357 5249
29359 28299 13823
1137 12300 15218
26594 20690 23111
21560 12259 15524
10963 19729 25899
2715 18695 1148
12286 6749 13736
26385 19156 4056
26027 26874 20974
9722 25787 10333
1965 17562 9063
19418 24883 694
18839 3903 27765
27131 3089 10810
17883 6958 21151
27705 29085 19095
2640 2966 16316
22725 16200 11636
5777 10396 14790
21372 1106 4046
21183 18366 13057
28098 2222 13748
27728 26648 28125
9592 14416 22493
20993 19171 24315
22152 11592 5491
17889 12354 25145
26777 25102 7235
10114 14680 25574
13566 26561 26493
7069 24993 29190
14362 20337 14384
7562 8291 1438
3746 16043 27999
1803 1056 19358
16201 28085 28531
17644 28113 18757
15715 11597 18069
718 17297 7589
19523 29196 10380
28507 6967 21784
15773 7396 28659
26050 11352 20271
19072 6371 27141
8311 21709 24483
25878 22613 18096
8140 1399 28095
1373 23915 10116
15753 15753 27976
4529 17696 14472
9433 12225 21301
19358 8440 22496
15697 5063 26559
20649 29750 13344
8938 6645 21264
24368 6423 22123
19900 24471 21222
25952 21831 19395
6426 2998 21254
28101 11511 22655
21788 16423 11978
26685 487 18503
18362 20437 3181
24913 29556 21294
706 24441 4950
2019 15528 6513
15389 2741 4120
8421 15332 10849
12299 18909 28048
27816 12771 14156
29370 29916 6199
7232 18077 1742
10505 11748 991
17407 15179 13453
16768 17337 14342
1853 11582 14897
15070 10771 15285
13464 19461 10865
14268 26861 16233
20577 11351 1919
25121 27671 15557
14258 10122 10711
27 5279 21396
13561 15209 27091
25853 4848 6503
15083 16258 15060
16023 4655 14942
7692 10543 5352
829 28124 7
29169 13530 497
22872 17657 27914
16911 11045 28193
25929 10113 11175
29901 8320 1467
8977 5149 4375
5526 4997 28990
12450 27929 3112
9779 13166 14969
2333 21120 27396
24292 20288 11301
8194 18443 5829
19866 24896 11829
2638 12196 19747
24256 1531 25718
3421 7072 4517
13544 3323 22220
12757 12197 2350
6520 3461 18793
15286 7767 24562
9755 13602 5770
24063 23786 21475
13246 26209 29296
16358 13282 2948
11611 8062 14191
17939 21174 27902
7622 29824 6558
25583 21975 20275
3716 29215 19549
22909 8727 18899
8574 22180 10440
7133 9743 27312
21035 6395 27220
9071 1768 28841
27096 11836 12127
24893 11675 12919
23759 18484 28077
7005 8141 146
22634 145 1158
13720 15241 27021
17285 22406 23266
16526 19701 19995
24838 1978 11547
14386 29315 14186
8424 9298 12285
11563 6925 12194
14108 13696 16991
29602 21657 16237
4372 25337 27771
20216 19806 2291
19171 3790 11003
28071 3701 21984
28111 21861 21899
27474 4024 27905
5213 10488 18877
17998 17457 2157
7250 6402 7435
8192 6584 21305
15823 9363 24943
10102 17193 13239
11063 5530 14545
17493 12671 16152
2459 17649 18470
5611 18819 370
9433 8362 19640
20187 20348 20418
12199 2545 24898
1865 29430 12810
7710 14362 11566
22750 10243 15570
8963 14002 2558
4028 20622 7844
9933 6287 1009
20587 9102 11282
10421 7249 3787
18206 8828 21269
15788 18969 2066
21542 6851 23905
13203 14135 26556
7227 6693 9724
13422 9675 17883
8259 5664 21051
3598 6700 25407
8877 4449 27114
10766 17049 5535
4324 12517 4108
5355 9079 19154
17770 15692 18996
10208 29434 1521
27378 4157 21759
24995 28442 16483
26916 10891 15200
25098 8883 17367
5477 10524 669
28648 7619 11117
3142 25321 18431
4750 6385 6453
16272 25482 21905
25281 24840 24890
16900 4467 7101
13657 8070 25468
12689 3261 12411
17758 9785 18007
13247 19048 25192
21050 18494 6645
8496 14285 19587
5348 28788 3178
15397 24148 3205
23610 17177 7799
3420 5508 1791
2679 14114 6086
12147 23118 24070
1003 16934 16474
10476 29382 15549
17748 18638 26899
2940 8105 29153
27056 14333 7387
24121 25527 22621
1276 2049 595
12071 4481 11654
18327 1597 22685
12305 22655 29017
28708 5786 15593
10879 15487 21983
12602 25088 21011
7716 24586 22849
4443 17874 17952
12693 7352 22240
18319 5179 2742
14597 21373 16179
5993 11652 26187
19399 4726 10567
12247 21494 27517
23174 20429 1724
2171 29315 10477
1376 20613 10068
17166 11983 27767
22664 21821 20332
3017 23706 3185
18884 6331 1829
21261 20926 6535
26461 22414 20068
3288 1979 15460
25634 15860 26932
10546 3268 5349
12833 28043 28875
5143 23274 21928
16913 7394 5048
16418 22018 23977
11710 2071 22938
5997 22637 4884
25740 2249 17673
13833 11189 14268
1551 19911 25745
8624 10451 25524
29261 16429 20479
9590 15798 24551
1917 22434 9587
4544 6795 10749
5613 8684 27384
24142 8352 29514
9080 7510 26127
4998 25237 26865
12227 7556 7593
19179 28270 4243
998 12746 20796
2236 6697 14530
28424 24553 18930
6819 18823 16768
25034 8204 13528
10710 15245 10141
11633 18113 24894
18896 29087 6626
19610 8161 4656
29975 5186 21085
22731 26532 11494
14807 25373 10729
16106 127 16987
21311 26631 4727
14216 20393 27152
14372 6582 4076
12547 23987 12227
23291 12182 7091
5191 24819 29564
21896 5686 27470
20546 10910 6566
18169 22101 17807
20215 740 4041
13331 12080 10225
21955 23249 23624
7903 15234 29810
17670 13042 29718
2953 26394 6959
18437 22502 16226
1972 4176 6058
27789 3270 14553
7349 19685 291
26608 5183 22796
23758 18207 17020
14169 16223 11349
22041 4568 14069
5117 6961 24558
22516 7006 14242
6855 15484 5024
19695 4094 29929
22268 19226 13846
21310 22680 27927
1532 28835 4201
10693 7843 13885
4663 5699 1177
6253 15055 18443
10703 16021 10044
19806 21027 14634
12423 16927 740
735 25746 4888
10401 6927 7393
18254 8366 4956
6615 28107 29535
10582 28723 18243
11346 2690 22501
26310 17126 7369
4500 6815 20128
15189 20116 22332
7003 23219 10551
2682 13130 11911
4319 7738 28499
1883 3823 8976
2642 24765 6939
6350 8572 16079
3085 7995 15276
18210 10252 5925
11447 28268 9051
10667 11704 8187
13905 18542 22323
11924 19450 1428
28100 5851 4827
1704 20588 24502
22751 9758 10456
5123 11246 24271
640 23871 11445
25408 24098 3137
25284 401 16245
18806 9293 8069
10969 29867 28285
7881 26706 8448
7601 3632 12864
879 27832 10396
1409 11854 17703
28770 27236 15404
6658 8420 11244
26927 3251 111
18291 29634 23553
8854 3169 20893
22185 5856 24680
11987 24122 21989
26833 13525 12402
2892 7796 21833
25943 26272 29239
28268 2915 6700
19069 19056 16717
595 24253 12380
19883 4628 22159
16194 22826 5158
27591 7101 8050
9071 25311 13431
336 17954 673
26095 7490 22898
8042 16054 4505
9693 8015 7513
15128 12921 8348
9895 28327 11443
11896 15758 25324
2295 19199 3154
15005 18749 8271
10856 24667 15506
5596 333 27048
26565 13920 24161
3414 22942 11506
17460 26848 1874
28746 223 4103
11041 23091 8612
26127 15900 29815
25356 2329 24356
5295 19197 28200
20013 5861 24527
4546 1523 25581
28116 24541 22501
3423 18769 23496
23813 4705 11000
2424 20489 13138
24253 25184 21205
29396 27011 21569
12360 12031 10168
29809 10947 12669
1293 22664 20185
21176 14388 17269
15568 959 3600
16396 18863 19871
13091 3681 25157
2844 7294 25124
206 28853 21920
16784 5027 27057
16534 17951 8810
8446 18377 755
4814 23043 19222
2767 3349 12602
7911 19081 28238
8084 20713 10201
14330 10164 7390
27994 26895 9259
5881 12653 26981
14210 8456 21715
13806 4411 9804
10862 25053 24507
998 19897 15833
20262 8555 7825
2849 7673 28321
29978 29420 11073
9912 13588 20638
283 29622 21932
24409 18538 24421
3587 23914 24858
24005 19220 16618
16808 11013 4558
16920 23643 479
18998 19477 2809
21316 8864 2880
20302 10112 2436
18528 27195 318
6061 25021 8782
13738 28080 6298
12340 1440 12240
19453 11266 2457
4409 23151 15273
20629 25704 5865
9030 11814 3222
11116 26791 8080
11880 5761 3733
3466 13736 20174
28992 3184 17154
1977 2292 19398
5819 19880 5789
2936 17659 14952
12704 2627 16538
2360 13970 7342
21559 16407 12109
21933 1760 13471
29132 2719 23586
20972 18340 23411
29136 23488 17120
3692 23618 11854
17677 9949 27860
8808 83 29267
25706 18595 13565
29107 19824 10176
28946 26589 13778
8622 3141 19966
24301 21064 7565
11630 9530 25679
25977 5890 17586
4197 24182 24676
25150 26709 34
11480 1229 22685
29360 12732 21938
20794 26493 16237
367 5397 12350
11896 27004 13080
3446 18274 21993
19147 12980 2735
675 21411 23332
6710 1861 17729
25097 4218 7949
15709 13491 1755
26853 8979 4690
16671 10630 9917
26386 28970 8851
16409 15729 20935
14340 17001 15496
6733 10590 25690
19279 9611 18420
13419 13034 9345
27110 75 25817
14583 7250 20399
21414 4893 27010
4489 16721 7547
10378 16726 28854
28270 24315 25799
15150 2936 9178
10732 24823 9566
11189 7233 1361
26761 11669 8279
28008 27896 330
16664 12395 29367
10802 20588 13478
17421 15542 14778
20932 24843 28759
4054 6407 4900
9115 6951 29687
11898 2526 893
27254 16064 674
6972 6727 19059
5167 1765 9456
22187 24717 1429
2735 24229 5888
5507 22719 7081
4388 6173 20575
8985 9864 5446
2528 22559 24993
21741 4387 3852
2059 3063 21342
5587 15980 2348
5144 28699 11924
14416 11026 29876
26494 17802 15616
24504 24078 5487
22313 14860 22408
20454 1689 27977
167 15592 5416
6251 14348 7013
2381 17428 13266
6705 22125 24786
26217 27780 27049
19896 12459 27308
9404 10675 17291
23388 6314 28502
12524 11263 7407
3861 2697 11576
12009 27412 23080
10255 21688 5795
20203 22931 8186
29510 28002 19205
5554 6656 26735
20819 22807 3591
14599 16711 18911
3634 4788 12868
28209 16389 29767
13804 997 19411
696 6191 13130
26495 23727 12624
8040 8353 24984
21175 8765 1130
20700 27434 15937
15279 11571 19695
24965 25429 12860
14262 12484 20300
19163 3444 12923
22628 28809 25459
9615 6370 21531
29466 18196 27841
4571 16708 9353
21442 9892 15605
17150 911 19677
29524 23141 17968
25982 28834 9013
189 28942 8702
19538 141 12091
19052 18701 11678
2329 5727 12733
23633 23467 15942
28422 28756 17564
26308 19493 7344
3132 26210 16171
2113 6337 271
4448 6774 12610
18915 19418 27019
18867 20047 14444
13202 17045 17271
8074 12913 2121
27840 19746 13651
24750 29711 10980
2602 17002 14811
23624 10923 17213
2115 3851 22445
16153 5797 10984
12114 20969 23829
2192 17413 29935
7517 8383 28914
23548 20300 23357
26190 7946 15725
27231 10120 9707
20743 3602 5745
21794 19184 1757
6476 5380 21443
3194 29660 3425
25038 935 3499
8516 29207 28502
2941 24853 11801
14801 19034 14120
16391 14432 8281
26948 11833 28259
4556 21579 8461
3021 15617 27787
27706 5248 22888
9065 1772 23789
19374 3648 17307
24196 26052 8640
18114 4029 14434
22439 26614 7526
20464 5711 17464
18935 572 8581
4169 14654 18478
755 4069 1456
10064 14118 15914
18401 15045 24770
27275 8563 12179
20809 26880 25752
29746 22007 17996
1330 893 18253
22466 25812 19149
22131 17504 27599
3491 7516 29158
23649 11605 6674
3666 2786 18703
17978 12712 14072
26498 13631 8579
25654 16442 16888
15447 22631 28185
21518 12618 24283
24481 15650 14230
22922 4106 13989
1267 940 18855
19678 25738 14491
26024 6013 10263
9824 3252 4884
3852 2886 26738
5269 29197 1816
18405 29360 7435
25942 14660 6458
3066 21343 17865
13324 11061 12708
3574 27227 235
8238 16358 15607
14303 25374 15005
9495 6067 22872
29520 1187 20178
5858 26837 16664
18773 29449 15136
14815 2015 14395
5290 3217 5030
26769 7041 2426
29879 10357 863
23994 29293 2577
28941 25855 10071
18150 25295 7954
14658 13485 18836
13259 17574 24500
8871 10490 12619
8644 7079 5320
6453 9440 25545
13904 25058 23488
28961 18810 12394
3647 15001 9277
22235 28269 18457
16658 7553 20927
11388 12028 28992
3519 27112 14327
23132 3347 28778
22912 24195 28457
12513 4612 9502
26124 25164 17124
2494 24048 11758
26940 2315 27260
20900 18195 19510
6084 21953 22798
11978 20080 9832
28207 9601 19138
19457 29811 29819
3293 22677 11371
26023 9574 15839
12626 2668 1655
25065 29920 12317
29618 25438 9285
12346 8428 560
1184 28864 26858
25278 23556 8648
7016 25642 16114
27472 12169 7831
12631 23857 21255
5138 13222 4764
23153 2286 2526
15357 21960 25180
28091 26934 19817
6392 7091 3438
7870 18452 11785
3391 5432 5429
13372 21662 2106
359 3380 5273
3569 29403 23816
11872 12439 22102
11682 1282 25428
22501 25786 8317
6407 27483 2024
9553 20279 2693
7305 2944 11456
6444 22635 23323
11364 15507 24262
19886 15369 26311
13 13637 5126
3212 13952 1189
23640 20858 4784
21747 8923 5583
9611 13612 2563
26470 28407 19396
15520 28361 27315
15147 3327 26230
8340 4877 6539
8406 15186 7366
25762 2136 21087
10286 16516 18480
1293 903 2575
29901 6947 23029
22445 11126 25356
17964 4151 25829
18970 24081 22864
25298 22773 24758
26904 24527 2178
2547 26118 8827
27315 25282 29391
9205 23786 4045
1724 5716 23542
25450 21595 4187
15773 27552 1229
19024 22126 26642
18087 27708 9638
13454 10745 11069
8505 9618 2056
27441 10695 11534
4716 10215 4001
15973 15833 6636
8129 12752 5897
28142 18029 19669
25202 10162 21034
18285 14029 26195
4172 27937 23117
3887 24145 20316
7276 20554 10330
6330 5790 17014
19855 4776 10851
16226 15283 17916
4685 12000 10545
6773 24177 22532
12433 17895 5905
14722 15649 1072
15472 6217 15043
7157 26741 17230
17897 16970 13592
4881 24476 5020
16245 5246 18078
11855 25192 14526
659 9969 19976
9989 6257 21768
27978 1952 4944
13852 26443 29831
15309 9277 10851
17827 18627 23500
15628 15344 16922
20468 12216 26570
23357 3230 6527
14615 25656 2083
1972 18588 10180
16364 3435 26798
804 16403 18972
12273 7725 10390
28069 12239 2141
23262 12715 7547
18340 26740 8293
6217 26495 16857
14390 5755 100
543 11526 6428
23778 2769 20228
5096 18748 3025
16931 23712 7647
2606 11720 28246
9409 8787 17513
1030 253 3419
9155 11197 11634
24537 24592 28708
22900 14893 22305
15152 25339 11345
4987 2646 6476
14907 19518 29113
22129 13240 22309
26616 3087 5243
21826 27633 15613
29461 5611 28457
21213 21981 26035
20579 9950 12925
29367 11370 698
29685 15811 19882
23254 11038 29798
19103 21917 5151
8589 25361 2883
27657 8873 485
4724 13648 4971
28640 21984 21287
7026 29286 24165
3095 7920 20757
19508 1850 22046
17084 8530 24650
13813 13604 2029
21498 28324 2689
262 12146 9183
17469 15374 330
23576 18791 10382
21039 18251 29580
12311 29186 16089
13021 1693 26056
17145 9246 2603
8430 26298 20388
21629 2900 23099
23407 27194 11286
6886 17937 16330
29810 9970 20903
7294 9111 7591
27061 160 18483
11095 74 27162
15721 16217 15514
7322 15179 9696
3986 13050 8816
17470 15422 4082
1930 19717 27809
7758 17518 22313
12015 14357 28325
23318 1433 24611
20174 10909 28438
242 21603 24599
19145 330 9637
28373 21030 16842
3819 113 20112
20492 17305 21825
25733 14820 29049
1113 27829 25252
7000 15590 20858
28854 740 15211
23590 28209 25115
18603 27027 29178
2795 7428 13450
19892 27831 18786
15514 19739 2977
12409 3324 14647
5159 18470 15261
3914 15495 955
18132 16345 9008
776 11397 1999
7456 8864 27428
27989 2749 24078
10328 28564 26432
2494 27897 12364
14700 11363 5406
22909 26203 1645
10948 23891 9689
21207 3368 9076
21372 18415 10659
27011 22460 23352
5405 28785 23896
15576 2998 22169
1536 18369 17697
23300 18077 21853
23378 9502 22024
6584 27204 10373
28987 6369 12212
6439 15616 1712
21810 14416 15168
1165 12488 9455
8919 2977 5367
5062 26181 3319
11401 9966 1155
26139 4120 20467
24618 24523 820
16282 23320 1678
17044 28826 17608
15475 2396 23064
28522 21711 13996
11455 22015 14843
14790 10655 17103
21019 2426 4909
9091 2441 25591
13437 15745 22302
15962 6134 16484
26578 18679 15755
18057 6084 29699
26575 13080 5316
19381 2277 13562
26136 9654 22603
10102 18897 16084
3105 10204 15136
16224 15738 4283
16372 3298 27596
6020 18852 25081
23548 24475 3972
4154 3464 22603
17755 26169 27481
27505 19220 22163
22072 10676 658
1507 13838 18762
4787 850 12203
26449 3759 7598
15564 5100 20659
22791 8321 3374
21972 3756 20093
19154 24860 20505
14201 4337 24274
8017 4084 3973
23975 22825 9206
11231 25253 20385
28626 27483 1815
1388 3601 8126
13452 26568 6114
4604 11603 20421
6573 29784 27956
5398 18361 7206
22505 841 19808
15529 10 1276
20179 13141 5538
8539 5424 2015
27350 1849 1974
25639 20304 1016
18809 10083 20114
14501 29388 6279
5031 14838 5260
12995 2687 10600
643 27253 2370
10956 3194 16033
10856 26883 3725
27287 19319 27056
24223 19758 19899
10617 19770 22681
21784 20501 12576
19496 7103 26183
21373 26211 8427
9345 259 3403
7522 29974 29820
18360 5216 29122
23709 16768 8106
28288 12331 4077
6281 11382 13290
19169 449 14882
10801 24082 19792
11474 5656 22732
22206 13446 1993
3119 29610 8367
3823 24718 6375
21417 13801 11699
14573 9920 17504
13666 20944 23210
17685 24515 25504
12439 1869 1098
16040 16662 25474
4838 22927 17901
18139 8275 27158
2737 29075 21849
3696 15278 20463
7130 22256 29385
7685 27272 24531
3587 14002 7676
12840 20025 23753
20173 19578 28604
3002 10417 11043
4076 29297 16163
7606 165 22394
23188 26870 4343
16706 23500 27015
9551 20648 9919
2548 11957 11987
11569 11112 16736
20854 26798 15255
3473 13891 29697
10150 14797 1433
9027 16365 16070
6912 5414 13734
9500 6762 13375
13926 25083 18055
24015 4588 19550
256 19917 2678
17289 15321 22339
1654 18603 2554
25311 9400 7196
18991 15299 19120
20334 685 9493
13119 5585 2199
25905 26372 15695
2290 23521 20815
18236 16447 19924
25085 22882 95
3841 20058 12493
16688 19625 16599
26421 26399 27075
2210 16464 14553
12258 11078 18366
8812 19281 19402
2049 4721 24275
19824 14261 5914
20168 17676 11020
24280 29170 22527
21560 11754 10541
10691 7236 7111
17589 25148 2807
4566 9202 11363
969 25288 20248
18824 24657 19815
8187 19594 9560
22623 28774 14056
17896 88 26749
9871 22152 5824
23206 7501 3262
19231 15905 13855
5941 1693 908
18267 12270 19139
9372 16765 8307
13321 10780 25506
29984 16576 22079
27395 8033 14876
13063 18699 6296
9975 23643 15906
19833 24022 25039
24609 15029 12125
17014 20619 6953
3748 658 28210
11475 28715 27363
23146 11614 16162
10225 27534 7977
12254 19947 6286
4861 738 3465
7218 9969 20258
2051 18149 10720
7976 25057 1741
25758 2795 18615
3231 3313 29412
7848 8305 20953
16587 5595 21850
20257 7391 16748
20209 28572 20596
8580 12722 9963
21976 4876 5069
21757 13542 7219
27826 15529 6721
29718 24949 16165
20787 7068 29244
11948 26803 15235
18060 7744 24506
12290 26947 14315
16292 4818 16347
680 20603 12243
25540 25693 9979
9437 14156 4734
1394 29591 7003
93 3597 7808
9734 12823 10196
27557 7360 3786
19777 5074 1206
5090 24414 7393
7791 25528 24861
22981 10850 6222
2262 7732 24527
23296 25354 17488
1302 26554 886
4388 6326 29911
5475 21737 14067
2142 3558 17434
29600 19676 28174
13092 12980 11492
21635 24714 11339
8623 25962 23299
4872 8202 28003
20089 11909 22511
20682 9240 16421
15590 29644 1534
12871 28675 22094
14984 16811 19585
8733 5173 23974
24549 243 19079
5579 12761 16843
16877 2804 13361
6513 16001 3330
19693 28911 20812
10089 2933 15519
5067 22621 11551
24201 7540 17998
16474 9086 13039
1108 13993 3474
5763 15829 1429
23122 24065 29704
24563 18187 7003
12710 848 13073
12773 26795 28009
19814 20985 5405
476 22048 1546
19234 7771 3604
8033 7904 14397
781 15781 9172
27268 35 14975
23187 6831 21855
11048 17015 14462
12105 7187 331
3380 16390 17382
12641 16233 2336
9253 2601 28687
11593 28408 5684
11615 21176 29497
6987 3119 8124
10789 16149 14749
19847 24478 4901
28982 11975 9463
19310 19059 27483
6533 11459 16651
19211 15458 26708
4662 12745 20111
20051 11281 16085
9542 751 9062
23053 22386 69
21409 1893 15829
26222 3855 9909
17314 17585 18366
3551 7270 17389
1679 2294 25471
24350 20534 8195
4081 819 26789
22145 19243 23560
28595 26242 21339
5120 14137 226
1908 23869 24099
21828 3452 11416
19365 5764 7396
16547 12830 17161
17215 28166 24123
14848 24427 23208
23006 17608 2924
29609 14626 15146
9922 11760 2966
16613 23706 2754
14359 24239 13604
28016 24219 24716
9513 3834 6181
13562 10002 6735
18782 15247 11909
11528 21945 4252
27853 2673 794
9211 15858 27227
1970 6680 17821
3641 8530 19361
5953 17747 12423
13374 19156 888
23094 4853 17114
19589 2630 12293
3366 1397 10799
19998 17937 11142
4423 24703 14719
17736 12168 23034
7190 16317 11133
26464 28319 24786
7046 18605 17967
12179 8761 26328
3663 20363 13639
10519 1200 27392
1468 18039 1017
14452 4606 14553
19936 10846 26835
28521 9872 10736
28390 17925 15479
2961 22254 7965
5293 27056 2494
26411 26954 16043
396 4151 6263
10401 1115 12839
5653 230 6440
20073 28106 13777
25177 12881 7652
26581 9513 18151
7811 9252 8651
6077 29810 4218
9117 2500 2715
25917 16225 19184
22389 26810 11609
5902 7067 24019
29474 11197 3891
25893 24650 11828
19429 22335 2002
6901 24604 10073
12051 29019 10897
21408 18667 14652
21223 7445 20902
12102 25545 19275
12062 3138 5980
11494 21173 7282
2730 25013 10460
18508 9634 3799
23440 28886 4550
16336 13851 225
24094 22083 16337
15579 530 13882
25434 26626 26982
3972 6461 18394
15238 6424 12151
5895 12889 21831
27148 26334 13483
11109 22038 25786
8692 22108 24957
29928 6926 3699
1246 17663 25857
6604 23532 6900
9020 19753 2573
17732 29133 8053
2960 9621 21571
13782 19308 4964
9546 19402 22773
2842 16914 24110
5011 7822 19302
28475 29745 8952
14439 13442 21974
15759 9507 7224
18229 11550 23037
20723 6705 20194
1230 11621 4643
26027 2263 17060
7279 13877 18291
20628 27794 9652
4262 16249 19523
28655 12056 11521
20357 612 4716
10895 2006 7117
6557 23984 19132
15958 25747 24777
29409 11860 29774
18334 3309 19578
9793 19954 29799
24819 17521 24480
8523 16873 20864
1743 28645 18316
20436 21823 12186
2669 23430 22879
12590 6443 6907
9588 23987 18882
27204 6926 19904
8802 11202 14
188 8902 24369
9980 17178 26620
26262 28585 16026
3319 21656 4802
9196 6524 2757
10861 17452 8159
14830 25116 11025
12414 15719 28447
27499 19239 17880
3314 18240 21273
20827 29593 11919
29677 7413 2665
25605 12698 22333
838 12064 2232
2831 19921 15623
28691 13004 13859
13773 4521 18876
14287 24256 10650
10616 16336 11948
20260 8013 27089
8838 23892 26569
13035 5527 21512
9230 21421 8080
28357 26930 18076
21524 27896 25232
20290 18424 18831
21411 29653 15031
8452 24051 18956
27309 13597 13185
27976 2040 7454
19003 29801 21018
23011 16277 6206
26992 18134 27732
17918 19357 21317
1837 3331 21623
26954 18786 2444
28101 2532 25596
7502 22681 11037
5453 24397 15864
5586 17691 6101
21627 25141 16683
11821 29179 29895
24549 27805 5566
13156 365 11389
13818 4223 17474
2582 15377 8962
2585 3152 16183
13905 6201 788
7979 1821 25557
7032 12407 26291
14524 22305 15682
14819 19857 10382
25359 14530 24244
6578 12736 16933
4864 21612 5187
12964 12059 14198
28469 1834 14790
7520 22354 27440
3904 15062 2075
15949 26383 20467
26198 11791 25259
20370 21178 18633
8583 16485 11614
25083 22975 27902
21287 16397 2730
10722 7542 10383
8327 9901 17604
25307 26501 12852
23384 11592 28123
5722 22496 2321
306 12383 9132
22723 29214 1283
29662 18220 16980
14458 14093 2157
21144 20718 2875
20538 8484 3878
25338 25693 13609
18492 3903 25964
15811 14555 23061
1962 18595 21651
6061 15640 15914
21841 25227 2383
23299 15619 25310
15776 5916 7080
6641 13134 21052
23793 1310 27095
15322 26781 22197
26392 22312 15571
14668 28147 22271
23305 24384 12182
13465 19876 17169
10813 20596 1171
245 7715 26030
20312 14998 17417
13841 14773 13903
1606 17151 25169
9995 22673 11672
19863 9550 1747
20761 10505 14304
24134 17436 11176
21889 14972 25633
13514 8249 496
10618 28287 124
21116 24673 27586
7859 25473 10548
1768 19705 19719
6153 10417 27625
15682 29440 16768
6798 14802 27966
6272 28984 18830
491 14764 14502
29343 3339 29470
26486 10422 28970
21848 17462 5483
14573 21379 29081
26081 19381 6668
16580 27782 28724
7890 6339 23813
2213 16853 12557
22472 14156 12258
27097 15316 25292
3610 11897 12666
20456 5342 12950
21513 8055 25211
15921 9727 1729
26495 6393 25327
10348 8768 14181
2619 26656 13458
29699 6401 3101
12703 20959 5308
17394 19550 22853
6622 3807 8098
8234 16035 29653
2697 4895 18393
221 26061 20412
15549 21702 23234
27132 21624 19158
24151 9457 28635
5882 13088 22380
19252 14437 26679
19936 7131 5992
15309 779 26826
4008 29384 28591
29577 12572 27720
6067 11400 13283
22419 20227 7959
2318 29813 10518
14456 25248 14531
11435 11957 25169
14730 8523 9286
21498 28018 27325
7281 27364 3946
419 14587 11811
5431 23249 6636
10410 24471 21784
5308 7203 27314
12469 21397 11811
1785 28752 9613
23563 13568 24392
5179 3429 19264
21088 7081 3244
3450 6003 20108
20354 16514 22716
16422 26421 19566
17166 29799 6331
22341 15484 14833
19724 25737 3358
6254 18830 28367
25740 12534 7595
14434 21138 17870
25484 24846 21619
20712 12053 26143
20203 2967 8376
13493 15305 8914
14729 29020 11657
3148 13833 2573
25579 13167 10708
2702 26212 25698
3943 20926 13674
5099 4123 4930
10236 12406 4477
14036 24170 4860
29713 5985 748
4794 18769 12030
19236 25976 25260
13373 1696 7998
1459 2290 21964
21797 9059 18974
12908 10196 5153
22189 25879 17688
17962 13813 21291
2260 25560 11766
3489 27074 4861
20583 6810 18665
26441 23786 6309
7714 7348 29878
20307 21544 27637
10340 26369 9464
22739 8569 26880
6108 10331 28863
6893 12250 11827
24864 15381 22571
21702 14962 8992
11767 19717 17165
10334 25443 28226
24757 29751 7962
18890 23018 13400
19176 24039 13120
11191 11598 17591
10075 20468 23866
15943 20653 24481
9580 22068 3762
4850 24899 27921
14194 19854 29715
16138 10348 12676
26677 7491 9616
17621 7550 17586
10645 7361 257
16807 15098 27254
10566 5510 24531
18685 18257 26571
17023 8139 29909
27911 1985 25868
5919 3837 9087
22228 27885 12188
9897 22679 14395
17225 973 21774
11594 23608 15545
11655 16172 12896
23651 19606 29740
22972 13359 19569
2793 10167 5725
1742 504 20752
24602 12872 17013
1193 6546 23247
17743 25121 15706
5332 13524 21691
21920 23400 5238
12874 19309 18145
14675 9890 8723
20725 18364 19913
17400 20974 21551
15111 22752 27799
1103 3623 4160
21743 9281 9194
9734 13334 27208
10732 28601 450
29985 1055 8641
8779 22108 18685
5999 15050 15762
21028 1767 12567
24403 14208 10921
14541 150 18983
13703 7002 3124
27028 24795 5013
4156 22843 14152
25223 19415 19831
8882 8904 25596
16606 7080 752
25347 8864 11353
1246 16263 1829
2248 1205 16888
16594 10957 5023
24499 15534 19585
9702 9118 6627
309 3902 5838
12827 13505 5624
22722 10537 27249
12997 20339 14870
7535 2702 28533
21150 15888 5151
10327 14302 22121
653 2433 22878
2940 16460 8416
17830 16011 2946
18650 23009 19454
9126 15255 2693
10443 22139 449
26960 15118 25700
8493 5609 21221
23428 23321 23344
2473 665 1809
25772 4342 19060
6345 27272 21541
19134 25983 25614
10717 8318 21705
19746 9318 14944
21511 10699 26915
8081 24333 1861
1240 28399 7909
24347 19899 28452
2203 26977 27060
29098 21933 10969
14777 27856 29399
5679 23291 12378
19460 5114 23862
5440 20632 13520
9129 1017 13336
27929 21728 6234
9563 381 15017
25576 16187 13383
29505 10321 29011
3570 18849 14904
4128 18176 9224
10040 6779 15793
5778 20181 10567
25737 17856 1345
2725 4871 15028
8900 777 4946
2132 28794 24761
23750 12580 18459
16778 24939 5679
5348 26572 7171
12665 19414 24622
397 7127 19515
26560 25508 19764
7691 17143 7040
4544 26894 24667
8196 28348 1711
7567 4548 29888
8606 22560 28106
28642 26354 17243
11677 7032 3352
12471 17218 27263
26958 21661 14846
2583 26168 27696
23905 23357 1057
28322 11729 23198
5910 20617 23695
14043 26768 25029
11537 502 27390
2772 21944 699
18749 27272 21774
17820 14267 15464
16947 14864 29259
2400 6657 3567
27366 13674 334
3871 14688 5775
6025 27646 11752
4539 20739 15264
12184 21858 20792
24621 26257 23231
7199 29073 18368
8496 16053 26582
26181 14674 2892
15156 2056 16598
16529 14621 5449
1928 28964 8121
26690 26402 11165
8546 26170 95
1589 14560 13563
23206 6014 18526
15155 9914 26168
9116 10121 2891
10390 23817 27575
1839 9411 18721
12906 17228 13258
21270 10627 25591
10901 28811 28045
6469 4818 2225
27192 13345 11553
4133 28872 22361
5755 16033 20654
23546 23082 13758
27048 22418 17895
2616 25368 8117
16364 9737 4214
2498 15892 6090
26079 15291 21398
11392 10776 29314
2691 4402 28639
10349 22852 25816
13911 29267 4159
19765 13945 16638
28432 28661 9559
19746 4881 3718
8277 26206 15817
24694 2829 16619
933 16105 9085
12670 21127 23395
25511 5344 21216
29633 16684 21909
22292 5937 25280
13166 7182 17671
2142 9600 8087
17891 2986 24118
14727 13847 28
9730 1067 8303
15826 18354 1081
12471 14814 26204
8111 29440 11651
15637 7135 28396
7446 10650 13067
10966 11199 7266
20338 29279 14138
16422 2633 27402
7088 15974 18624
8055 6639 29641
26735 15559 7764
8925 18483 6400
10181 20083 12572
20140 15395 28749
24736 10229 16190
22099 16785 23794
24267 26249 26276
2893 10382 12786
23877 10892 1813
9604 24268 22436
12519 26677 2019
17708 11904 4894
4402 21933 1655
15418 12147 2490
1006 13020 28790
21102 27941 25422
6925 8537 2166
24993 13971 18287
24569 25990 15026
23780 23626 16203
12635 6266 5301
5786 18874 1183
3867 3475 23497
16143 22300 833
16949 13464 1357
15062 8252 16190
20139 17220 24375
15445 8303 19418
11726 9919 11714
27791 1626 13878
25068 4192 21338
9002 25722 6527
29966 25806 18778
25768 17285 19537
26461 21645 18200
23462 15672 18773
25399 12960 10180
4479 23293 373
21111 12617 24327
11905 21693 24726
19835 1366 12580
4511 27530 29560
23182 23655 26766
20711 4954 640
3722 17266 25761
29523 11446 28059
24392 7188 6466
19031 4191 27398
1152 5905 21759
10988 2745 15937
16294 23959 3867
4750 24538 5479
27100 9584 8039
24408 8633 14782
20844 16338 8679
12351 881 1143
3828 10360 19216
3547 3944 124
20774 13664 15500
7500 21596 7700
23369 13258 1229
5701 1037 5744
4301 3534 8743
20810 24143 16701
13115 12331 3019
17645 24990 19277
6062 16277 18651
14210 3372 10657
781 17567 7705
4753 4216 11506
2518 4423 20649
9995 28270 21012
3135 26223 12308
12200 29063 24056
27486 13239 27482
6257 4157 2987
2477 28311 23148
8170 29446 15980
17386 5472 12046
25985 18962 22437
10049 5832 6453
7614 10198 4081
5865 23198 19437
19540 10508 8242
13896 16240 28799
28435 5893 21928
27752 17199 27874
13842 22919 29965
7594 29088 25779
11182 12587 18048
18889 14446 29468
28150 14443 1888
11101 682 25767
21739 27886 12177
13669 17160 7090
29633 25398 29888
16330 5043 20171
15990 842 15109
14752 12108 8620
435 13709 23835
1848 16204 19715
11361 8362 26360
11913 6215 29155
27289 27315 12134
26854 5060 14564
6804 25104 20934
20291 1138 3772
25500 6434 14544
8302 19773 4597
24021 14449 26042
6214 22093 14423
9282 22434 2538
21028 16190 24422
10986 8643 21046
28220 9535 666
16342 8466 19308
27175 18859 1356
12338 28976 17831
2493 28495 11240
29095 10440 15215
22052 22363 10210
17896 15579 11317
11621 12680 26483
8732 22505 5765
25744 8347 3763
11053 11600 29581
13486 19805 4127
29827 4934 6704
29534 23289 23465
28183 9744 2441
29537 10876 24436
15925 6652 8957
27240 13294 25333
22688 26617 20043
8011 3144 1416
10107 14722 10574
16650 11645 594
26628 9130 24397
17964 4981 21595
29644 20370 11465
16617 19771 2811
26534 3032 24284
5895 25895 4740
13890 7867 2999
1424 26738 1648
20564 13922 9046
11613 15650 17970
18292 12512 7986
21079 9018 17820
7552 20597 28402
11021 2440 26071
29566 3984 9836
2885 12806 15729
16381 19557 20967
15974 24373 12285
20484 22903 22898
7445 20342 8237
3191 18462 25264
21900 24583 8333
12417 26469 3862
25636 15333 3969
3861 23563 7285
21771 5931 19831
11152 17553 5012
7796 3270 21343
21301 20897 22156
11823 2953 6153
9688 15927 2225
17520 3993 17790
27574 10149 22642
5103 16577 6023
28461 14854 16591
14686 27526 5652
9156 15092 13951
21827 2911 23055
4626 11121 9262
2279 1980 23086
29768 14754 1350
12227 16383 21954
20476 24551 15979
24167 21556 572
13546 21394 27151
114 4994 22594
22627 2340 15485
12623 12927 29766
22553 367 21116
7031 9487 21398
14465 12066 18892
8828 20145 10067
10773 11746 23887
3378 15082 10627
27861 23363 22467
3432 19630 17786
21247 17968 28950
16126 15483 10742
9120 12723 24958
15515 20954 12141
29714 14798 9685
22720 8774 10612
2942 10283 10474
1514 17603 19106
1637 24502 6397
26411 2725 8509
10105 26933 16674
20489 20986 23487
9693 13185 13694
27383 24782 27412
20095 10286 6514
23927 3091 18796
24208 18113 14583
17142 16817 20395
13682 11009 23948
515 14348 2891
25752 22127 6056
29937 18356 20462
22916 19254 27231
15376 22790 14238
29122 29485 20494
1824 27678 16155
16139 11771 10920
24962 18655 18877
23094 17384 4289
1325 701 25126
12013 258 15465
26872 20731 19746
26550 18488 27195
25253 2695 20713
21093 23872 22727
17871 8946 17155
25326 29983 1426
25166 8281 13166
21894 6644 19860
27657 14254 6858
14710 15079 11744
17249 23483 5069
8370 14 12148
11523 9008 25271
25952 11791 11562
5406 4597 18312
13330 14501 11070
28531 3595 12029
6433 18315 4919
1900 13299 3356
6420 19534 21806
6017 5741 3743
22851 1027 24624
9083 25634 11529
15727 16321 18210
12701 19782 2963
24134 14410 13728
10380 9366 16532
13641 26420 13438
29882 14534 6729
25061 20285 24729
22884 26451 16647
6118 15875 7404
13130 27928 28699
12599 21949 11695
593 7368 21344
5413 11366 17655
10084 20863 15592
20742 3912 20919
10066 6322 11679
14270 27923 19275
14371 21016 7627
22251 11696 5657
18044 1410 1671
7595 18307 19246
14415 5255 7890
12083 19526 3649
8797 2174 4432
23643 13387 19845
5791 1575 12662
10354 1279 4518
20504 10370 28289
13454 14963 14100
1391 11471 18350
17479 22274 18800
5096 14427 14605
10992 20548 4663
29497 21088 20338
19369 16799 26262
29530 27643 10213
14196 21924 16411
14080 20262 11789
15547 1950 13278
2917 10029 1623
5767 28102 3270
17790 3149 9128
28543 28247 18566
7771 1073 29125
3884 3619 12874
1238 14627 23680
7492 7601 23544
567 2547 22894
26875 5693 20433
18294 1590 8127
22394 11095 25085
15937 13351 19559
16481 7054 25400
22174 13822 2108
4683 17505 19207
6208 21163 17256
16644 28527 1000
2854 7188 18514
4688 21633 19347
2811 9655 8140
8473 22037 21379
22661 6425 17420
9707 4935 12465
10 23284 26608
3413 6114 6128
12291 2363 5814
15145 27230 5204
1694 20177 27758
3479 28430 10556
11641 18813 17100
6395 13355 2404
23444 26966 25588
27717 21018 4814
8684 9713 27230
15433 6279 5181
1018 26472 3582
9755 4462 13895
16231 14594 23773
9752 3025 12040
5287 8406 10470
29722 7490 9404
19323 29918 3834
14041 8382 27193
20696 18182 23645
16756 481 16148
4312 26354 23188
24612 22029 13023
20179 29646 23180
8568 6164 23742
27252 28075 21707
11332 29697 8744
13525 24800 18122
5068 22124 11361
22064 10451 23512
1637 24999 21785
9153 22044 9694
3065 23405 25714
8129 24276 4049
1746 7306 27810
15032 5600 11280
9726 6165 26005
17912 27881 18408
25749 19947 23457
1176 7429 16991
5808 7354 23226
14026 17597 11734
26851 19011 21697
27706 4329 302
16516 13681 7107
14928 10920 15610
17617 8923 8765
3451 19589 9936
27113 7928 5360
9144 5924 10982
14282 3646 10956
29439 9855 22875
13708 15925 22395
12732 10783 14703
3944 25476 12204
22590 12786 7968
29888 11406 8303
19553 15311 15588
23822 23624 10473
13264 19339 1995
12414 18762 26362
15529 19667 15891
802 21176 26325
20010 14340 26043
5303 4817 9270
20878 3709 19130
13523 26413 21963
16404 6013 21604
19294 922 19496
22510 7800 26303
20481 8102 10847
4770 25894 14465
8977 2289 19501
20135 307 24233
15140 13809 7159
7155 23569 7416
8621 18617 6181
18326 1422 10067
3390 10941 2306
14438 12537 8967
15060 19309 17288
12277 1010 1614
25058 21294 13677
28118 8036 8824
23369 46 7988
4801 7711 18260
20990 18621 26395
2142 9687 5332
22343 11572 27529
23621 25009 16727
26200 10775 28087
4698 18320 17786
6564 14469 18320
7667 18956 19087
4897 27764 27874
11882 21607 18803
3025 29477 17185
23680 1414 20448
17090 27996 1631
2035 10771 14503
27509 5023 28595
11876 4539 27011
9318 2675 5912
20073 13374 25516
20851 16131 9973
15633 10215 29922
14221 22086 17757
16637 13947 11971
9552 24582 10288
22265 10354 6895
5195 3515 25977
26765 13345 1889
4280 13547 992
9413 19220 24170
2802 18845 21829
25303 6391 21483
3593 19714 13018
5265 14256 29337
24685 24031 3465
10445 28110 9347
1207 8333 16415
19055 10741 11692
18392 27112 26208
4297 27236 10489
16762 23175 7613
18978 25539 26113
13333 4560 16196
24679 4050 16067
14339 10006 28790
22186 18877 19237
2607 16407 8921
19375 29649 19270
16644 17034 5185
4200 6724 6454
8678 15173 14272
23430 16532 18631
26435 6958 20759
7934 8965 7455
26147 2875 5345
2563 26803 10810
12792 27833 14474
29258 7227 29460
12124 1409 28307
1278 14276 1726
9863 14670 2200
2909 12377 22537
7781 29849 3215
10061 1381 15961
1811 3682 25067
10122 26571 17264
21235 19738 17830
23171 11788 20565
28345 21537 19259
7824 29620 10762
14151 36 28268
24156 27299 19038
9853 24588 11905
7595 28872 23026
18743 14376 8899
8563 20790 21332
19987 11552 12232
24283 13262 28336
4510 19393 15186
5295 7866 22502
829 15219 22511
22930 10256 14471
18452 23236 19365
15384 16891 4330
21073 7900 16264
8032 780 5962
12502 29282 9220
14671 12558 26689
24542 3575 18422
27138 24864 23343
12288 245 12955
2155 2958 1215
15562 16944 14036
27450 1755 19696
10709 25769 6889
39 8006 21575
12842 2040 16671
6000 752 20433
15863 2684 6447
22912 15203 26999
18739 26542 12002
13399 28656 25806
22254 21137 27173
7796 13225 8961
11023 16519 2082
29150 22799 16808
21108 23938 17184
7416 833 23825
13009 23936 528
23686 20611 20975
8561 10493 5276
23185 5684 2687
4384 16024 20165
18038 17083 10412
25605 10424 2248
1739 18994 3723
17771 387 23488
13682 27329 3472
405 5788 25048
13961 28083 16042
5831 8604 16102
1413 21661 18966
16169 22733 15200
18347 24744 15925
9611 19724 13293
24318 26668 10034
5395 27056 21101
1058 9128 9315
19468 19228 5916
22383 4585 24686
1942 11864 12524
27415 10081 16895
28371 28105 16167
22330 28797 7046
19323 24027 26041
19303 27831 18950
20348 12044 26565
19648 29520 26177
1223 20426 15288
26442 1703 21227
29574 6008 24192
11933 18339 2439
20712 3022 18613
6203 8483 14001
9715 8261 2501
24005 29887 8584
21288 6755 17667
27775 23066 18968
7857 4408 1744
18232 5327 14265
21847 12189 13530
27537 8238 23383
13054 399 118
20021 18188 15289
26491 8841 16869
14841 25851 7225
17615 18416 3008
2666 17489 29360
15099 22992 27317
28790 15164 19416
6798 6518 29830
15674 14983 12398
11136 4140 10805
24593 18461 20068
7941 18328 21308
6016 8447 25512
5849 5136 20484
25065 28609 1423
27213 8459 3183
2407 22503 13918
3564 26049 11339
29314 16951 29159
21023 6878 2688
3547 26579 12861
27756 107 18055
9428 18081 29861
11423 28204 2589
4374 25898 16366
15381 26759 6005
19100 14701 17000
18477 7947 22036
21551 15952 19600
26878 26869 23765
17706 492 2145
8895 19111 24857
18330 24502 15837
14118 14319 24858
9828 16905 11129
21941 19888 12332
29266 8306 3710
607 12178 17083
7996 8798 10084
21989 5073 485
6743 29289 5764
5740 6755 13741
17954 13313 12800
21967 4444 3032
14481 19011 2056
14367 28917 13402
1400 5704 5474
28904 13737 29452
14856 23015 6116
1954 20082 19970
11821 22574 9400
7103 23050 16179
14427 19017 15943
11458 4308 20345
23963 18926 22882
2971 12737 8281
18003 19521 11420
18774 9781 22571
27108 8407 9371
27483 12017 8933
24235 13830 29919
3177 2941 16660
4744 5709 13270
22522 24547 29086
23272 743 17371
13023 14933 19324
11653 20402 959
20208 226 25540
25792 14944 10743
21950 7802 25696
27990 16422 22475
23370 5618 27767
14200 4727 4442
14640 21986 24614
6626 25088 15348
11592 9499 13741
20663 10769 7346
29828 26040 22632
9517 19252 14808
9508 9711 2263
16291 23068 581
19580 15589 19398
23321 3687 12363
11237 26619 6000
21077 14848 22050
16941 21123 15462
4986 5807 13320
13026 28601 16758
8752 14056 7954
12755 1243 17223
10930 21467 19849
8450 734 6847
6892 9921 20893
10293 2391 28103
23429 13940 3352
19458 17969 14991
25047 14166 3996
9939 297 15664
11767 4299 16491
5571 4706 525
7245 17151 15044
6120 10560 14789
26115 25115 12507
29451 15340 3102
7903 15821 25692
24349 19136 21646
17917 787 18647
14238 20341 17784
7364 5089 17088
28863 11894 14878
10971 25552 28692
14209 27551 5731
12570 3416 25536
25248 7458 953
15791 27456 5787
3092 20157 7464
26500 27045 25774
17931 1993 28676
874 20054 23211
876 22578 16888
16807 26592 15523
9393 3511 15295
29800 23754 8111
29656 2333 22410
24088 22164 5382
16500 1584 25460
13023 4197 23261
18165 2322 27478
9380 4514 2931
16951 20801 25097
21071 21737 12810
15340 17200 1014
6187 7750 1736
2782 2252 13261
13628 21780 10583
16845 22589 248
1432 12154 28531
9743 25421 8961
10588 13802 25180
28304 18558 23826
7461 13773 1109
15995 17257 4452
2920 20175 5820
13979 27991 4778
23518 8207 17272
23453 21874 17985
18310 6586 814
13054 1220 14592
409 1644 18815
26606 7810 21896
14937 614 6279
26417 24124 6258
7168 6832 22696
8656 4406 22135
10126 8708 20444
10853 4507 7119
19715 19606 14717
25458 21552 14234
20628 10623 4602
16345 26583 2429
9437 19294 27592
27959 18578 10781
4100 26165 22252
2390 15510 7268
21075 11034 23886
6682 20482 15665
26748 12580 24926
18028 8449 28336
7856 10365 9584
3198 3774 18066
11595 12586 25939
4131 14428 9176
22504 9761 28614
28015 6916 4623
15818 26193 14137
8466 28706 23752
18894 18730 3810
6980 28812 12665
29701 23462 18280
17341 7107 2726
18429 1481 28347
11010 18200 4271
6557 19293 8106
4885 20678 2744
20318 6130 10827
19229 18778 18220
7273 28788 12378
16218 10667 18329
5175 3402 19750
7178 20918 24605
8146 23035 9047
7858 29717 20359
17048 9494 25155
19571 26122 12953
3747 29782 23818
14614 2089 4157
15906 26891 20900
26019 857 13201
25451 20857 24532
11481 24540 22245
8787 17184 19654
11444 4954 6356
29967 5266 29473
12402 10080 28111
15315 16172 4868
20066 7663 9085
28393 20285 20606
19381 23105 13508
26670 29800 832
1153 19191 21321
19525 188 24910
16995 26053 27702
15540 19196 25720
4301 22901 1358
2450 25046 5708
8039 14850 15894
17761 1001 29543
21836 1932 2201
10830 24364 5685
21509 3320 3613
14605 16989 25720
28757 96 6005
3241 22841 12828
2336 12442 14243
14379 24859 24921
25892 5057 7660
4303 23070 5410
18764 29872 5284
11006 5497 23953
5177 19161 957
7510 17010 7511
24395 25014 3803
1604 24318 16406
13226 78 11612
22177 11566 2351
15667 24157 10655
16880 15288 21034
446 15946 7961
26739 29514 9368
2499 15675 29857
15469 2794 1880
344 10527 6433
22965 5247 23854
18233 12852 1043
14910 21034 2377
1451 29560 1801
25779 25643 19961
22320 11170 2875
14885 7045 8781
17475 438 3278
25187 27489 17052
18036 8913 12474
15372 22646 29667
15515 7563 18756
15801 13211 943
21078 15252 7783
14093 23402 3565
15335 9064 6440
17473 20929 27472
8976 26545 12801
11901 20097 20227
8248 29976 26561
17476 484 19202
6226 19729 18230
20421 24680 20307
2844 11337 13069
21735 19593 24705
5534 27723 10352
10059 16290 14299
587 27768 27918
24385 12095 14935
2799 23510 17269
22043 10368 2548
1443 3952 14309
23400 7012 415
4501 24297 26019
20392 672 25794
28829 16680 15454
5766 3813 5933
13642 17695 4631
20886 7963 24448
12738 1171 19745
1168 23818 29508
13949 29423 12105
26719 13058 8931
4576 18297 22311
23235 21140 25314
25769 7223 14073
28120 2041 22559
777 4991 13473
2466 13785 15722
8831 25847 27523
20440 2525 25785
19681 21498 6107
24200 14574 22658
25507 25647 12694
18763 6122 28589
6731 18027 14936
8582 9560 22572
4428 8761 17495
25095 11469 2698
8263 5291 10504
15227 23533 16179
21628 28444 19229
13791 13905 1103
24763 8187 29633
7672 21296 21581
2309 8100 9800
3573 11908 17859
9232 5955 10813
20830 17301 24861
15326 29476 5639
22623 6556 1113
16018 4706 5553
23277 27288 3793
8925 23467 21171
18541 20735 17591
10806 22720 9797
15578 4137 20220
5159 781 16438
25772 29605 16500
23916 6011 3051
22120 14617 17962
28857 9683 9576
3250 10207 23391
6998 21481 249
28591 16929 16169
11184 19677 22390
17811 17404 196
17450 17017 16003
10232 18773 8991
6232 21343 153
25098 24815 21518
15767 5022 26593
24132 11512 19993
5770 10295 771
15902 3606 22325
3485 11741 4730
20428 13273 25738
14311 1317 25780
6670 24530 20406
3600 6114 3596
12038 23551 9278
12170 4084 1729
25121 21469 7192
4096 11636 4055
18167 25856 24567
17802 9749 29532
18800 5707 1068
8315 18947 25185
11646 8140 23172
10537 13534 29910
5658 19989 28579
23118 17102 8962
24343 15495 26551
29419 2082 13352
27922 12642 16302
12500 27043 15704
6052 6776 21096
9657 12896 26079
19530 10032 20071
23633 28820 17001
22040 13672 7140
8239 25486 5672
21772 21822 13395
12361 26663 18960
16640 11834 1866
28823 23528 1073
16260 17704 13404
23682 10527 5010
5672 3139 6339
12239 7611 26072
4834 15383 14560
25515 17415 18234
28570 8844 9422
22550 15391 4352
17120 18698 15834
26169 24885 22961
14442 18316 8615
4158 17508 22941
16557 6465 1825
15327 23286 16876
8766 15327 15050
20592 24041 27958
26482 5275 23131
8289 20569 15926
12288 28895 20486
3919 21595 12179
19666 1424 3167
20975 18998 14838
23865 3011 3538
10495 17064 6359
16997 29289 21947
7419 8884 19211
15432 14785 28326
3264 28142 5961
5807 13105 29923
27509 3421 23875
14282 26653 13418
25864 10970 12580
17628 12245 17612
8203 3668 22219
1537 10004 10556
11340 18608 7376
20294 949 13448
6138 9515 336
18488 9720 16473
16630 26243 639
1634 18874 27591
6077 16727 14520
28854 9244 3195
5367 21305 12036
23968 9388 26006
27005 30 6222
9310 8299 643
12519 11198 26259
28168 29829 9931
5862 10674 13364
18780 22806 28416
24441 19957 25308
8880 27495 7011
842 19844 16742
18194 19329 28849
10173 10175 1191
27928 25578 18841
28074 28089 28483
16548 24093 4250
16447 23308 13945
14728 11678 975
6431 2551 17748
13319 8728 3572
9748 24923 6137
25416 22681 3128
27226 25852 2551
24104 8733 11249
18120 22 16393
28003 21506 29210
21973 26642 6027
6822 24331 21692
8903 4011 7970
21394 11836 14772
21646 15392 26220
4016 13508 8567
18926 23460 13889
11440 22794 11400
18614 5059 28537
7748 11408 17101
21722 7909 20090
15637 19078 12414
18424 911 29858
5654 12933 246
13801 7203 3612
17899 29671 29034
26810 11050 21549
23870 3439 24155
24937 6123 19293
25128 6817 2604
28467 8653 26048
20125 3863 7386
13428 4798 8720
26708 15182 4109
27036 6663 21913
3788 17831 25546
8500 2174 25367
11120 9425 571
12945 4724 12117
22137 2451 2167
27405 12552 5752
14579 6111 3890
25867 14225 16113
5936 22188 3367
194 8965 12551
26229 11183 1065
10902 22932 24488
1216 19611 6409
14876 12843 24081
26601 10823 19565
13862 26580 26223
23047 28217 24515
25460 20507 28679
27736 27664 606
18501 3290 14682
23890 19338 795
15328 6205 18765
17505 20639 12257
24572 19912 23086
1034 15527 2271
11368 18598 29394
24929 24451 4126
2505 13714 17945
7815 26032 11879
27874 6070 24702
16948 18081 22106
13713 21665 15984
8270 22384 22116
41 27298 15369
6368 9505 7649
20623 2152 14822
20937 21528 13863
6116 8736 591
18905 11714 4194
13867 4701 19909
7742 5333 24861
28359 1167 8878
15284 25018 24374
6087 7846 23159
29371 8495 6779
24677 28134 713
17439 12941 4033
1306 10746 14002
12969 12548 1070
6287 27491 1029
25639 7124 1562
10459 23340 11199
4725 3398 1901
4707 19324 20673
28260 28458 14249
8849 22794 15612
4059 2198 25951
29031 6062 6196
19532 23579 21761
15705 25619 10789
25307 27432 18538
1042 5916 29492
15178 14653 28882
3417 7261 6685
2733 11149 18527
24982 24076 25797
19682 2968 29783
4544 19611 11166
1255 2126 7400
1089 28615 4164
17171 5027 18853
16473 1784 16512
15929 1582 727
13083 29996 8507
13528 9050 24884
16562 10976 22666
25232 10373 29912
8562 21141 12292
15577 5311 10919
19535 19397 17466
3155 28959 2432
27150 18287 14837
10926 29242 7167
10724 13212 25601
18964 2942 12787
13908 18236 8334
29787 28129 936
15394 25962 15533
8104 26296 24497
11934 706 3577
25919 23038 10130
16233 7499 18669
26960 23329 4665
19514 16986 22405
6921 15854 25047
2668 9346 1410
4626 3601 123
4545 23562 6487
18275 8408 28144
11866 16954 18625
24650 17800 13251
28058 23339 13008
17946 9634 1041
10179 24551 6451
25251 16650 7423
10209 12874 2789
10599 13528 1082
24294 16493 1546
27759 3852 25395
23586 15074 24177
22617 11597 6240
19262 4059 9631
6113 9017 28328
21105 19523 26451
24246 1649 1120
158 15729 10652
16565 8521 10442
10394 15282 24337
15246 18476 17530
22104 25507 2370
9935 29411 5671
8131 19457 19131
23426 16266 20850
14153 6069 18312
18234 14234 14468
24677 9342 4023
8851 7627 24447
13649 6802 10173
7153 14193 24259
29628 8435 4014
20300 1229 24354
23093 23979 4304
12643 18982 24251
23575 29360 4484
2314 13789 18379
23588 9454 24977
9381 13648 20617
18141 29260 1463
16006 9430 9680
11907 16955 25105
1558 29087 12831
2977 19725 29518
29260 12122 16165
14037 24848 25596
24764 5272 15507
6583 2591 21809
2613 13351 9367
24343 5519 26981
23031 10354 19293
1287 20836 28927
5991 21800 27579
20358 10781 25610
14550 8333 19828
18000 11664 7167
12537 13378 1812
1319 14889 26097
7654 20545 17489
7033 11343 4246
3963 16571 1437
4665 17172 26185
20613 23536 13592
17911 3942 20505
7240 8165 17979
6208 15603 11981
26549 574 15759
18366 21010 18068
3846 9800 27047
19828 2826 16877
23713 20957 6396
13061 4424 13219
24660 11948 15470
13681 24925 20312
12340 2147 8595
697 17780 9137
29683 3943 12038
6814 17762 27710
3602 25583 13757
26240 7772 23609
13326 21751 20170
1075 28752 3436
23388 3216 7889
26756 26122 23953
1974 19688 19867
5616 431 10301
12240 28814 8767
1184 18500 1486
4728 17299 25378
10897 21028 27072
27167 29072 1250
25364 13927 12931
1462 9564 27521
23346 7786 10926
7337 25639 20096
20099 24085 16265
23376 3417 24294
8024 24159 22514
22936 4943 12146
4966 23471 27232
12358 13245 2749
17364 2817 23106
14784 1260 4348
25233 13813 226
19735 28310 24095
18164 18363 28134
4721 7389 8650
15829 24073 10304
29443 29359 20542
8865 16321 29389
8708 13477 10500
23758 22293 18566
20338 5611 11862
15925 23001 568
6908 29242 18686
14135 21290 22323
17142 20704 10005
27446 28370 3671
7428 21510 11694
22685 18486 28684
15929 6524 26936
8374 4994 13030
1942 5670 253
6699 24129 790
9391 19766 2544
29914 15526 20873
14352 9922 27143
15015 14595 2296
25580 12316 1554
20565 665 27925
3034 8364 15137
21774 4164 28230
17708 15751 22618
10655 28867 6726
26925 20773 15935
5721 180 8019
1995 7689 15743
19 26706 18397
6685 3888 6869
21987 16692 27043
25191 692 1100
19003 10315 23697
8440 6970 19687
20142 26289 25483
1270 19039 19413
20144 15507 29748
15279 17016 1586
28325 11797 22160
28081 4278 20832
7943 24303 1816
9623 14133 10186
26938 15738 11452
10363 18256 17368
12506 3964 23437
19345 28497 28600
13318 493 3204
8925 21315 18566
814 14597 11238
21249 28846 14771
2007 26798 6575
8401 22589 17535
23281 378 2846
22640 29364 21143
22776 7616 29596
14274 28376 8182
6592 6094 7807
18734 25628 28143
28047 928 995
1731 13546 28041
8730 9729 11355
11544 29654 21527
17136 4456 23524
8489 10887 18306
22451 10634 5631
22723 15414 23597
19984 8308 29188
9468 27256 4829
6057 19631 5220
4561 27891 29665
14004 11023 20237
24552 27867 6528
8789 11904 23460
25828 6792 1282
22806 27194 24897
21810 24406 7773
21121 8455 6806
16114 25663 9993
27439 8302 13088
24878 3577 21976
19328 21755 21994
27171 16105 7376
2534 20352 13680
26405 277 1989
6199 10889 29907
25500 28133 27322
23433 18251 5886
2929 17614 5408
7004 3014 1800
20107 14636 7439
4342 15595 6442
29297 15922 10111
6306 3947 17720
9187 6082 13164
14077 9708 21153
23530 8539 16612
15096 16332 25312
14199 11674 19564
17114 4908 26431
18570 6521 28487
19497 11105 12881
6637 28229 13612
19219 22924 5609
10250 19402 6341
13371 22154 14871
26432 17731 23572
20553 17033 17088
22310 22282 354
5081 7713 29384
14899 12857 13624
5811 22311 28124
26201 1679 23153
19406 27431 25386
23664 27519 2379
10493 7067 10271
11343 25566 11494
28512 9861 16043
23837 16907 8168
19431 342 25341
19718 2003 16828
17121 26003 28004
28218 4197 23435
7990 17753 5450
25699 24752 17112
24658 1264 24322
746 10702 17804
29871 514 15359
29442 11395 16255
2087 9959 13028
15511 1521 17948
15990 15895 7637
16333 12290 9238
8832 14074 5311
28704 22536 14975
16886 3301 8537
15453 21573 21145
22858 18046 353
18124 795 13279
1096 18413 6948
17505 10683 4123
29716 18120 9573
3382 7970 28077
22671 18307 26064
869 4004 22083
1270 7192 4476
8723 23478 10800
12203 11599 17774
9332 27053 6295
8825 18293 14513
29535 12888 16547
28491 26881 22504
1209 27091 2886
4471 15893 27858
2008 13103 9761
4193 26785 2767
21916 8569 897
19733 22585 14356
26833 23059 23159
7086 7373 19275
9872 10780 13782
1027 6165 26865
8195 21130 13565
17745 20213 20101
22531 8301 21721
880 3705 18241
3012 16118 17469
17473 25692 2761
19081 25210 20348
3922 24647 20699
679 19697 854
7052 26317 8703
12292 13797 17472
24931 13687 24327
29734 11115 24002
8306 2873 8898
7735 21777 19622
25293 29330 13939
16694 28932 22419
5792 18192 19895
16746 29004 12043
14593 18721 26998
2554 29747 7241
24761 19573 9540
2761 15936 19154
21683 3847 5251
4866 13101 21206
18340 21534 29129
3410 10388 24099
22263 28254 25123
7600 29146 9576
24658 9373 12343
13354 13674 5027
6189 7770 26025
6413 3373 6251
9601 26336 11146
24130 10938 3950
24572 21116 11989
12617 3880 19274
29628 21598 8211
11148 11655 29189
24961 294 8448
14278 7355 5365
3942 12224 28253
13385 21101 3688
13478 5576 22855
16385 22579 22773
6122 28037 19403
20406 8236 22871
6995 18836 18696
26509 11471 8507
9194 15427 1013
21533 7197 565
5219 4307 19298
19655 8885 12449
28664 19711 16875
9731 26928 13604
5872 1918 26903
27730 19382 15446
8361 11263 16351
28846 17486 15931
4841 13172 28331
24188 11987 12479
14529 20438 9581
6283 2105 8760
2208 13597 1538
14880 3280 20950
15326 16231 28504
7762 17854 27522
13601 1122 25601
16225 8386 19909
465 22913 28082
3523 22326 26217
15276 5876 27264
28762 4033 6055
24317 12202 18681
24698 19319 8183
14342 24364 5805
27774 26784 8316
23365 6417 8239
9580 25834 24177
21901 5970 22183
26908 24735 1858
11581 29193 29461
5712 15573 19666
18026 16047 17627
12611 19596 11487
29949 8693 26160
1450 17628 17928
14129 11789 6911
19 17384 7386
23246 18530 15363
18107 29661 25516
25976 11877 29718
4313 24592 7363
3652 11229 385
18902 23901 8437
28620 10003 8772
18410 2369 19038
28114 16676 22280
28922 5817 13084
9185 2820 14083
29612 10483 14683
3883 25116 24085
20536 21738 24590
26511 2937 17200
21182 3515 27553
4877 29736 17918
14574 25463 2648
26287 19686 24716
19941 26485 20034
17893 26733 21222
15440 7061 26994
10830 8825 13999
14509 26192 12807
875 7584 18255
21238 3796 3438
28622 28808 3822
10864 21206 27768
8938 9267 21136
14065 22464 11765
7817 16891 29055
7 28001 2430
13994 2493 27449
11750 15497 20038
4096 956 12699
12802 6921 6658
14260 16531 450
24277 10460 21565
19112 9648 23034
12704 25026 10438
25616 27971 19572
25029 9886 27414
14455 13089 7990
410 22203 25334
5236 23208 3570
6573 23303 28321
16380 26514 17337
8578 20873 11646
17241 12489 9357
7070 1957 13772
25299 4766 4071
25495 654 19668
20646 24808 11476
16709 24218 21817
29287 19195 20711
5850 11068 6212
25824 3911 9877
10182 16414 19350
15324 10038 29665
9340 6328 8428
538 24546 24818
5554 3327 27350
6869 10901 5026
16674 15730 9006
9194 16799 20157
463 26503 2892
27365 1140 6820
9050 13409 29072
26817 25263 7672
15636 4449 29733
22514 546 884
5555 11877 6950
15150 7202 6501
16495 10976 26595
29782 25074 20732
2816 21404 17094
9151 24330 6779
23622 13412 17840
3462 18346 12826
29832 2420 22490
7036 6081 22271
13686 16576 2384
27413 21105 7291
27302 2335 2076
14626 12450 29761
11879 15856 15728
10499 4546 10058
23999 17051 26195
4957 19936 26311
25770 13308 7156
22572 27499 26775
24748 24286 21176
24391 1259 29785
4049 1714 22484
16626 534 24786
1855 4179 28004
29273 18821 27627
25446 17071 22012
24533 11748 2421
22611 28345 21914
12304 18105 27219
690 19399 28740
24841 4968 4158
20030 2075 3148
12316 4123 2087
18719 20302 29648
16796 389 24623
15072 14477 1445
25975 9658 172
11487 3084 556
18933 13896 3008
2543 19718 766
12004 3706 27278
21978 9968 19906
3448 7122 17616
29112 14420 26246
19880 3135 11557
5760 14356 660
25817 13208 3824
28852 17448 21000
24201 15094 19131
21056 13490 2764
27409 27977 20722
10971 28909 24018
6402 13583 26305
3655 14548 21162
11930 27816 1764
2598 9604 16152
4145 23507 24528
23943 4521 8071
12962 19853 6626
21616 27858 3382
9108 14808 16823
28931 9617 5763
25844 22723 13131
14521 7231 5042
11145 18089 22124
10314 23500 3843
7099 2666 11068
10747 4167 6329
5628 26605 5851
28245 26513 10761
13916 1510 15669
8860 29121 17713
6717 9091 23642
24196 23608 28438
22481 25396 13815
14239 26777 16396
23997 18650 20971
11732 6640 5012
28709 20603 28104
12907 8645 2809
990 6807 24583
25476 19613 4505
7040 16700 3272
28830 25671 27033
1887 15662 13280
9918 24935 24585
26188 7859 13449
5685 4362 8757
18304 21580 15880
6800 24226 16614
23540 28802 23207
15314 87 8565
24784 27164 2981
25692 5913 1964
28617 15797 11537
22304 21936 14399
29689 5770 3886
14494 24835 25415
961 20502 2769
24225 12646 15773
15595 5244 17804
25158 1203 21552
11773 27448 24689
27841 6236 21233
11308 6015 5366
1768 26183 2649
26977 22240 14783
17158 20905 19727
19963 18730 18414
9772 28780 2705
12648 17267 10279
5296 28843 22574
3180 19635 5474
3601 5683 23504
17377 30 23111
26785 29036 10527
25259 28635 28275
12587 1652 4895
2331 18666 12550
3988 19884 10610
443 11275 3824
13244 970 2613
2589 5180 12153
11966 20857 23769
995 7473 28032
4757 2756 20809
17575 14291 19790
7551 16923 6613
8852 1608 12691
28488 9038 13180
845 11767 11164
29012 23700 21563
7960 21177 368
6567 7617 20828
5672 11173 18912
29511 12309 16127
4058 15591 8450
27316 18912 1471
14792 19699 622
1266 17611 27377
4055 8308 12137
11715 29086 20446
29869 689 21861
24648 18466 29076
5282 10766 17695
15590 26705 1067
20748 3252 19452
21394 24834 1332
29160 27045 2287
1681 13513 15547
12274 5070 484
8532 16422 10195
12859 3408 11517
1909 15816 6437
5709 8843 10252
5730 6985 12497
1033 20157 26265
25889 14588 16461
18510 25956 6415
11457 28777 28765
21514 19302 6568
2731 11857 19299
18410 10842 18837
21929 18294 962
8978 24119 4756
16300 15159 28951
19409 1019 10878
28511 1392 4480
20214 23113 12480
19439 28772 3844
28356 11851 21849
29396 10122 5989
16098 14752 11647
9915 4643 10704
3784 22169 4725
6286 12436 17970
228 28814 2848
62 25052 254
9823 28183 4861
22746 13174 9078
14471 28425 705
4470 7870 27118
12354 10898 26849
2255 5655 19899
14542 11160 12859
9489 3612 9703
16966 5952 28601
5827 14711 5135
17011 8894 12739
29613 401 16309
20728 13424 3648
12576 20596 6760
20444 28955 18105
21209 16918 22406
15131 19125 7921
9562 10265 16258
10910 13494 17069
11331 15533 24885
24865 13910 16052
18348 24637 3445
12431 22363 13396
23916 25876 23418
27988 10450 6301
9431 2372 1360
16942 3927 8545
1451 5960 3765
29194 4565 22197
17554 21208 2522
12854 27222 25362
25282 13711 23315
22218 26986 26703
20346 12363 720
789 5200 23083
13485 5643 22553
9481 7273 15954
25595 9835 1369
24615 15499 13672
694 18189 10352
20751 1212 5515
8232 16305 13195
12136 29133 6343
13520 9620 20957
18369 16419 25613
2442 26087 23515
19311 11906 24760
15422 26130 19103
29245 3758 5041
2622 23005 18849
24389 705 1484
3414 3620 9655
23561 9176 310
24925 7935 6178
17140 9877 27590
4111 20712 17133
5956 18722 5611
6546 26970 7025
2167 11051 11370
14529 12453 23530
583 7780 13253
9467 21552 22986
13118 13674 27120
23070 22019 9985
12539 6095 23357
14506 1681 20866
24599 21635 20441
20919 26763 11964
14264 10920 29669
4565 27663 11814
26947 16670 2438
6806 4890 26589
24506 3853 4959
5938 15900 10879
28014 22468 1266
11967 13613 19011
11781 7079 19637
4969 1181 1070
15271 13306 18002
29854 17504 4284
24814 1498 17459
12722 29591 29366
18508 1754 1446
4165 20897 15274
11676 28494 24036
2654 4618 24405
15018 1884 8263
23601 16362 19556
5762 9885 12713
7742 23284 13562
8677 13898 853
13321 25497 13878
24752 3535 20672
8828 10143 551
13475 7839 27953
5605 1689 14622
6201 16513 4097
13657 16158 13221
18386 3753 26998
4543 7561 236
26272 18274 11572
24799 8681 26450
25362 16188 1016
3578 6234 29478
6526 16301 3761
7974 14519 20809
24091 8599 20946
29074 23973 21341
13849 12252 22976
12110 11477 12508
29834 22472 27255
25353 3824 2719
1656 22878 25800
17822 10683 26474
7370 14509 9206
21489 2109 8567
19345 4970 26103
13224 22380 10316
17393 15789 16929
29852 4655 3680
3203 20301 4202
19115 131 11606
2555 24693 28686
20917 10501 2358
28753 26907 3315
3757 24173 22079
13988 26089 4362
16713 24074 15831
4579 5281 27951
28711 28178 9844
19233 7297 440
1796 21168 3395
27716 26067 1457
2464 9468 28914
1054 26855 1404
9998 12595 4091
7069 4196 27017
2159 2063 6781
20743 19917 4473
24754 19381 28106
1691 15702 11040
14145 22479 26176
25814 25607 28721
22437 29961 4971
21166 23999 22708
550 3937 24333
3335 26960 19310
26096 13023 16582
16860 17570 19732
5819 22494 26418
11300 10286 14781
8909 20188 15937
29883 7857 7898
24773 23644 3437
17712 29516 9869
13567 22394 25633
13921 22583 13749
20776 4754 21131
6877 14193 196
23988 6248 13710
13902 22735 7436
26520 22242 20505
1358 10839 5985
1136 26653 19684
18426 19381 22863
12786 18308 572
956 25695 29799
5785 26191 28618
315 4034 12678
29867 22043 24337
24911 24112 29634
7728 10962 977
15401 19109 24749
29818 9002 8937
21802 13122 10516
17637 28908 9171
5171 18679 29927
10137 10676 16851
4212 11109 15348
22869 12381 4349
26500 4081 5758
13588 13861 23337
9495 5693 1197
25692 7 25423
11073 968 4475
6987 14070 20062
18691 1960 12161
21987 25350 9440
5923 13453 8259
13506 9873 23631
29765 5632 23738
14801 1316 18387
7845 10872 27152
28022 22251 12423
3950 329 4641
5001 12901 15625
1959 6752 25384
17456 14202 26214
29509 17814 13871
4767 15266 7687
28254 823 25058
2845 16087 5616
7066 28269 3086
22760 5046 9709
28631 18570 16700
3515 29255 8247
7694 18934 19695
1624 28436 12662
26694 5206 12788
29384 26145 26027
14343 6875 22616
8933 6666 1364
4635 25408 7299
15229 23489 7188
17123 15995 20791
27962 22356 22188
10637 27585 13309
24970 3467 14736
8858 1624 14769
10086 7504 21423
21649 9461 12137
27376 13385 1620
22581 16468 9549
8324 23247 19738
1387 9000 28125
12924 4426 2494
10763 13484 29491
25418 5787 27531
8329 4090 4522
9662 10596 27686
13841 29155 15368
315 23597 6138
11822 8623 6283
29276 2668 13516
25947 20761 6861
12985 294 12396
21783 9655 17256
8016 6720 17564
14161 19706 28972
10597 17166 27664
4450 24327 4394
8774 259 16660
5137 757 24077
20813 28494 17248
10343 5767 1221
21001 16340 15348
27228 14756 17484
10319 28330 16578
5978 21373 21647
27 5063 17794
3753 4405 10499
25273 7604 19826
22101 8282 14801
21406 25033 577
3633 3744 4428
6412 26439 10020
20848 29369 24488
27854 13763 12902
4647 298 5685
11261 21990 21923
8932 29169 10762
15094 29695 10928
26170 23922 3632
27990 29047 21577
2992 3455 17487
2150 12134 5505
7800 297 8263
12514 21926 22888
23076 1958 3651
29621 13621 16726
25880 16684 24217
1536 4152 4890
28765 26010 2871
13959 7495 29022
12818 15819 26550
6166 7203 21628
19205 883 13632
17065 13433 12154
18509 8656 18575
15312 1636 2627
12412 11583 8665
14495 21599 2299
5152 22483 26719
6443 7155 24936
8538 21431 29501
29424 8408 26472
10302 22064 27793
13462 4754 7851
11006 23630 26603
1536 24657 23291
27440 9381 16934
2233 2848 363
24897 28120 20175
11413 19487 22479
21125 7570 18439
4772 13218 5559
20800 8531 2556
25015 13569 18963
16822 21466 17097
26837 29618 8013
8453 23722 4018
13685 2064 12697
23357 28271 19598
4332 15483 11886
21503 13165 1653
22902 11305 15477
9374 4736 8600
9703 24148 6334
6681 17240 24755
27433 15594 27286
22910 27802 21775
20742 1460 6590
12106 10312 22356
29987 15961 29740
10143 20635 1373
17398 5721 18730
10330 382 24282
11247 10553 10981
2270 4382 5916
10310 23966 2071
25198 2146 7557
22227 9644 27187
10484 16229 20895
9031 22396 22215
15733 22706 15558
3222 1540 29006
12546 9154 22102
10466 10427 28600
29990 26497 1193
19799 10998 12314
11385 9623 5852
12573 21785 3693
26882 18892 23375
5223 13547 22828
23594 13850 15614
25668 12769 10156
1402 2563 6592
400 4058 6908
28842 28960 23778
4751 3648 14876
9380 7631 28755
7007 23238 4338
12923 13084 338
28317 4360 12481
8553 29179 29344
22601 14238 26443
14422 23162 29489
2233 10387 25479
13245 11568 23645
28781 19022 14923
28810 22545 9139
19386 14545 13815
21619 24682 17545
16690 5627 2042
19753 16784 3657
21752 13278 12642
29604 29397 21578
6484 20664 5861
4518 2571 23300
7068 8573 23147
24392 28774 21990
15984 29438 28369
22660 12523 26766
16789 7773 1376
19035 28020 716
3751 4875 7057
17923 22943 2188
17676 23147 6900
1965 19227 27721
7347 20298 26799
4994 15471 10304
22182 22713 1369
17891 24537 25085
22756 26317 25049
21472 9420 8554
17027 4956 23695
7872 10929 21460
1892 23794 4298
3079 22077 11806
1663 23432 14580
18596 17746 18013
825 19529 19103
27696 21702 8559
12756 21903 25006
14963 20931 28975
17954 11333 13414
5976 21250 20670
19483 1681 19339
3037 7352 26795
1520 27815 14833
19205 28788 957
9940 24451 18098
9983 9282 28910
18214 1192 2779
18619 20214 24245
24664 12145 3648
20622 22011 27112
3283 23966 8721
146 3609 12048
18746 17391 6693
20213 18832 3837
8582 7509 21155
23423 12742 853
6711 3485 16400
5586 2226 14717
12587 9358 18364
62 20336 15424
21737 20146 7116
21174 10866 28665
12391 24969 12550
15874 10876 29529
5030 864 29800
17623 4614 22399
29840 13320 26535
17373 3874 17798
1121 14214 29701
12683 11918 21267
29726 19946 4270
19867 7497 4324
25144 19345 14583
26758 12925 23361
5040 4858 4766
12114 28454 7300
15184 20268 29615
6494 17682 1511
8852 21163 18398
20320 2653 20064
10337 11779 28632
25963 14881 5139
2294 20185 7868
11205 5778 15930
24375 6198 17395
19984 7530 8846
28811 10894 26919
17861 3827 22450
15602 23376 3471
1916 1719 14485
2462 1887 4823
15160 7350 22103
9358 5901 11656
14011 13909 12571
2167 10806 26596
23510 24665 12596
28092 9462 20502
12555 22434 20260
4527 9748 16427
5552 10110 22439
29157 28352 529
13318 16277 21929
19905 20899 13954
13470 15547 4339
25931 16738 23991
9875 22300 13813
7948 2617 11297
10773 14969 26579
21504 23611 20906
17675 8074 5429
22144 16834 3111
13641 14473 4472
10825 20144 1318
2447 27024 27919
14595 3966 5846
4688 9865 16627
253 18601 22694
15946 23178 24190
13919 12624 6795
21765 19408 25847
1984 435 29321
16411 10653 15804
29112 17758 13449
19365 3535 22138
4143 27369 2309
22201 22507 10614
18186 10339 6030
14076 16502 10180
29472 5995 14817
23709 14350 28588
12013 25031 7786
16467 13549 6358
21544 3667 28764
703 20572 19001
20917 7772 27431
23032 27878 10041
19179 13622 28666
24146 3964 3591
24869 641 11406
528 20209 21036
24178 6470 15966
11681 16857 27238
24606 7799 3957
4732 5116 20530
17045 7766 25722
10056 7286 16504
386 29468 1677
9048 5552 21265
29784 1515 9238
7428 4020 9705
27768 29053 26340
6800 23906 6429
17410 26748 24331
16051 10558 9767
16855 28070 26564
3357 15538 4259
25107 134 22670
19244 11874 6898
3153 1229 12272
28881 9988 10845
10130 4500 26565
24928 6674 18218
7785 24364 21123
1297 9691 14950
5027 20466 13427
4574 13485 19734
4921 18023 27428
26383 24282 23086
3634 3134 16447
28259 14586 7041
10648 17769 16511
15129 2813 11809
19375 4205 18861
20701 139 25022
21927 6204 21770
2038 4995 11240
2330 5505 13398
7893 3531 18044
22710 18363 16755
20747 29460 9796
19803 21357 1683
17416 9055 23754
19924 6977 3286
7088 24366 12739
7514 24506 19399
10721 924 29431
11836 26155 15096
2245 7718 14053
3952 15430 17055
24567 7805 22611
5519 29523 10327
15716 13461 24420
8553 28685 6028
18366 23236 10804
18471 32 7603
17331 17008 15633
3771 21296 28773
20618 5305 23234
22495 1032 11067
6268 23240 25920
11049 4629 1283
20517 29911 5359
1174 24559 21563
18653 26553 24950
18774 12737 273
29852 8457 15044
12377 28672 120
8865 5324 19381
11815 25800 7701
9157 6021 9024
26913 7287 27176
21129 4864 19618
1315 12292 6130
8337 14181 25910
17200 4193 25045
28031 20668 26185
13109 7229 12586
17632 8642 4945
25592 23301 21794
10606 11887 4147
28359 7291 21171
27090 2071 21710
6136 11352 19203
26381 12980 19517
18431 12760 29876
12721 5453 5491
3808 12170 26987
12185 6731 25037
29887 27994 8195
22035 8298 28221
12908 12139 25084
22551 29101 9804
27749 14916 29796
25678 23879 16057
4309 26022 16869
1805 23315 3376
29799 28268 25948
4771 13662 2505
16318 20996 16198
14105 29789 19139
5239 840 10340
8211 18560 3145
19813 23973 23688
18925 9818 14600
1954 6099 3611
1844 11234 29353
24642 18942 2043
152 3887 3911
9421 7690 14724
20752 7489 28712
16507 7203 3813
15157 17366 18030
20548 6524 25797
26505 507 26453
11989 2166 15460
28531 17338 27449
3572 19285 16313
8898 21194 22723
14217 17826 10527
25637 18709 14432
15007 22283 7191
21641 26900 4416
10536 19878 18991
23996 27834 18496
28841 25735 21869
18314 9949 14883
23315 13859 3226
24632 8775 2769
15822 22294 14274
23710 23684 18261
5608 17954 24980
19436 4731 15867
25456 1076 7400
20798 27866 28545
6332 11784 24672
20006 25123 26695
29847 22965 12198
9022 24049 5408
29888 13619 22759
2287 22515 16558
5308 16471 23749
3235 22458 20188
26962 25450 16933
6986 21492 27217
9079 28207 17260
634 13882 15313
29477 3380 2341
1865 19145 23138
6655 4162 21825
26109 11195 2832
9525 20507 21075
10671 14408 17387
5295 827 17148
11711 8099 24620
10851 14945 15941
23615 11138 25881
10356 22087 14772
28084 29474 10269
18744 25665 12426
4930 18009 23094
21508 20163 20637
6553 27286 24001
19597 28384 29874
10232 27786 9937
4903 26960 6962
15508 25030 17191
22217 13246 22686
14041 7537 9592
23093 3711 5421
20451 9165 8906
26450 5036 19820
19388 25534 13544
15491 217 12718
18817 17640 7891
16688 16139 4706
6089 1340 26484
27883 8012 8248
29238 27503 22565
341 321 13969
10767 19961 12004
29503 12755 25519
21587 10838 21513
11038 5884 1403
21015 29297 9143
13940 19269 21988
24781 12310 22759
8900 11699 22833
27344 18907 23256
21491 19798 10984
28358 23566 10052
656 14937 8297
7798 1974 1529
15203 8035 385
8452 25661 17727
11487 10770 26648
22201 15975 5411
16715 26837 5629
3156 1755 26053
12172 14724 27214
17012 12765 28946
19243 1950 10224
25519 11331 26570
17832 2429 14842
27133 7612 26089
1892 14002 24949
21060 7752 5527
22318 20359 21280
3755 5140 1047
8487 5499 18863
21717 5449 26928
13092 9039 25341
4341 3419 27449
16045 10965 19900
4395 15569 16593
21289 18966 7303
16843 18061 15937
11707 21365 13032
6707 21103 3260
16422 9223 7987
28888 3334 25834
20346 10886 15286
8950 23447 24589
23420 2151 15077
7722 13762 21843
20369 19850 9506
5391 25435 10646
8645 15663 22869
1050 3783 10931
29541 27880 28797
1640 22875 12820
1524 28364 27354
26965 25450 22798
9704 19293 7587
27620 23199 26612
16454 4642 7192
8941 19029 17004
13832 29802 22004
28271 25304 2178
10570 24524 4076
14698 28286 10760
5700 25543 3836
20119 25785 6514
12633 37 5254
826 24085 6210
10665 4897 23452
2478 16626 20867
25989 2895 28003
11612 8239 27757
17263 10634 15332
9529 20189 13406
19357 1933 13113
1008 3591 23997
19615 6606 14016
1951 18819 17489
4796 22871 23563
12016 8476 14871
1633 10071 16907
10927 28875 28388
26016 24670 1390
15814 6343 5631
2354 704 1386
11901 12411 22850
13807 24499 7987
9083 22599 18426
21610 9363 9675
19220 24003 19806
26201 24640 27938
20141 1022 18033
16606 3631 29453
22989 11357 4641
4451 18650 21941
17520 16769 15983
26346 8140 15455
19670 3094 5589
23101 12896 5320
5119 8848 12677
18766 22368 19543
4507 16122 16846
25601 23076 24063
12144 25819 4923
14930 15921 7508
9364 1815 5089
15661 18443 8003
1862 21329 4395
16219 42 15365
25970 13149 25196
23764 17478 8106
3130 357 2223
13163 5969 18994
835 26124 16468
24031 12872 6251
20091 23412 28149
3650 15561 22269
5095 18906 2402
26477 12370 9311
10947 29989 1896
29230 19215 15463
3026 18419 3026
23861 28504 762
29818 20066 26276
17250 253 11897
9401 24795 17050
5185 20196 13691
21825 21718 21609
8772 4283 3833
9293 15134 6207
25111 2219 13066
5781 10981 8826
14455 20185 347
13113 8001 20601
21745 27643 12103
5562 12104 22675
3905 14361 22549
14776 8181 23186
6016 12563 21430
29270 24737 14469
1059 18061 6591
7371 14812 2845
18667 3457 15593
28250 27733 22922
13473 23286 21255
4835 12876 12031
15002 21879 10563
11878 17161 27992
19840 11366 19227
8194 10450 8311
5383 28709 731
23207 16466 23380
18833 11345 29295
27833 12511 18897
7992 18115 7207
29431 27900 23777
17076 19528 22532
12160 5079 5617
21788 13782 20109
23705 9721 17
12199 18838 6881
4021 28310 6139
25991 9770 21794
4236 24587 290
13982 28968 15352
18997 6568 197
10008 24583 9527
28046 2192 1698
6301 10564 21212
3545 5027 1518
22044 23380 5239
27586 19608 1659
8326 24241 7933
9442 7651 14282
1547 6160 23002
823 9059 24950
26264 15678 26175
20997 25028 9261
12611 9948 17644
11012 9311 18710
24476 22266 6733
6220 25564 24342
5667 20860 20475
29737 29356 15212
22329 5725 28565
7353 9309 29461
3999 24113 13067
6313 27848 2309
22794 10468 15998
21902 15158 18498
8006 7574 24347
18624 15542 8024
20229 22245 12375
4277 16439 5155
16487 27530 11498
14598 11211 20118
28345 10909 14948
686 8384 12977
17010 14887 24104
12869 8192 13597
29496 12820 1155
16379 13696 2962
20202 18915 2251
19839 6768 15791
26332 2077 16296
1025 9318 12788
23567 5147 4557
27197 24452 13130
6112 15301 14695
28622 11194 22836
20193 1852 29825
2315 6778 1546
3625 28477 6386
10439 14648 3540
12986 16141 942
23610 7031 9578
24976 18279 22603
11975 5454 18133
19342 383 10102
3422 26274 4759
8297 9507 2312
2513 6532 3402
16742 11628 9548
9889 810 22681
21566 28380 11004
15495 1880 16975
15634 8249 28284
15554 7245 16415
17671 6571 18758
26675 3549 29818
173 10254 7994
4205 24792 6845
11124 27496 6021
28443 3586 22405
28465 15797 9704
11655 19902 29793
19242 24870 27441
17420 11744 3742
3360 16315 23168
18776 2010 22950
23344 13323 11883
11710 9970 5610
5822 7317 27890
984 21334 2248
16028 20286 26480
25918 9470 18751
26048 27461 24333
16972 21203 27691
8853 17067 8135
21963 5515 9699
22889 12777 2836
27175 2275 19438
24045 1634 164
22455 19824 13499
12646 17952 6368
9753 29149 28092
20623 672 28097
19469 19368 25231
4644 24228 18693
7914 13745 4023
27991 3628 5755
17155 16855 22006
20489 27618 16279
13265 25970 17129
5040 27016 18136
26319 6280 4670
29667 21915 2335
27936 11476 9861
23427 20034 28357
5377 29675 16624
20330 1660 2757
17585 15050 15532
13029 11129 12095
23632 9616 27723
568 17750 12772
11635 684 29885
21037 23040 13095
10560 20825 2684
82 222 12381
259 23050 5797
5516 8519 10081
11047 19988 2534
20753 70 24030
16743 25928 484
12006 14978 18413
3004 12526 17070
12844 5502 12006
25128 9353 4045
9877 29463 13099
17458 13625 21636
6412 3982 1106
14065 17893 24679
1016 15845 23555
13485 7162 27459
22541 282 20484
10135 9950 24496
19958 280 23466
24409 24049 1246
41 3091 27616
20857 13235 2336
16708 23926 5129
6083 20545 3292
9366 16985 26593
3715 6494 7110
62 15367 7123
17278 5119 21701
15718 9609 20511
3193 21014 1984
6290 1810 25303
10212 26696 28790
12847 22901 23290
3333 13005 5786
21227 11265 27154
24214 18084 19019
27563 9221 14981
13104 3482 8424
8076 28124 19066
22159 27577 29089
13366 3503 19366
8009 22282 14238
27770 7258 29699
21461 18975 24012
24485 25503 7639
14485 9841 3154
15297 8902 18761
10526 1519 17453
13833 12087 29279
7281 16255 3651
5055 19878 10859
7557 1759 27185
26324 29266 19831
26742 14911 24886
8715 20942 18138
3864 28839 6126
8364 2955 9577
5456 177 4240
18448 319 5870
13773 27404 24920
8088 15201 14110
23237 2490 1536
23817 19454 16589
15878 852 8096
19744 3910 18576
7765 1788 17496
10925 26951 28340
24227 17660 1668
1570 7309 10248
2771 21170 16846
28152 23566 25245
1895 16092 29683
14448 24594 25604
6631 27897 29101
21703 14426 26889
33 24375 6227
26871 3194 19662
4578 5541 18242
1085 14728 20540
24458 8392 28566
16704 25966 24531
16796 3830 1178
15522 5977 26637
3306 29691 27448
27581 15189 29188
23495 18156 547
26501 25338 5947
16853 6411 24402
7541 13684 19390
1848 23392 25177
26191 6588 15922
2633 22470 9936
5820 24916 703
12770 27441 14048
14076 19048 13514
17469 20448 18231
2220 18657 13388
27627 21459 593
21153 23009 15763
13115 5449 5903
25796 6968 822
17640 27149 14786
24325 9118 5612
3808 5229 9830
22468 3538 27610
29421 261 7091
541 2128 673
4482 3171 19737
7361 7110 15839
7513 15066 8390
19557 18478 13564
11711 16279 9590
10083 13784 26442
27935 695 2408
18960 24335 23361
6488 10339 24924
9002 25431 10318
27963 5650 14651
16719 19815 3595
6392 15606 13129
18561 23963 15575
29264 15408 13843
22386 26462 2389
15499 27676 7699
6724 18338 18259
12990 19464 72
18211 19466 29695
12837 4096 26175
17437 25865 22854
1662 6067 3236
26040 20635 29213
10392 29206 5200
14981 2521 10660
9872 29428 22276
17852 13871 278
17137 21726 1564
14426 454 16265
9411 17251 6085
865 27648 25058
28633 28356 6469
13528 23136 26986
3422 9371 807
12960 19713 21197
9598 5345 29641
14345 1475 10130
5584 27776 13971
7533 21214 22089
592 7005 17962
929 9459 2936
7078 24417 2858
17762 19924 21539
22338 23633 27015
17331 10647 10758
14881 3183 5329
12380 25064 4367
1942 17721 1040
16981 204 6047
3974 24527 9708
2126 25461 24371
22039 3639 3955
15767 8444 10278
2700 18416 5194
22003 25668 5989
7341 29862 23768
10804 169 20900
2241 13602 25128
22092 3725 12644
22774 9593 7461
14688 5582 8499
11518 26286 29649
27661 11993 6548
19364 12358 10090
1163 17603 10322
28436 12157 7311
739 19635 24169
20226 12315 14636
9073 19063 20809
7763 9848 15614
19095 5104 10039
7624 9578 1159
13922 13544 10231
2601 6733 6683
9431 1870 29282
14539 29435 8103
12683 1326 6732
47 18026 20570
20371 15043 2469
8289 15846 2539
6114 2542 111
17856 4350 8933
28031 24745 26440
7824 1348 23516
18760 18731 8661
26874 24770 25919
21420 3888 28070
29102 3788 5927
19654 15902 477
19573 21501 22037
19188 27001 28229
29321 27616 15797
29616 18905 17618
8948 8767 10459
20654 7272 25545
12604 3802 12260
28232 27774 3644
28052 6770 14601
18097 18239 25317
1743 27731 21404
22185 25807 24195
6043 9495 15746
5409 14478 6714
27397 29156 7881
29887 23248 1286
9927 19792 4781
29322 21232 27856
5386 9765 22663
22993 6993 28886
2706 24707 22622
22434 25924 5815
18973 12866 20464
18297 11994 17776
21627 19001 4054
21792 8155 6968
9518 8970 27523
1592 13545 6319
27246 6128 16871
14605 27676 4102
5238 18120 12274
3038 56 15407
22182 4989 26950
6474 19790 13869
7120 10595 21262
18193 6687 20495
14281 11688 16005
28792 3058 16115
19637 17387 7434
12836 23072 23878
24292 21798 3634
2214 10005 27262
25873 11355 18233
27738 8526 1862
9217 1138 19396
9582 5778 15049
5035 5946 6525
28937 10175 18736
27693 23181 22616
11919 1143 24875
1708 1379 23861
29321 14546 24557
12532 1572 2958
14028 14210 19698
5296 18629 26677
29551 8188 18523
12632 22901 10601
17596 27312 27390
25625 26342 15338
419 4913 17832
27220 4990 17872
7411 177 28703
3407 9950 19268
11516 14479 21377
3080 4815 15035
2309 8742 5814
4137 29520 2592
1146 9454 14878
13229 25153 2613
9954 7425 27138
12864 8916 17241
23694 9502 18626
23770 16921 27516
22250 17747 2016
17003 7938 13426
28432 5131 21067
15615 13676 16022
22527 3724 22453
15051 12689 1875
5891 24734 19243
26394 20082 29476
16000 2263 18318
18484 5237 21101
18426 28446 29874
2648 9197 2320
29336 18610 29503
28985 20170 879
12610 16161 19770
11560 3495 10537
26648 14800 3834
3894 20001 1159
6304 576 7969
8665 28584 1608
8425 14985 7964
6350 13945 26024
6127 19076 12292
4740 28641 22116
6247 28136 29252
24027 10787 19564
18743 12755 1661
11995 23467 13012
1106 27237 16681
14214 19537 3136
1032 10396 6631
104 4723 5021
19735 21567 15410
26839 9439 29297
6720 26881 20205
24970 5965 9548
5783 14115 21176
12090 11252 5991
24022 16883 22679
5552 15911 26917
10808 29976 3981
9308 28742 5540
27660 16567 14980
27818 17359 8041
23554 21394 16407
17711 24535 670
3295 5448 4385
25164 23060 8866
3107 2268 2987
14458 10446 6572
12510 4201 21482
2260 9674 896
861 29335 1197
236 4186 28548
7150 20732 21858
7069 17092 1945
1076 13588 19472
7324 13515 12315
21058 6113 15529
18576 19767 6305
2214 28456 24607
19116 6005 11838
25752 2386 19395
15590 12910 3739
10820 4220 25748
6174 7588 5159
11094 11396 288
24801 15035 7579
8489 14695 18054
6932 18285 15461
26478 20650 27146
2556 12619 12834
17382 16138 17008
21843 26672 5894
26583 14839 29151
155 26657 13015
5383 8191 18007
3795 21744 8304
7364 29875 28083
6372 9742 23302
19578 11826 1003
21725 10378 22999
27949 21371 15694
6402 5655 27125
26694 28590 1082
22069 26720 17219
4951 29023 12827
28374 1337 11419
2846 13652 2470
17470 6317 9986
21429 10520 27671
25289 13660 15988
5588 13204 16990
466 10150 7107
12417 23591 18031
9417 19108 26971
5466 20224 17771
4854 12749 10984
13098 9550 13035
11118 11521 17801
4498 15887 17709
23928 11955 19139
3149 21491 15729
21344 19783 29117
21223 9028 23893
1375 23487 24415
5294 5993 3610
8821 6155 24947
10798 8308 15552
27724 15525 28558
2366 11737 1551
16587 26402 7684
23228 19767 29458
14686 24961 1399
25056 17891 3232
27555 612 29283
5012 9531 12821
10717 12319 15910
15970 17063 20737
19710 21762 20108
25673 23453 5624
8553 14737 27678
7111 25535 12438
23423 2536 15
15626 16269 27170
1129 28244 18322
12342 9084 8342
22075 2070 29208
29232 17307 17189
3274 6229 5462
29540 3706 24184
29888 2584 1884
12279 11062 6894
28338 7233 23898
15820 947 7982
20137 8401 29902
4655 12902 20289
19854 20800 26736
14813 17042 238
13618 9475 6056
1073 23786 1579
7157 27182 20770
8897 29391 27248
1397 5179 10915
24743 17231 28134
25239 28102 22713
20332 19345 9227
13064 18374 11856
27712 16029 23192
24005 14045 18924
9885 19314 26789
10571 16842 29348
3662 4348 5726
16593 11574 9838
14408 10278 6838
29574 2386 11068
15478 7787 28601
7408 9061 28552
16588 21104 24829
1640 18392 18560
15393 10576 24413
14925 27557 27658
23551 18483 13806
15787 24231 3426
1608 12193 6432
21355 27074 2113
5201 177 7902
16982 8696 15795
11714 28023 6099
6637 27211 23518
1125 14127 16749
2910 10906 19050
19712 23716 20579
9199 9188 16859
7925 16696 93
24278 7229 5085
19387 7728 27984
12135 10630 2010
13985 12797 22651
29391 22476 18456
24379 19349 24961
5598 12431 4901
15574 23552 21643
10879 16253 21230
29704 4830 28194
28073 17308 7911
10759 2400 1622
21907 12896 9501
19121 15302 26598
7086 5281 13684
6127 21083 3883
23178 5841 24809
2258 23691 433
5875 488 403
14050 21704 13877
14953 25753 3902
28939 8566 23061
23938 16073 25688
4907 6070 22493
22555 5082 12434
10156 11563 23707
27490 4855 6753
27265 3021 7311
26427 13563 29785
18406 22070 18729
248 20256 3006
13044 10189 13626
5093 25959 11359
29293 10189 29730
5276 5372 14576
6543 9253 13555
27310 14297 14036
7147 2225 756
9324 18053 27913
27908 26261 17185
2386 1559 11059
20694 26790 21915
29846 23241 2942
9537 21690 17316
5401 14558 5215
10930 2800 3
9212 3310 2365
18159 27401 15281
9755 11041 23717
7020 23024 3224
3842 27102 12177
18377 23201 6155
2160 8602 3691
20 10316 530
18153 14178 24298
22411 17391 21565
3770 16663 29385
144 23985 24990
17000 11915 8181
20222 19505 26913
23998 3583 28706
23215 152 27147
16811 17439 6557
15334 25375 2042
1218 16397 14584
17484 4862 5610
24719 22622 16055
1505 19760 1076
13876 29946 22669
12242 6022 12978
5531 25945 4098
9983 1165 29325
15571 28937 6639
28625 3209 3275
28479 599 8616
26563 28187 23837
4682 24329 1274
4177 9447 13417
24191 8172 12823
17948 26467 19432
4096 29823 16473
12800 18781 514
3078 6170 706
19894 13737 17718
25152 3293 11417
24636 27016 5998
4981 4050 13565
19557 4065 27008
25731 13169 2225
22689 24257 1658
23384 28223 10522
16952 6230 3320
14305 1394 15843
20808 6297 24613
24744 16597 25453
26734 5958 21323
6569 12731 27783
14241 9946 6641
24599 18219 8302
12232 14066 15025
14469 12662 23755
12872 8460 21280
22585 14661 12247
18701 21521 13953
25049 25672 26549
425 3154 20896
9708 12436 10297
10452 6826 3835
5604 23193 5367
26672 15238 24325
4525 5058 24209
13682 18702 4637
28394 13916 5595
8382 10331 4225
29580 15160 17092
15269 23475 29086
4592 5113 28588
19177 9945 3366
23386 5199 5672
19804 19170 11505
12923 4744 17058
18804 12848 170
8041 18051 23080
2535 20607 18646
29005 28063 17680
3152 14828 14651
4101 14479 8034
25473 19822 27252
29206 28304 16874
12600 17810 14649
8925 13006 10030
16245 14772 19790
2106 13984 1044
26287 21982 19426
28973 4309 3841
23054 11484 19281
8012 27338 21126
24431 13980 28031
19046 29917 27831
20800 17215 8737
28415 9772 19202
15720 13818 26638
19042 11194 20227
15333 6572 359
22558 25989 2540
19269 27369 5283
23127 23341 17426
14488 9015 26293
5723 6940 10257
29639 20788 29070
26032 20229 18145
28493 9099 73
24552 26419 25010
8555 8314 15560
21652 18531 28099
4886 8982 1834
16600 10063 28588
6556 19192 11894
5505 6757 29183
5997 4509 17004
9029 22425 7517
10461 14747 28042
18545 3304 8980
7233 16670 6278
558 29307 20203
9851 12356 11894
19418 22416 12902
3272 26485 14089
16770 20380 8445
25666 2865 27488
29587 8850 203
14528 13901 25722
15011 2191 3725
14816 20159 6909
28240 24966 28383
19282 22549 20015
14629 7661 20539
21801 12154 23096
6762 21858 23239
23404 1998 18463
11229 25228 9662
13601 6991 29736
15727 24505 26412
22717 26599 9878
5992 25771 13267
1905 13953 17497
26738 29000 5214
5001 20441 1606
9391 14970 20503
22573 11472 28916
19635 10014 5548
27768 4278 12040
6417 11865 26598
22779 15717 3112
8599 9677 12654
18361 29584 27169
809 12808 8307
20639 8819 19494
13795 21123 22545
17700 21875 19870
8634 28934 19157
4251 12983 1960
13063 12500 15018
10950 24360 19727
13740 11377 6275
28504 383 1191
27908 9408 5820
26159 16037 3786
28905 12491 29836
7919 20299 28409
23585 7655 23591
10600 5181 19387
24309 15106 6487
19744 22376 9403
2133 7716 176
26097 18567 6853
14843 8140 27437
25281 29790 12073
11647 16306 16528
29332 19440 22933
26751 29233 29675
26127 15363 1179
19146 12339 16883
25274 3655 18119
16649 15945 21491
25905 12246 10260
22149 17543 28510
27438 21533 5909
23382 3549 5289
8750 2962 27175
27266 2025 10253
14540 4154 27332
26911 19735 11928
22842 18324 4379
27705 16397 7608
9803 14186 3539
9294 29918 8486
21174 11858 20704
5984 17525 15808
25347 25897 7301
16375 21657 9753
2647 28560 7325
28123 6985 13017
1372 5107 8014
11079 19943 23972
28150 4758 16553
4939 26694 4633
5343 13399 11457
24872 17451 26017
17916 25084 17328
15486 27467 23860
12994 16759 5395
3375 23252 19406
12801 17958 9023
22016 2566 15283
27953 10892 7134
1689 5901 14777
13003 7538 25852
10807 11975 18439
17719 26416 17210
8521 28251 18392
23481 8172 18648
24679 24101 2962
16165 15931 13648
10361 20468 13105
13358 7450 2888
29914 15975 11778
17327 22574 14181
20186 7181 22768
10740 19150 10692
9087 24418 29440
11227 16095 928
19202 1849 22121
3647 28137 8775
16040 26727 22401
23422 19427 28349
18115 24724 22113
19189 12110 29692
8017 29659 1615
17412 20793 18583
3355 14802 13022
3 22208 25802
3408 12661 18477
8652 18631 27570
23522 1430 24126
15531 17501 15576
21071 26940 9560
28896 5916 24170
9267 3508 26367
9930 15441 18947
12319 22454 12853
13928 27947 63
23169 20248 24348
19087 8382 22808
22878 16548 22879
22462 5675 16687
12704 26672 3231
22515 9833 28798
1923 16315 7457
10459 15377 24019
18470 246 16750
8648 27666 21626
2634 25808 19901
18970 3804 17489
27658 16874 18823
21186 6814 7861
20673 14567 14191
29500 10601 3170
5667 8486 9660
7466 1919 17960
8618 5979 3429
6230 17159 14083
6256 27018 9781
20998 6941 1248
28746 6825 21236
21946 2582 7257
23088 26085 1564
24683 14104 23424
26651 10817 23847
13132 13213 24987
25634 29741 28656
19785 7564 6471
22912 25773 11013
11196 12246 25204
12307 5807 7
23484 11463 11616
5008 29508 17314
11918 29506 17773
3049 11049 10607
24493 10908 20301
1414 17054 8809
1895 14407 3574
757 28471 22963
11394 17768 7302
20333 5029 214
26766 1455 3078
11643 28667 27763
27100 21702 13116
26365 8108 28464
10116 4002 28462
7583 17106 24194
27461 27214 1594
25611 13322 3684
15079 8178 21148
22010 3465 15680
9798 19635 18195
21597 2339 26513
22424 8395 23532
4998 25325 15662
21444 16832 22782
17179 12592 2606
23917 19254 17193
13742 23206 27153
26038 4479 28615
9030 9083 6133
21914 25862 14621
27598 10997 9670
2374 8919 29328
28808 18755 20458
9049 19515 27648
6905 4011 16515
22143 18988 23699
26932 27478 16762
5590 2001 2246
29014 20843 13589
24772 4240 27960
28433 5614 9587
28460 26465 1929
28821 8814 2600
15001 5824 18180
20822 27274 1180
29924 21026 8995
29858 20322 732
10748 14850 17405
4713 16025 6295
7647 11184 21630
21083 13708 19295
14811 26327 21869
14818 8329 22772
2453 28361 19649
13386 1705 13967
6821 21963 22945
13472 23310 8706
7799 22755 492
6335 29748 18580
7983 16384 673
28581 10751 673
15906 24483 22541
9026 24826 27738
25206 19859 5175
26909 6329 13474
3639 15603 29936
29834 25179 17867
15333 25421 12433
8231 11102 6846
28124 14952 530
14291 25953 16939
22613 21242 9011
8972 7757 27220
12304 15152 7499
14881 16140 23566
20329 11400 2351
4877 8445 18279
13523 18788 17731
27381 29926 13353
2251 24291 26448
28591 19437 15893
15601 19587 25695
2304 28625 18317
7566 28453 29325
1946 20262 19768
28660 28257 24045
25258 9300 29357
10032 56 24399
7981 29553 20113
20833 10417 15196
2180 26825 10811
26071 4318 13793
24773 28156 7285
4973 17904 18782
20301 25303 15436
26450 21003 16600
13270 14447 7831
26104 5916 9032
694 3139 8728
17237 5137 5852
13817 3315 20451
19499 19622 4586
3669 18173 20620
24436 22446 27573
2396 16602 18909
7531 22292 10092
24527 22163 18117
28350 1767 15178
22841 5683 9115
12456 25156 28556
12701 13749 16715
4618 26675 12643
10715 19053 23693
5402 25882 24581
13333 20330 14228
20492 2488 29586
15733 1359 6597
14123 3442 11845
20556 11263 16479
25169 18825 2703
5713 8385 8434
5382 1411 14388
11199 5383 23135
11692 13452 24562
24610 9169 2626
37 7322 29729
20893 19748 2455
16166 21837 20352
7648 5648 13902
11166 29010 7344
16879 12582 1503
28393 22319 29608
26205 9502 6999
11513 138 11672
8449 5481 4806
27823 12482 9489
8148 25759 8722
18459 9215 16486
15793 1225 20128
20798 13323 9819
13550 22429 8073
14110 2049 16368
14800 15551 4451
12094 28370 3975
29146 14167 10180
8451 23920 28592
24743 13627 7746
14295 12588 18657
16839 14177 7506
15778 19380 4742
22752 29430 8610
23449 21226 24336
5301 27180 2621
23401 19086 2372
26623 27839 17686
25068 11555 2864
14716 14166 20519
1282 28234 10462
11222 8799 14150
7186 9268 16463
12719 26075 21368
17199 6281 16284
20028 20641 522
5654 16037 445
26635 4712 8117
11441 175 19492
16954 21837 29131
1896 1949 3895
549 28497 21655
27797 28271 20604
23728 25177 28207
137 18697 20150
20139 8382 11800
19606 18970 12003
26775 24763 16147
9684 13664 9669
8962 12404 5647
28606 11445 25671
4713 11646 14508
10208 1010 7442
11086 7781 23945
27916 16133 12215
14156 4078 1732
1314 4312 3466
6345 25399 7466
15416 228 28904
26226 13359 29006
4193 17738 18883
5539 13440 25758
13172 17613 9249
20371 23719 19848
12846 16093 19920
431 11416 18427
18023 24088 14429
29457 19117 21702
7988 5733 9334
26614 23384 6208
8199 1459 9366
29070 13023 14434
2734 28158 6872
16738 3925 7341
23745 879 5788
9960 7182 9703
24533 11432 28988
20730 29062 21745
11680 4616 17798
8248 9469 11301
18857 482 11121
26088 16520 17682
27184 7989 13970
28965 28736 8479
15170 18374 11621
1559 7049 12562
19421 1383 2110
23914 9893 6133
29747 2819 23226
21731 25561 23853
5922 11248 22929
24205 29044 25708
25058 10063 6580
28297 20291 2129
9892 28402 5576
16231 1753 16836
14279 11914 29844
24143 27562 8648
29683 1622 10582
21386 24830 27488
26080 2948 20293
22437 23599 11686
13668 23989 2422
513 2841 1564
16525 14982 8949
19734 14991 19975
25326 8205 7714
13399 13086 3426
18336 4662 14196
23384 455 28031
17132 29836 20209
20649 4869 512
3863 23635 9722
3101 25534 22683
9772 5335 10990
19551 4254 28363
10355 15386 9101
3592 12772 21131
20315 22850 26640
20107 28611 4122
5887 4415 25823
18276 2348 12868
7645 11521 26252
22977 10729 28485
25747 18316 3330
22160 18083 29645
8866 19324 18386
29318 8668 2887
15562 23339 18708
13119 21943 17527
15965 5542 24535
26577 10138 22412
15407 21659 7610
9772 13403 3104
2757 19942 24350
18736 17222 24248
14111 690 15967
29155 3083 1881
19713 25367 25702
5892 17061 9827
25350 7970 9183
9706 1000 22793
28256 28404 29500
4318 28601 28123
6386 24445 4588
8257 5747 9262
5760 2029 17847
21847 20673 8860
29774 6478 14738
18865 28821 1482
4188 16056 7116
25435 8890 10486
1891 28115 7061
3662 3363 13757
19500 22119 23792
27119 3224 14945
14938 17454 543
1760 7079 1352
2014 22660 9984
7128 19242 2295
9459 18700 8202
28666 3072 7285
13976 20569 1882
14148 16131 5613
21415 27025 18845
3501 7645 24205
11140 562 10343
19177 25330 15560
28084 28852 10141
13978 9124 7903
8686 24021 19045
12698 15624 5746
22451 6591 13546
10445 9543 24199
10651 692 29632
24065 17943 6868
9755 502 5807
25471 9665 20248
29214 15658 20380
10517 3463 16699
7775 2598 14218
27939 13812 1140
8357 19093 15036
3737 930 12846
24401 6418 12706
26745 5655 10837
7230 13371 16932
18327 4832 29973
12086 6342 25798
728 22349 20487
22767 9976 6689
20588 16150 26818
27787 7046 16617
13535 6600 19735
24187 23907 23966
10764 8544 24063
8523 17736 1963
5518 6096 408
4428 28487 21052
15320 29798 5505
5197 26263 19242
4444 27438 24484
23815 19859 28184
29063 10477 26781
395 7690 20226
8584 9258 20331
12912 21221 8463
25122 1194 21224
394 19716 22832
2194 6284 19802
22741 15349 2163
13485 20727 3769
13664 20149 6282
24929 20159 23864
14352 22016 480
15808 9476 6609
17960 24465 1405
3830 16530 529
9542 28435 4125
8392 2008 29940
29711 18184 25662
20841 22874 28935
9866 14352 23853
667 8092 13609
17190 17413 24792
17949 9959 737
28634 12591 14806
29830 15905 13880
12532 16353 4910
21742 3103 18098
16466 1222 26942
1159 5984 19237
29388 18008 20388
28623 872 28664
2580 13929 12255
2985 23841 8035
15067 3744 19824
1663 4210 1323
13895 16174 10663
6859 13896 21298
3787 11852 15928
9239 8926 14393
21255 3043 8932
4751 11198 5193
26823 27669 22506
19534 23128 14308
5999 5546 18639
3618 10125 7020
22367 26914 14948
2947 22079 15315
14451 8471 10416
19321 18327 25171
19354 16158 14751
20005 4582 22179
9460 4404 24264
21241 1997 8192
4458 17489 16370
18321 29829 29147
14424 3558 4224
6296 8231 2446
24232 17333 28641
9642 8399 22206
12699 15807 16245
5536 23244 12683
11036 23531 1457
6416 26443 14117
16850 11348 27764
5054 2929 3232
24565 17217 27842
25500 15988 23757
8794 28407 19191
16063 4371 6435
15937 28363 21157
15507 517 2861
16799 17894 27778
13007 16942 27769
16378 5004 24790
26848 9505 8322
29843 8616 3923
9940 14867 9043
18602 22034 20308
27548 10194 4046
21579 24498 12510
20305 4112 27908
23161 10743 28628
22018 29088 9855
7167 2090 11363
23458 19710 1443
22896 11645 2099
8590 15775 13403
358 8488 27773
14420 22116 25435
21752 22416 14041
26816 3421 16327
26105 2340 18386
7933 7251 9702
26256 13688 22150
9592 20743 25129
4105 26726 1233
29494 12147 19159
27592 1935 10016
7487 11275 3426
27433 22672 12352
27930 27794 29167
12481 15122 4374
3012 21584 23267
24108 18375 16644
20894 24715 20242
3846 18428 29856
4179 26763 25131
15642 26246 10589
10810 10604 9156
5179 22567 22722
2706 1185 9692
10054 6373 28739
5736 5444 13709
23167 21255 5437
3242 21672 16245
27643 17756 12897
26352 13220 447
22743 24951 20357
1676 29678 22501
29892 17681 27169
25817 2546 4904
6571 8806 16983
22006 22241 20908
16720 22978 7408
18941 22806 1076
22044 11363 19660
10098 22836 1498
4866 16144 19542
4083 25820 2440
13274 17869 23655
2134 18168 616
21616 18515 11782
6228 25963 9944
17212 13073 27505
7373 22690 10777
19889 14853 3172
6061 24565 28474
2608 28107 19700
6323 16585 8447
27424 26346 29250
6346 420 11365
29709 21405 17809
16690 19356 23155
1270 5213 11164
9513 20764 6703
14255 24315 17736
1069 11250 7375
27385 6296 24042
2275 23660 25191
28942 27630 969
15798 29782 27408
21452 20917 26733
20354 12382 20199
613 21744 23710
27307 21855 27348
3413 5647 20481
533 3529 26171
12522 16763 28446
11242 14184 26881
27281 2549 2951
19596 1010 14737
4094 24658 26824
29225 27841 10347
10472 6977 8629
20771 9846 28370
5520 29615 7118
27182 5519 21373
2560 2579 7985
8748 13566 16623
20039 22200 18239
6853 8161 13110
14839 5936 322
28103 17359 12904
4153 317 26277
19063 22558 20258
8270 11181 14920
8956 3551 22646
25316 14777 21867
14858 18403 8768
21489 17606 28954
7596 7947 16320
26965 15240 8194
16322 17617 6586
9110 8619 11996
12174 22933 19924
9853 24119 1855
6171 7973 443
1920 4357 27320
22534 19452 29794
6566 26932 12073
14723 14852 13327
11896 28899 14874
2692 8223 24528
18295 26695 15699
20882 16877 22868
5655 15954 8280
14021 23045 24787
17119 332 17362
29579 8445 16165
23617 19605 1868
14148 15869 4539
8042 7382 26419
24878 22169 16270
4577 14829 21860
6014 22045 16418
17784 5592 3606
28939 14513 4167
28059 11881 13253
15252 14794 3000
2156 1045 7353
10196 1588 4664
29931 14766 8367
29055 23712 24721
28363 22375 10231
10390 2212 27891
21619 5835 26324
6222 18504 20310
4303 20786 5201
12352 11756 17532
17663 18469 28303
6369 8209 9556
22633 578 558
11705 17273 15485
18647 895 24442
22416 10798 13699
26183 2266 27826
28338 22810 14180
9726 504 23505
382 3930 79
2121 26585 20387
26843 10303 27967
18599 15980 22469
557 13088 3264
2115 13885 3726
5914 8802 23364
415 15873 374
5374 3908 5347
29361 23198 12965
15194 911 20775
7452 133 20212
5563 8898 23211
23614 27567 8186
20653 13552 16332
5844 17552 4277
12013 26443 28561
24794 19296 3743
25016 13829 14400
14453 23487 23463
16885 1636 15213
1970 2712 1899
22958 24876 460
6390 2208 27324
16156 3749 1945
17748 27736 14948
9677 24901 26879
28698 1387 17732
412 22541 13097
15155 29606 20330
24938 16914 11060
10728 3697 7137
27883 13699 7967
17678 6171 9572
8989 28388 4758
29208 12291 18756
6291 21751 28345
8 20723 18270
28731 22436 19012
8764 16460 19007
23421 22884 9337
25997 15750 9556
26818 27137 11497
19267 26933 13184
28517 10205 12922
5930 28262 7620
12634 16195 21587
27837 20385 23026
19729 1237 5958
13796 24435 5719
22504 18213 7456
11277 16736 17066
11877 12097 22878
9280 22142 2245
26656 12712 5375
15391 7079 19314
14990 7968 21784
21289 8459 27384
17115 3969 20707
17127 5585 10836
25916 3995 20950
12078 29805 29128
19926 17824 20336
1454 9285 15209
10999 28193 22767
5971 15639 15044
11685 16522 23310
10098 5877 20706
25515 1033 10552
3433 13467 23543
16301 12970 28858
6414 121 20804
19801 8534 1964
1912 3165 3596
28155 27437 28310
20556 13127 15903
3722 14444 22639
10317 7842 16006
7206 18591 27543
8078 5562 8450
2002 17465 7046
23449 12412 25950
8623 141 23596
5113 28766 9858
5612 14748 26749
3099 28834 18226
4178 6845 11908
22156 7245 2365
22871 9073 7945
11836 7851 2118
6534 10619 5232
20724 2695 23619
21256 28605 6154
2506 4 25000
3971 989 29173
17408 12326 8807
961 26890 26250
29716 6430 16171
29933 7101 1150
29007 4032 22174
6643 12721 13760
1977 2567 14252
27049 26810 1473
10236 2653 8469
29720 3460 7985
12809 20354 28933
15026 15421 22463
19565 8877 18053
577 2698 21288
1479 25565 17363
2991 25337 19653
11139 10712 6776
5845 10158 9843
26044 8164 25813
18629 20005 27525
15715 19221 428
25708 27037 4577
14310 22746 20053
7524 5650 25595
2511 22536 1128
23208 11253 24597
7026 11931 24417
7905 23703 13295
1094 28668 10553
15181 1698 29725
7879 17682 21655
3407 25130 18022
15627 5136 29818
14936 1807 17706
3417 27476 2366
990 9704 14400
4908 21943 9046
24324 22260 7149
12086 5504 945
8098 20530 26050
6029 8508 12362
24975 15476 9186
26153 9936 4460
12811 22455 8909
2721 4708 13290
2493 25618 8250
14955 6448 8305
25569 8438 17262
25051 3060 19142
14001 14942 11258
20303 8278 11720
11851 17698 8621
10503 23295 2596
24364 19151 4832
27141 21137 10323
28993 27185 21036
14297 15735 14592
24733 9977 3454
8831 22576 12939
17621 15376 3902
20238 10515 28777
16846 12328 17540
23255 3886 26048
76 2010 20089
7978 28349 19499
27286 4296 20398
18909 1297 9179
24048 16173 17074
17022 1193 25993
20214 22964 19235
24273 21951 18024
621 4223 21592
29057 24993 13457
20440 22573 24690
14097 22813 6039
13359 13880 24018
21685 27166 28563
16014 23352 4677
28764 7122 9725
17019 6368 21364
25525 6653 11265
27037 3519 6509
18542 17055 1044
16573 3100 10140
14528 8594 11433
24944 18791 7471
22494 16363 21052
24021 22555 5001
267 13986 2695
10091 16922 14096
15664 10317 11135
6850 5973 27910
28784 1646 28070
8583 24076 8173
25629 27411 19782
6422 3036 20564
5533 29694 17502
1232 6159 12961
18198 24121 22862
29928 13401 17492
20728 23947 23051
3232 5070 2767
27603 22277 6975
14016 15881 15904
2492 23678 9371
13374 12234 29448
22608 10098 2001
6328 861 9266
20202 22457 19487
9953 2975 25454
9266 4871 8273
11451 14119 26306
17258 9966 29144
28525 3465 2725
1425 27262 29159
28357 14652 20722
27413 190 28419
7115 12187 10486
6295 20488 12415
29113 12816 7524
6379 21330 5841
6135 6616 10850
21053 27302 26873
8937 10362 4919
26865 6342 11155
1087 19563 598
1287 11203 29303
8148 13607 1903
14091 22544 27621
10925 26604 23612
27736 7745 24286
16494 12196 7466
14469 17908 26028
1372 3779 951
16381 2299 18790
29631 9320 3983
8295 28122 12345
26597 29885 238
2981 19877 25442
2121 28010 23504
22872 6084 1148
27911 20457 19404
15153 22770 24392
3785 3130 11360
2753 23214 12809
15971 11802 12660
6576 14623 1083
7302 18889 3010
14050 2031 28798
21133 12377 1535
22624 16052 10855
20844 2080 15763
15659 13058 15309
9116 13310 25137
3135 27045 3270
2167 29601 1234
2441 13965 13332
23425 10110 28729
25370 6517 15422
19783 25194 24075
1646 21440 9858
898 22510 23614
8308 17887 28661
13324 22071 22879
26622 4599 22619
28081 18421 26506
15121 28475 29889
6655 4674 27986
18871 27657 27137
22786 20131 1285
24823 5819 1867
1840 23675 27516
23519 24038 10880
12570 22639 22668
19511 19717 23298
7377 13704 1927
15843 15586 7671
7165 232 581
4133 25028 23766
26814 9205 3451
3595 26090 20985
10049 15305 7644
3542 16809 3039
19095 25667 9102
16660 29986 7696
20678 15355 22669
2883 2435 13159
24519 26774 27868
27640 14885 1802
16008 11284 20464
28036 13954 12019
17996 20709 19353
5263 19441 14930
26521 15700 14774
25528 19547 10712
19602 4806 11086
5695 17079 20305
17020 9153 21925
5379 3544 445
18549 7355 24422
11901 14672 15544
11319 8827 21631
28788 26315 5813
27345 24871 7008
23048 7739 20736
24954 29186 12005
4049 16720 117
2674 27634 14833
26469 24230 21348
2381 11363 2536
20277 19366 1742
3269 8430 3492
23924 12123 555
29496 3378 17362
18247 26281 19349
12574 26774 15212
9785 3169 4478
23223 9617 10229
2734 5820 23283
9286 13880 27731
28236 25920 21103
19307 29420 3835
12579 7297 15795
25505 18112 5701
11708 12659 12847
11443 27164 2380
1697 16977 15475
14109 11077 27591
25608 549 26286
4580 28490 29502
3530 1203 29366
24907 14051 14133
28716 26317 657
24490 1167 5550
21338 13033 20315
18287 1482 27120
9046 24786 18605
13216 23727 19905
6998 18690 24423
16002 11467 6325
25964 18864 16013
8603 20740 29788
12386 26668 15627
17216 15621 10764
10690 11171 11687
27144 22853 29184
1592 5077 29196
26244 13087 8210
13994 20185 20527
22250 23278 27567
18594 10889 24495
2024 15494 936
28696 25948 19926
23702 18629 16705
9638 10572 8056
11747 11991 22387
9305 7637 20411
18231 22789 6474
25549 7216 16538
15812 4700 6289
23467 11344 18667
20118 17683 16150
14092 17745 24774
18145 12629 508
28103 820 8752
19202 3166 28477
12997 3550 17385
10641 9763 17693
22499 20015 27435
5140 29485 18197
17562 27733 1347
13119 11699 1042
14310 812 18328
29769 10375 26899
2803 4880 747
10438 20392 13116
24885 3748 113
14605 3376 1676
4378 4418 13084
27256 14803 15840
8327 9163 23747
25195 13780 11346
13090 1767 17866
19745 26591 18733
2615 10043 8768
20671 16908 21872
26074 7360 13024
2701 26064 8564
6064 9249 10644
2693 10379 20870
2918 21214 3602
3530 4669 15190
1703 1462 1986
17272 29486 4174
22758 9386 18776
16698 16691 23085
10695 25861 4858
22010 12372 28867
2637 23148 28044
21554 10840 11526
9100 16087 1796
11819 17007 7069
6616 1955 12046
5758 26953 27488
4484 23173 19540
19934 15623 11377
16142 14478 8540
16858 15144 16637
14571 20233 15176
5752 18299 3817
7963 17952 26340
23338 8017 17847
8877 20432 19153
23425 5985 22084
27706 24115 14550
21263 10229 17981
22748 16452 16807
13275 3558 2911
1573 26671 29780
17764 10574 29818
11887 5535 20939
5756 16862 23903
2039 21723 16961
5095 22031 21955
15843 12723 13648
22572 25434 4020
29323 11565 1053
9221 2623 20920
6493 947 23454
17202 682 28151
11284 20307 21213
8351 22531 12696
10174 3679 24005
18767 5804 12480
20652 27854 13877
2397 20181 21887
14305 19141 19863
16898 17346 22715
13425 13764 27871
19822 15472 12772
17698 1252 13640
10515 16975 16981
15853 29529 26227
9294 6425 28636
24773 6702 8468
13519 14103 16715
20426 22669 27969
11300 3257 11860
16205 26488 26862
27298 6365 13716
22086 18213 2016
13801 1965 807
1584 19277 5591
15801 18502 1335
19818 19077 26472
4555 14673 25182
8490 19548 17852
19573 25998 21582
16068 13101 2931
24098 3266 21172
5181 8300 13424
22835 10551 8502
23718 11300 29354
6727 22974 19724
29306 15699 6845
5059 9334 2085
2725 22063 1000
28329 16712 11212
6090 22417 5890
25000 13382 7426
3717 27444 9414
5471 20315 13047
10198 13610 28754
13834 12691 23983
9216 25274 3181
11136 2531 11426
3669 18460 7836
4826 7740 16140
28454 28928 19854
719 2793 5435
22901 3617 19186
19005 27448 10995
21781 10213 13062
26581 9830 21202
20308 10162 637
29944 20770 24128
20271 11206 922
13336 28820 20718
7196 20204 6004
21336 13442 19974
4001 25015 3421
26483 21706 28014
16449 22154 19203
17367 24411 20587
28977 28635 6378
18599 7645 20474
1173 144 14610
25539 13048 20214
16963 22815 27971
25775 9092 9370
26182 3588 16803
20074 153 2660
12313 6902 28310
2779 19656 8989
7068 19520 1324
29604 29539 29733
26588 28376 21105
12235 9076 21168
8636 13801 1411
8839 24091 28859
16411 23012 16460
6327 662 19837
5457 8447 6349
23059 24729 20680
755 18129 21286
23879 14092 15354
18850 20090 18205
14837 11599 13043
12060 25306 20663
7820 18279 6843
13000 9954 24648
4893 9495 449
8315 10331 23988
8279 29101 27386
23288 3946 22968
2984 20041 18518
17376 26951 14609
28651 9786 17842
23111 24851 11349
1076 17980 150
11731 8702 24546
28883 3295 11570
18433 14192 18238
22479 13918 21893
25933 26056 27546
18126 4301 23984
24324 20292 26711
15582 25044 12094
388 18685 23514
18208 6470 3330
4281 10461 2253
987 9193 19261
5991 16323 24072
3176 9404 28278
16183 1341 15027
24922 6320 21313
13389 19187 22220
13004 8134 3302
2011 9553 3110
4675 14425 15984
17301 22722 21683
11700 4642 20537
8210 29683 28728
23382 15193 11280
25183 21149 11978
21891 15777 24228
2893 27585 20310
5979 8485 10916
29029 25908 20159
26560 26112 3006
27786 5015 21417
9587 20427 16856
27813 611 22429
15959 13670 264
9538 2392 20353
20963 2173 17172
24719 29662 23069
5537 18719 16581
7754 15666 21927
6487 15805 11558
1166 8851 6058
383 9094 29658
5571 26608 19739
15820 18244 18876
12050 20972 24891
21373 21198 22442
19417 28545 6258
25473 13222 29732
10946 27551 1807
18351 15428 23024
1142 25593 19789
25301 28108 15801
14845 10021 8360
10114 24099 1775
17042 18040 24320
15350 13723 17801
21710 22176 10606
2356 6605 2038
23379 29604 23951
5286 3219 8562
4326 19345 19831
22019 12270 18077
5142 5694 2249
12064 23755 21839
18282 13019 17968
6937 19901 24635
6942 1401 2392
26788 8530 21589
21175 14612 27792
13384 1537 5488
4001 11388 14466
10902 25991 5132
15875 19427 10500
20465 6105 21117
26848 15829 10157
3345 5076 20186
12666 6954 28114
9675 13857 8796
25684 16388 20592
20623 20431 18720
23376 6280 16420
8756 16360 28088
466 11862 20572
22668 5848 14437
27187 5716 17224
7540 27887 10191
2144 13220 22888
6537 21872 13189
16712 1854 5720
24531 14761 24633
4223 7898 1117
16930 28205 25258
20449 45 11443
27886 22197 27665
3970 5439 29943
29308 13454 4531
22209 731 26146
14116 4644 149
8689 13218 6132
12254 1387 3451
14524 7620 14786
1740 10101 14434
28179 20518 961
1565 3915 27250
9886 13866 321
6073 8824 23977
12727 15654 19608
27176 10205 5675
3533 13002 24104
29412 22500 26968
2275 20762 19472
23906 20053 555
27413 731 25723
721 24188 28788
18968 16214 25303
13655 18430 6824
18152 16224 6771
15129 604 28804
18936 6261 3184
2631 19668 17096
21977 15708 26626
26542 7604 29660
169 12923 11307
29093 14060 12014
22907 3203 23641
4568 8673 10299
22009 2302 25124
11679 20186 6121
26519 23667 23178
13477 27591 16480
2768 16369 21470
25424 2952 17726
16339 24717 20204
15685 25998 26081
21905 25581 1360
18382 29489 24859
17869 15680 15631
28493 27263 15552
14683 2237 21879
10400 26455 17128
14022 28611 19562
8521 28085 687
12986 21271 14515
24629 20058 27868
18366 2717 4540
12804 5391 7244
19397 21804 11822
3013 12287 11488
29460 15780 25835
26641 15586 999
623 18490 10538
27010 12249 6870
1940 19045 24214
12745 25320 29150
997 22726 21736
16145 24079 3144
21322 24846 20035
13259 563 27810
21986 3974 5043
16136 21879 3701
14958 13153 25270
18531 19923 15337
25689 9385 28092
19316 16537 13628
5425 15555 18120
14729 7568 13898
7154 27873 11015
358 12427 25236
28460 12974 16484
23052 4839 16184
17335 4538 13654
27071 25449 29688
26810 2706 18507
16942 14194 7575
7195 11685 11410
15076 8104 2082
9148 14645 13206
22028 22598 6472
1359 12422 11804
9639 2838 25807
13036 4814 20767
17242 16055 13895
26078 14559 24935
7082 23095 12270
25510 19797 8820
20720 656 11461
10667 28982 29026
4534 22346 27175
29940 4256 24824
19854 6036 11535
20399 13387 13861
9622 22546 2558
2945 9387 7888
2051 19656 289
11475 8415 8975
5631 23872 7931
18747 7236 4222
25201 627 15422
1431 10064 25394
5601 3270 5752
19563 24913 26168
23651 14945 3945
18972 26470 12175
16879 19475 2795
25784 24910 26680
2574 24961 24921
11 14967 29283
9417 3265 13092
19935 711 21338
22030 2440 28421
15979 20534 25005
17725 243 27124
14505 16576 25505
29677 2855 29653
20912 28937 9745
27063 24476 29356
12902 12681 15864
2974 29299 5775
4141 15032 6285
25294 6319 7656
19064 27649 16223
16905 19615 4601
5483 29087 6373
13477 25000 27432
11510 16426 6323
4629 2324 8169
13219 6504 28294
13878 14250 4317
23353 7469 8467
814 27670 20335
179 11635 6020
21744 15789 27158
21943 25082 13562
25524 12204 25200
1056 21521 5821
6201 25391 10642
23200 9778 17551
7934 20420 9283
23121 22580 25896
23205 19571 7442
25040 2027 19942
29256 10013 5773
22816 12960 2563
18571 19129 10863
27351 10680 10516
7010 6196 7306
16032 10793 23580
2745 21941 16780
22270 20115 28295
4776 13271 21520
3904 9668 7612
19953 17186 1777
27161 6060 17025
1568 4317 15438
4981 7500 10102
5476 16501 11207
278 12235 23916
5502 7472 5421
16631 2624 28589
4237 4442 25665
943 5675 16407
18732 6246 27698
26836 17128 16229
19258 17538 16760
11270 24184 28585
21882 18828 28241
9002 17830 21518
581 12097 26280
16667 7060 4927
23174 6498 28899
11175 17494 18541
6384 27575 225
23912 20985 21945
10520 785 21961
8418 18388 26760
16723 14079 16556
3471 24263 15398
16235 24791 21860
4993 27795 29849
1216 1596 25951
27255 21483 1839
5045 21264 13995
16009 23042 8953
18806 8354 10671
27622 11422 24166
28960 17278 13307
768 1548 27920
21049 9498 224
27113 25931 24387
15491 12107 6085
11991 17304 6841
11540 29901 7839
4183 6873 6329
17323 29732 25982
16748 3840 13554
19448 7425 25663
23071 14828 4782
18803 8067 21054
11826 12673 6804
3476 27934 22886
15838 14166 6488
5678 9667 5388
28151 26420 24322
1819 2425 11395
20070 10184 1671
6245 3658 29634
17252 22259 29842
12109 26964 13843
7952 16004 27419
15367 22240 15362
26168 13517 17377
29058 10396 24573
26901 6321 27704
18848 24369 9577
3037 18898 26426
9761 12034 2322
8482 20810 12023
15963 23347 12214
19685 5759 3658
7013 20487 10871
23042 2833 24890
391 4582 15587
13400 16511 16827
405 25920 18629
24296 8869 27020
25159 22578 10252
27941 17013 12650
8039 11103 25577
28692 8746 1611
19204 17727 19620
5071 18146 22260
25729 11703 17674
11132 1319 6547
3827 5125 29793
22295 10600 3574
7546 5223 19439
13664 29210 13687
26758 18183 18558
14163 25863 4572
2563 16559 23545
4982 12600 1046
15767 12063 19877
2785 7562 28480
24090 4342 13797
15753 5938 8643
22987 28529 11332
7831 11687 15600
29357 2633 1121
12885 15506 27524
21921 15753 27604
6582 28720 25256
5513 11162 188
6796 18950 2122
13244 20401 15241
23493 4636 19023
20680 27600 8546
6662 13393 29374
9543 3356 12156
18615 25957 12082
17527 24413 14168
29890 25264 11959
16831 17440 6
4912 8170 4396
17304 25651 1860
24918 20346 1804
17215 16128 9336
7631 1787 18
5319 4467 2580
22950 2886 23547
10903 25114 20387
16200 107 16688
12279 12287 29128
10683 27052 10199
26564 1352 7643
23325 3087 12839
24677 21588 8992
22689 21251 17571
1649 7746 1635
27428 22427 5542
11562 25817 19261
23634 32 28818
140 3870 6121
4099 24337 736
15441 16505 5459
21871 15285 13893
23058 29416 2617
14004 25152 28304
430 14961 26953
18030 17465 29235
10664 24026 17941
9762 22042 18688
29996 11323 23849
10676 29417 458
11081 9202 27017
9658 5520 16511
191 24320 27279
2207 25903 3180
1621 27710 27324
7544 26930 21954
25977 3215 22019
4567 27761 4044
14874 4803 4887
2051 26581 21169
11338 240 3132
20359 4788 22392
24600 27347 18799
7904 13009 5616
139 2690 20189
13832 2772 18172
12157 14863 23454
20072 29527 675
24989 8168 17550
13837 16177 8103
14046 29574 13274
20634 8272 4741
27384 6592 24287
3060 24150 2568
29645 22524 2650
3671 9038 26506
10880 26117 6292
3164 28423 8800
797 7694 15719
23046 27135 20342
27486 6625 19869
165 27280 4573
11939 10396 21892
9594 7639 4388
21562 1352 8103
8292 14131 24815
28215 22632 15206
19111 9042 3443
5340 22006 1710
12874 4386 28674
21250 4182 21943
24293 19834 5129
28725 25171 18015
11385 7096 12031
20450 2284 12168
8925 13104 8781
28262 14586 11092
2158 17915 27621
27972 25870 7802
29826 23172 17897
7766 13136 4895
5923 8343 24600
570 6437 28848
6913 27846 3119
11607 9966 23344
3102 29142 17358
29802 29260 19672
12108 11069 14865
935 28886 8019
28603 5537 7735
17788 21407 25434
18874 17065 16866
3226 19972 9125
28016 7950 27670
15656 854 21771
16908 17152 202
8969 1171 23351
10628 1711 10725
26251 19992 6543
20650 7860 10133
8225 27168 13503
22829 4127 14425
28371 22363 15312
9802 14468 28482
20977 9926 9032
3481 28639 2078
10539 26877 10457
11110 1948 29637
17389 18432 11632
22529 6385 17209
24992 7558 21666
24066 19061 19089
5193 28690 3931
19347 22069 4632
25379 20576 5905
15832 9922 13850
16617 22888 1277
6035 12849 20557
1096 2841 14771
27291 4459 15878
27098 12652 230
3301 15798 7748
19374 29942 12445
11302 12565 22383
26051 28150 16246
12751 29099 5921
15152 8207 26768
3096 7330 23924
12663 10234 22590
28723 23218 11427
29639 1589 318
20994 7354 24493
4199 16134 19111
9104 1707 16767
18126 28219 24246
20193 2012 21607
9710 21431 16403
11402 15000 13882
25333 11164 16226
11676 14431 17657
369 27207 10509
24252 26581 1391
11878 18954 29753
28610 12568 1941
23588 27719 1601
26723 4101 18172
10004 28018 5323
2330 12286 8937
29892 10587 23505
10656 1974 23246
8533 11106 17857
5220 20622 9365
3480 9422 25539
11240 3966 8240
2786 20255 11451
20782 22146 7592
4235 25876 19259
28314 4956 4727
14288 6707 11806
13537 24965 11898
6963 11363 25302
10789 17892 23399
13983 9863 6231
7104 27688 15056
11351 24163 14994
26103 802 18718
5955 10808 8415
7512 20443 3840
10035 7457 14673
28745 23678 11220
24602 2624 17262
24880 19629 931
17986 17717 23586
28183 26591 12684
14732 12662 19973
6191 3544 18024
19927 24698 18828
14657 26738 16782
18359 19758 8963
3535 17206 4396
28015 11333 26334
5999 12792 20131
4719 8923 14094
27169 14937 8512
9040 10383 1775
15144 11663 24999
15119 11203 17031
28942 23210 24017
5333 14653 15297
12775 2765 13331
14577 3132 29918
6180 374 1544
14007 15688 19116
25518 10970 14573
25705 6386 8315
7044 10833 10273
1600 16500 11099
19395 24888 12651
21555 5623 22135
11608 27925 24405
3825 21884 4899
4637 24235 22765
10691 14926 5693
28260 13931 15297
5491 22639 10990
14103 17793 12830
10396 27240 18400
4279 28435 9774
14049 24456 24635
28292 12476 16255
3520 9507 2869
25406 12574 1899
26534 672 29825
12451 8995 22342
10579 12781 20121
21495 13811 21569
60 15756 21249
2119 29135 3064
1732 19107 21484
9548 3521 21023
21889 15908 7750
24974 13547 5718
29295 25984 20732
15382 10572 3984
2733 7526 3916
21164 12298 19122
12227 28867 17025
4241 246 5324
11656 16742 3698
14808 19188 7541
29541 1408 4705
7469 11197 1441
4162 5659 14275
7211 1594 9899
14358 130 3885
15235 1219 26201
7630 16870 19382
27009 20107 25508
20785 25428 20577
11009 29887 25202
6192 13469 18620
3454 7800 23193
6363 217 7664
18813 23134 15962
28117 6990 9663
19475 15025 17972
25043 20769 28533
14040 29647 12985
1141 866 1012
22422 3192 3508
3980 2544 103
17909 1718 14738
11336 12058 20649
2534 15352 5521
10915 18990 17313
24917 21834 5148
1812 27068 18851
12394 9721 8254
25669 23349 20912
22313 15741 10301
20881 6866 3614
23535 5413 939
6513 22837 16134
13125 11497 24181
8073 10209 5523
9428 12030 18509
19911 19594 10684
3198 29380 26261
4251 17426 13097
16908 22352 14712
18761 14281 19909
13600 25513 12226
19671 22370 17916
13156 15626 8631
22730 26419 16875
953 10144 20731
22497 26856 12350
3359 16948 5004
7627 19476 12951
106 19396 12534
19038 22492 17443
4487 19279 15566
14837 17577 24227
7519 8418 24655
18872 29723 763
21719 13009 8231
29765 15977 10683
18666 16458 22487
1269 21941 14714
13863 24108 5401
15766 2435 3951
7092 3082 23682
29015 24300 17697
8891 17001 20109
17099 971 14522
2299 27546 8636
23690 4735 29812
25686 5558 20828
29742 15364 26525
11577 6522 5778
28848 10946 15881
26226 16293 7619
15711 15820 5671
16866 26400 13404
27387 6797 18525
21034 8060 10808
14121 847 14891
760 23954 16956
9156 28423 18304
5262 2434 5581
20492 5281 20604
8142 21667 22961
21509 3451 11789
11007 13782 8989
7974 4531 23842
3923 17680 9920
764 21991 16555
17934 4220 7043
25652 10548 29739
12480 10772 29494
1731 20443 6179
10473 7870 17834
13681 17717 20072
18469 26538 27227
19273 29571 18338
28473 6155 15620
14421 28456 2800
10767 6937 20397
25138 28701 27172
11416 11911 17356
15221 14239 25736
11869 18336 21553
27468 18854 16423
11480 10681 20211
1781 12044 12721
12348 26183 21261
19960 11036 21169
29882 914 4402
24634 4892 9806
26469 28747 2628
24357 19647 17376
1495 21977 3852
24390 14799 12839
2128 20470 3271
26182 20228 21538
22065 6842 10904
19674 15805 16937
17754 23268 12924
8132 22350 27583
5442 2826 9650
13562 24447 24235
27294 8494 28327
29208 23511 5882
25816 18947 13906
5908 21095 12419
9556 27770 15944
6138 4176 28242
18976 19204 21747
12253 3304 3376
5705 14477 18064
402 14291 25706
19 28295 27588
1204 27042 26122
4909 2222 25849
11931 22078 19975
22344 5582 26213
8053 16145 9254
6243 13150 7934
18710 10761 18866
29085 7799 2919
5841 16582 10039
28808 15365 2126
9105 2382 22947
21924 11313 12514
12055 18858 27971
10892 19945 19017
27656 24792 27973
362 20215 10895
781 17213 9894
16547 3795 12664
23220 7150 17259
13916 13623 13055
24196 26482 5130
15362 25901 10344
27298 18905 17170
18724 18401 17282
14322 2538 20347
11544 7936 17895
11542 29054 21046
14564 10962 11149
2160 9299 3084
2968 18098 1781
23628 14391 9307
818 29021 14376
12861 25666 4971
5845 16009 8791
23242 21432 24541
25514 19611 19270
26139 25788 451
6940 18526 9301
11738 20113 11786
13728 8435 13518
870 27927 26667
6981 6446 17654
24699 21316 21033
7854 16387 10484
20789 3838 25170
26656 3693 11999
3823 21129 25314
6991 8845 20298
23015 4650 1700
5437 18866 8762
713 23770 29868
20342 24065 25569
27695 26911 19360
9209 20039 22556
7987 19118 24846
22093 20916 24580
800 11093 4979
22269 5543 6964
21628 20150 9484
15478 22565 21016
28573 26010 8600
23079 12352 16885
28043 12171 22479
19187 10890 20339
4480 7641 15263
8641 14206 27564
10779 22581 5988
4934 24983 18341
29095 7629 5942
28255 5665 27505
2527 10791 3705
5661 12796 19376
18957 9370 2874
29384 29374 4447
2687 9400 21677
9759 8479 15778
25364 14494 20577
17543 27489 6318
12195 1175 6124
17827 23668 13832
19008 12121 4203
9600 14873 17176
3767 21011 29889
24779 15043 12637
11346 21418 22426
27858 1382 2077
319 25069 15014
7279 23016 19225
28054 21657 25555
5420 154 1378
9504 20459 25847
18566 1942 21747
680 15210 8503
472 20659 21091
22216 14141 27470
20617 19555 22548
29174 13182 22502
22080 27423 13430
27944 4636 13084
16869 14953 19530
23320 14471 4005
11766 5438 7716
1434 11159 15262
1607 13459 17299
10778 187 15929
643 20667 3255
18064 23252 1252
3399 10003 14193
4984 22383 23668
23202 8397 20687
27847 27004 13490
13948 5737 313
23710 19472 18583
24647 7193 16375
20219 5572 5852
15753 24406 2165
7961 16291 28140
7786 5510 20581
13429 10483 4909
7542 589 27324
21308 7619 10106
8854 4583 8167
10460 21721 23878
2775 22966 7960
13745 2285 8941
3293 26187 18474
9926 16875 7157
15731 9713 17456
29145 7886 1524
22225 20985 15012
18181 9783 20254
11031 1600 232
4676 176 28709
5996 5818 10832
11570 18778 22921
9820 6486 7414
20670 28248 15855
14376 2131 10038
23024 3823 13820
18234 28864 1315
25276 5403 13085
13053 4880 23686
6306 24342 25314
7109 19279 16932
24219 18449 25445
22760 21849 25449
16556 4490 22200
16531 25930 12941
21856 19702 4372
27640 17959 26204
25463 7604 15261
22567 17438 16385
12462 17148 28426
3645 27015 16191
18045 26083 10451
8182 2679 16490
1142 23737 6105
4867 22083 23273
15463 20305 4821
10108 22798 19603
16311 27155 19336
7110 21655 12674
14401 2703 348
9116 5754 10172
9678 29171 13672
28963 12776 6023
28506 10384 9250
20170 18976 11155
1479 29279 3026
20295 685 8654
418 26199 19916
24207 26846 17240
2685 4250 26856
9087 26290 4045
18904 16682 3880
29881 11794 25364
15262 27167 18982
21810 16658 10080
9590 8806 29367
1866 13273 24822
26784 2557 7477
28221 8 14999
21694 22368 12507
26180 21512 23160
5236 1567 4696
20928 3611 12668
9710 22714 14394
23146 8271 19873
9344 25621 15985
29974 23634 3583
26782 7650 22825
2016 10018 18038
3310 918 16595
26206 16295 12116
24174 5087 11114
18247 17695 17871
3962 19508 12025
28668 4796 21437
24968 19543 16925
24286 6586 2912
20870 23577 19448
12969 26203 26449
26158 14558 4093
21159 6983 21868
15730 12288 20591
22756 15001 19598
124 12457 26805
19371 8053 18606
15923 17205 7416
26794 17190 11847
15588 4030 14105
10690 24683 4136
26581 26208 4614
20160 1222 12767
14702 13466 11098
18164 18411 12167
186 24618 12590
16078 24842 24987
26914 8425 4448
1900 28774 10193
24165 25995 5372
16722 5022 11716
28484 7494 5920
8306 19751 14041
13066 1348 16845
15624 11432 6335
4899 12268 9915
17367 6210 7224
2604 12072 27899
16082 21625 14600
20958 3713 7335
6657 16261 23740
3826 15404 29380
9519 10517 17026
27627 18731 16643
11462 2932 5660
21875 3043 15811
22195 19222 2972
11103 11204 6191
19875 16362 15743
21477 3578 10859
22403 17897 26776
13457 13686 24169
9151 110 22733
23353 17047 19834
24067 14446 4379
4755 19104 20780
11073 5922 17381
13931 3280 29367
21306 1749 9323
11395 12626 5762
26828 23723 15549
22001 21441 22760
17811 21992 6860
22524 20582 28710
27697 10949 12522
14140 26738 18823
24947 16511 20115
24469 11420 14881
3965 6861 967
9842 19948 3191
18196 26942 11481
14102 28773 575
21413 29534 10298
19645 561 20697
26764 6707 23172
28139 13546 29836
10287 7594 16675
20326 6840 28409
22224 29862 4145
15744 22584 10979
17292 9906 28035
6583 23881 20146
27237 22886 21855
24969 29840 8145
12159 15919 5627
21331 14768 25635
3853 22711 5262
1511 23250 28551
9001 15210 23065
1655 6266 6731
9724 23561 27758
16314 29608 12979
16022 15324 29462
23691 3967 17197
20490 16985 2125
112 27970 9382
420 5360 20208
21825 23437 8045
6436 18982 14808
22844 6362 6088
7539 7768 3195
29785 27831 28881
4781 22341 17113
12027 29951 1024
1214 4723 1813
16426 5302 3090
28910 4733 24968
9561 26496 2312
19935 3358 28185
9152 16432 18364
11551 7301 22653
3884 1070 16781
24956 8924 6486
10410 1318 14473
12950 17026 25058
905 22893 23662
19514 14111 13474
28865 10869 21998
14558 8339 17288
11283 24316 8890
10203 20280 13428
28010 18987 11249
22027 5732 21355
15679 22961 19543
25140 27429 22812
10035 5948 7838
26818 24261 1366
12617 8466 7344
27995 1219 23771
16565 21853 6449
21379 6874 14094
6384 11519 19000
4013 21 11817
16975 20189 7157
2479 3967 6651
18305 29975 29492
18924 3004 6231
25141 4903 8614
10765 20533 14561
28144 22066 14478
24516 10116 6086
954 16303 29356
18309 4865 22915
22229 1921 1792
13206 22558 25615
26871 21100 21435
10545 584 2610
18993 13864 23364
15203 3580 26478
11308 29263 15078
15811 28842 26831
21540 19958 26036
8061 6542 15726
4414 12200 27779
29893 10274 18355
2907 15480 23924
399 29730 8489
12470 20619 21735
15201 3087 28527
25382 17088 17070
11042 27568 27720
13077 26609 7104
1571 11830 29249
6051 26938 27804
4689 11118 2110
3995 809 10382
18203 26844 3499
3808 5726 25754
10895 24207 4223
11255 19612 10671
23946 24247 19146
10502 24871 29274
28806 11724 16965
8246 441 15148
26475 19946 141
2366 13812 22233
23836 4121 874
26108 26308 9365
28758 12447 29336
13976 9051 29391
12993 16448 4543
12339 23451 25190
25799 24824 14202
4534 2405 18673
22172 10517 28955
11219 10728 29055
28269 10557 2120
7533 10651 26899
19541 13486 17253
12522 15892 5060
10189 2051 19197
12304 15441 16361
4771 7640 4884
19089 21642 28474
5179 10380 11701
26722 23557 14392
16758 29777 13812
24441 27407 5955
21179 26721 8708
28185 18157 6413
12475 15294 4402
4473 25295 23970
24339 23411 18020
17188 11103 12376
23561 28567 160
4810 15006 12985
2363 20436 15887
2102 4522 18535
7571 26137 22445
26539 19054 13580
17181 21585 682
22866 21411 17624
13220 11972 13094
3334 28208 1077
13500 18357 25185
20991 14430 21405
27874 15554 25336
11482 28511 28773
13224 10938 4352
15985 26332 9768
15341 11836 194
4108 19668 8727
25085 10576 26262
3528 27875 7253
27843 9715 9783
10530 6895 21848
4879 5383 10265
8603 22156 28639
2227 17299 7541
230 10783 15835
22143 25134 26280
21247 10139 4365
10446 288 21765
108 15518 9304
28934 8671 4540
13380 26939 28786
23260 12037 14859
28525 7526 19647
14746 22795 2215
21094 609 21527
29589 4608 19788
7104 7652 4034
13920 9927 21256
25340 27175 16709
173 24097 15176
9262 15616 17856
28102 9055 16534
5934 18138 26150
17701 963 16645
4739 15966 8597
7303 14595 16130
13215 28276 7926
2183 26491 29970
24540 28589 22255
18262 20730 3301
23042 24924 13341
16741 10501 5464
27360 10133 4829
17463 22350 18321
16224 11888 23839
22907 16642 19823
25452 27513 27714
7018 18922 19777
12850 18396 21660
16947 2539 27943
12491 16327 26571
5232 17172 14581
27354 16094 5026
396 63 21184
11642 3089 18387
6865 14993 25349
18390 6287 17522
11283 6111 17289
24944 14293 6832
18004 6708 24632
6610 10154 29953
22124 28668 27068
19991 17111 23499
2287 628 29691
6160 15043 10841
4051 6646 15033
5193 2701 17126
6050 12986 9688
7033 3827 28185
7203 23949 28389
24759 11183 4652
4729 24286 24506
6630 23798 6202
13763 3505 16352
23575 11622 21098
15793 9570 6917
10933 11883 2023
24491 22513 13901
17851 20273 1819
11010 17676 18829
8853 23527 11304
3304 13287 19647
19965 12681 16776
1741 5829 6708
18510 469 12493
29611 5670 26750
2389 7637 11002
1487 18409 23320
19931 28686 18668
6108 13809 21509
15708 24699 4231
22460 12048 5624
10229 28229 1693
3000 11459 8243
14766 8080 13861
15336 12288 16169
19745 11218 28300
21700 28845 27230
16240 25747 10180
13072 27925 17279
21932 5927 2093
20954 23221 5088
27649 6745 21201
19607 2600 11854
25463 25957 14180
13006 4755 6382
10723 24062 11138
2450 2779 3751
15073 1775 18801
26240 6065 11638
28660 21279 5281
15597 36 13769
2027 11365 281
11707 4132 22005
20551 16524 24146
17439 15521 7330
24235 28520 23675
27111 27703 23729
27427 20262 23823
22902 11220 9587
2839 25619 9669
17027 798 12557
7186 16413 12049
25545 19640 4668
1851 11523 3225
28707 21584 3053
6276 22028 15412
17180 23993 17345
12121 3483 8108
16296 4437 13828
6996 5515 5799
26102 20061 6308
27102 29559 6048
27563 27157 25028
9943 23738 20499
10471 14788 10210
16591 23928 2904
11479 11218 15714
5407 17985 11704
28838 26244 25773
8583 1737 26420
22875 28258 7532
10732 9863 21155
15440 10728 15875
14488 4256 10612
18254 3284 22110
26318 9725 29738
5384 25683 686
15299 5840 25277
1443 11210 18068
14012 27044 22835
3675 6778 14598
1892 411 7375
28673 10617 9596
21204 9656 21008
13112 22144 17406
13796 18938 26604
4383 17593 24779
19696 3415 22578
1898 4740 6714
16547 19407 13296
13983 8652 9751
2695 9885 18412
21580 21349 7339
2324 13948 23161
7601 11767 6214
1186 15139 5489
18621 14476 2720
21977 25110 5225
22616 17507 5385
4719 23418 18342
994 194 20844
17512 15091 904
596 17362 21388
6792 6643 17586
15200 1590 26597
8256 19168 18704
6333 22214 4445
15110 3100 23809
19626 2206 9604
15944 5576 17379
17040 4602 29903
29063 25526 19318
20624 28534 16514
14267 7134 27216
4158 468 9856
10866 4554 2388
1064 22879 14097
9616 2730 24968
19592 28381 4196
2817 13334 12262
20380 26790 16450
22491 8172 4824
4576 16437 21663
4705 13159 18873
18437 14490 21063
28905 17710 17363
15152 2075 1142
697 597 1738
23217 11330 26668
19130 27786 10734
24319 7533 26482
26260 18674 24591
8703 29349 18832
23555 2207 29007
11706 28209 633
11869 10121 4092
21081 2661 27948
14376 16137 11166
5486 5016 25096
13249 25719 15333
11194 25118 19907
10487 20576 11367
25825 26436 13841
4842 25420 3155
2175 18544 19997
14892 11739 20516
23435 7733 5476
7514 24917 21148
1073 8886 7823
24009 21406 20080
2530 24393 13554
5837 14696 21748
28877 7336 132
23547 24122 5473
6267 11919 15789
5814 19922 21768
26230 22761 29699
21454 14829 15176
29486 11461 6637
8249 17967 4919
20455 13371 28333
8396 4395 9586
3353 885 11961
20953 27978 9540
27513 1884 647
22831 26169 23624
26695 10351 29721
11788 5827 21060
26468 3935 20762
13167 5294 26478
29822 5152 1398
6380 2789 23273
19853 1737 9252
23049 28281 22644
17056 3643 18257
2348 3034 22434
23253 13750 27323
440 1970 17667
16826 11729 6077
26704 22631 2511
826 5750 11965
690 23090 21038
4060 10628 15580
29249 8957 15269
21475 617 2135
21857 24241 17508
12339 10733 12558
9657 17666 29203
16374 28826 29740
29176 215 19609
726 3657 10722
7775 27143 19314
26693 27785 1486
6612 15957 27620
12617 7258 7133
21237 17050 24709
18854 17139 22399
8157 15033 17108
11543 6130 22786
2618 1156 10417
26541 29422 11365
20238 988 13275
10875 8027 2514
17226 22388 4415
11438 9173 20054
5659 14693 2167
446 10625 23844
7532 11351 6974
20142 18418 4304
15166 21646 29204
9737 22313 7592
13587 17659 29552
20244 26685 27117
8232 7737 3593
28607 28395 13395
26275 66 22634
17418 17448 14526
11090 22409 1589
5166 19021 26184
19759 8523 4060
29506 841 28911
14878 9203 27809
27301 6356 7430
28481 1701 17092
21493 5430 16170
8603 2991 11620
10142 20333 14811
10408 10262 17884
28313 11544 22520
2775 25304 23673
7348 16199 15127
15689 21083 27631
29084 2274 14615
16313 11487 6656
11851 22756 27469
9467 26673 17906
3793 11349 11962
16425 2221 890
7752 14272 10271
2636 9494 22134
21266 10824 15958
1629 11535 25215
27029 29826 20413
27742 16680 23705
4582 17522 24017
11736 24260 974
10355 27409 2563
9695 27594 3349
22313 10621 18179
26971 21765 10293
23288 4385 16230
2736 15805 2319
18152 23890 15848
22922 28590 23768
17531 14087 13288
7426 24895 780
19368 15520 6798
29222 12679 25865
21356 28541 20059
17708 6589 8336
15769 9811 288
7144 2250 1381
13920 1813 27079
622 8322 26621
12634 20621 14710
8819 18005 12753
29953 28229 12542
24997 17880 3995
3701 28863 25646
2854 20753 26220
20100 26060 14060
16813 5779 10183
12615 14250 5852
20041 27283 14282
5271 26173 24004
28377 14288 14880
17356 13333 16299
6866 24724 12359
19032 29152 10825
26805 27548 16843
13705 19219 15738
19183 26184 7440
24969 19491 9481
11263 9822 8965
22125 16314 28968
21755 179 4124
4924 20048 9970
666 19024 3670
7688 9995 28586
23382 9107 23189
6302 18118 18887
28869 7429 10600
24697 18585 5106
21724 12441 11267
22728 5939 17806
23763 14087 15790
13173 27603 2261
28039 27656 16916
23346 4678 25977
23437 23870 9616
2008 26662 26195
4108 6937 14635
29417 7473 18567
17727 9650 3894
20752 15169 3059
18320 4928 1256
26123 17225 24927
5090 792 1391
17540 11358 5954
21487 20521 5171
29790 26520 19984
29731 21222 17979
13970 29542 5204
16573 9985 15686
7817 3570 14819
18994 5279 29404
12381 9310 15631
27655 26281 19179
8082 17182 23602
22834 5893 10553
4527 25027 24814
7922 20678 24692
19289 930 7362
12096 5052 19352
13117 14260 29491
13035 25424 9204
18703 3867 26797
7836 21598 10488
2228 14925 356
6729 25393 25916
3637 28775 28693
24619 4777 15601
11476 15079 17466
14249 9942 16284
3069 2443 65
12142 27253 4646
13172 9245 8749
21153 746 22263
8020 9176 1871
555 19498 6266
13106 6933 21292
15007 5616 22334
17756 26996 13447
19926 23006 1292
1942 26838 6702
3289 4316 12221
7074 13906 24511
8532 2821 27793
20649 17199 21953
3912 18593 25969
17774 4105 15341
4974 619 12624
11254 21325 27355
5792 10757 18468
5986 21063 9037
24436 18077 20335
27104 13595 14970
19715 28806 29511
5444 23054 28654
22156 16103 23557
24427 14812 51
26345 17713 18370
28102 3304 18752
13507 18180 5337
10358 22508 21669
28584 29641 16614
10155 12894 20320
16012 25765 26707
26052 4055 28281
10225 20955 21172
14055 29195 27033
5308 22456 9257
10986 1035 15734
12176 25833 12966
26463 6499 18283
982 27210 14780
15860 24355 26264
5522 12346 7809
8991 6176 5046
21890 17553 858
3745 12520 14512
26793 15185 10218
16038 2151 8701
10081 522 27198
18393 20352 24955
24449 21814 14070
4971 22207 3786
11283 8541 23876
5079 9479 1397
14200 11587 1314
7184 8280 5989
24366 10825 11689
22550 23150 28200
2776 14497 219
6727 23007 9619
3356 10817 9676
16389 25311 24069
19016 5771 22261
28400 11698 10073
6410 26839 4284
24205 19558 329
25289 19664 28895
3960 26808 12553
6315 15503 14688
19588 26134 22358
2373 29328 22228
18825 1105 24577
19799 9460 23934
4640 19023 19802
11922 7299 18797
28209 21351 4966
11650 6112 726
315 26771 15299
28107 9837 6460
25081 650 11658
25095 16570 29303
13846 13710 21231
24748 25733 15431
5067 29731 24772
27163 29780 20198
5563 22679 6304
5316 5173 1323
24038 11626 10268
3467 21613 16021
11291 14169 21480
12376 53 10656
9569 2693 11722
7020 9971 6316
28107 24971 13884
4858 27845 1068
16673 5068 4013
28842 26510 2329
3221 23724 17504
23923 28225 2083
3858 29620 21043
24769 13899 7574
8275 16794 27073
13670 28487 19337
29114 20257 28200
4149 18356 16016
19572 16906 18169
11669 27374 19050
10037 9634 16898
13688 17894 24118
14544 486 1018
17552 7880 24396
13982 29092 15627
5788 3975 13069
2633 5509 10338
27344 8637 1080
25297 18425 16481
22463 2234 23578
8652 16371 29694
3810 639 5209
26070 22549 9274
27885 7019 23584
23165 4846 14108
5277 3594 12594
3364 5615 26122
24539 19893 16450
17266 6911 14090
16203 16879 2013
20185 11020 9552
13159 15078 7617
11192 24813 9718
1201 17932 10101
12123 4596 23637
17604 29437 11552
12106 1839 22702
16783 16876 11680
12190 29679 4214
24299 7618 24570
7735 14747 6180
4984 11990 7064
19492 12892 4634
24491 1079 653
10268 27531 7996
25801 20894 26149
2198 26003 7441
12455 16391 12885
23729 11604 11285
7476 25824 5164
23887 9457 20896
25672 19665 16611
28764 12869 25752
12334 892 25770
5942 14145 14265
12514 16407 8714
6625 485 9387
4553 9721 27320
2872 14745 21832
7600 13804 21926
23622 22748 20946
12003 11084 9273
18538 14492 2514
4132 23075 9287
2718 2553 13863
9020 12516 22820
5827 223 18083
23164 27734 24467
9262 8358 27907
26341 1908 26926
12854 22854 7181
19097 21859 29350
13785 24076 13258
6576 12462 24466
22674 29441 26193
12852 4370 15224
26864 1840 11107
24822 733 13406
15215 11564 10001
7083 1619 10088
28312 7027 7001
7772 20575 12786
3487 2630 2595
4871 12386 10230
2038 8779 19213
13037 3988 10811
8769 16097 24130
4827 13029 8908
29603 14614 3147
17845 12995 7629
7209 22252 29633
5786 10963 20655
17039 13059 5859
24632 1843 8070
16229 18802 28204
10951 13823 11400
15793 26280 25107
464 13947 11813
24927 17799 18112
16318 18777 17201
2388 26662 14523
6124 27474 3569
18072 12773 5574
28109 27974 20274
15527 22299 3825
14345 5005 19307
18227 19471 1644
22636 20133 13303
8156 697 3768
15475 4824 8948
10412 25076 17385
11188 29842 29788
6451 19181 18752
11416 19036 23547
29748 29742 1078
20805 16010 4171
11513 4973 21042
16 29307 1339
5933 13869 14051
16013 2583 1143
9659 12663 7839
4426 173 20590
6080 10433 18934
28820 12521 18677
8222 5090 13867
14121 13156 8716
21773 19655 6859
18438 23951 29546
5136 17035 23753
11492 4507 12696
13898 20251 15295
21626 23346 3254
5904 382 20153
21940 9394 29163
10896 5512 5713
15603 5587 19811
15649 15884 18639
20128 17628 12624
29806 14296 12129
13759 4435 13606
20331 22619 5201
23789 8699 3839
5475 6635 25134
15871 24572 2508
2000 5336 28754
16994 23382 19115
9410 4541 2423
2640 5556 25310
8962 29708 8674
173 25899 20532
720 14252 158
7860 20070 20998
29827 25842 3766
28186 7611 19462
4325 29276 14924
8688 23691 10999
25193 938 14367
16538 6245 2726
24732 672 21553
6016 25879 10669
19898 12571 9309
13086 6256 20704
26625 17978 20471
13619 6445 14631
92 1658 7495
27438 28908 1667
16216 28480 1234
29700 29329 17512
15873 11371 17262
7559 16377 20076
17239 22222 26888
14099 23759 22008
12232 4182 25912
26769 6499 12064
1247 8453 5299
25480 24033 12
4464 4442 19403
6780 12663 29015
7218 20450 6639
22120 21802 18255
14720 29168 19759
888 16617 17622
25442 22405 24726
26251 5332 26505
13305 18638 22935
133 12606 16614
2908 27048 6220
20192 26142 11471
21789 6529 23822
634 8293 6375
22792 12792 18372
8082 20219 25740
9433 9779 14445
21436 13455 11836
20888 27397 24777
25180 18938 1051
27565 22281 24333
6269 11975 25102
20594 14297 627
22412 18951 11298
8632 27002 21461
16123 27585 16414
13681 7954 24989
10805 3533 17209
24313 6029 14612
7464 17970 27917
19343 18406 28720
4172 5462 23493
19279 29409 2840
9492 27953 20535
4883 25559 7808
7644 19997 3122
6261 23516 14064
9535 2885 19984
4609 11930 2550
6188 27916 21801
10672 12653 24793
8850 9956 22575
26179 17023 10285
21850 20152 10614
3674 17402 13226
95 5929 23021
2263 28925 20603
3502 18253 1255
10460 28861 19485
1151 2602 27436
11345 5201 21657
11228 11055 28365
5176 5082 4340
5722 8944 28222
11500 29914 15249
7608 4115 7280
5742 3038 9005
7750 8467 16281
4820 5055 23981
5024 19065 18787
2700 9674 22869
28092 8565 8124
19244 5921 2094
7660 14727 29445
21291 5048 11770
23748 22028 25178
12594 18711 25758
4091 9933 9225
19042 25054 8385
24692 27188 3253
13725 9828 14265
449 4642 10533
21966 2559 24258
3466 16462 22417
18529 20776 29824
109 26138 22935
27413 7453 14243
15015 17036 28143
18144 786 15144
13496 11964 11840
18789 20373 3188
2612 28739 22241
8115 17329 21989
13667 7399 9673
20221 12877 1745
5753 25150 2923
14753 24426 13526
14048 27676 2275
1318 13043 21105
28945 20656 27339
26689 17469 12864
13542 23666 20435
15182 21720 23403
23750 5948 23750
25581 28957 26468
16142 20046 26907
6227 3144 13417
19081 27069 18170
5560 1632 21024
4739 15355 11844
4711 19184 19263
8158 2259 28211
23555 4699 29966
9312 16859 7188
339 3561 17073
20279 5765 9286
21296 8090 11733
10604 24700 15306
13139 5890 19062
15938 18902 12286
4956 1781 13293
676 19496 8751
13605 5974 9713
9787 24330 25733
28758 20970 3442
9276 1840 19366
12391 8640 21428
29350 13641 16665
5531 20932 22815
9097 22271 15981
3250 14263 10603
2959 8818 301
28455 28302 5127
178 785 11838
20501 24219 14352
25931 22206 28189
18192 1926 22355
11233 28621 12268
16226 17911 24469
1935 13490 15388
21347 25285 14257
16518 11154 1741
9614 12565 24895
24757 13933 4531
4931 7076 16181
26515 21628 5827
15426 29608 1909
29581 10849 28255
9556 28245 21996
24521 21481 16701
27533 10704 14554
26249 3227 14164
18837 11444 8343
12662 12596 1598
13628 10011 512
26040 3813 22460
1395 9030 5729
954 4254 27953
27643 14966 20704
18450 2465 13620
10354 8257 14304
12482 25145 21004
15179 26459 3627
28712 16613 20423
6134 26005 5130
17959 22500 3015
933 18127 23906
12526 11987 11618
16797 12413 3784
6586 15231 13297
22176 10079 1225
10266 23923 514
5850 5397 1394
18308 12629 5243
6589 13060 650
18200 4830 27424
8703 4172 26206
3986 2905 4234
20781 28272 7646
12108 7323 17976
22393 285 17812
16326 1718 11301
429 7248 11326
5032 7612 4714
17552 21042 19178
7515 16491 160
5900 24052 24121
12266 8238 21152
12820 23065 19713
23242 4090 11603
27441 10746 7258
27987 20475 26478
11865 25899 4040
23326 28226 9348
3641 901 14077
18500 24322 22379
7937 17741 2527
12985 3941 7811
26570 16227 24610
22417 13031 27262
29336 6993 2941
24522 27499 6471
5807 6753 23359
28416 16562 16574
24535 1384 25686
18354 20448 16539
3838 25970 24509
18653 10999 12007
22133 26335 8124
5938 12224 21905
1370 14538 25861
20866 3617 23844
21316 14757 6469
20816 20656 27337
910 28691 7193
18671 17935 25564
23648 16097 23359
28011 21193 25805
15836 11427 13959
13467 28494 1615
12579 3762 13490
10276 17613 1269
15955 6723 21560
6035 1310 14287
25388 19702 16738
5558 21406 23748
11496 10417 28583
374 14436 13536
20866 10979 25473
17371 22518 17815
9931 429 24122
16537 3058 7783
9094 10645 5003
663 12366 17105
25911 19906 11640
19255 25310 22304
19464 15566 20565
25125 13563 2314
9380 18921 26735
14900 25327 11232
5082 23243 21921
20392 14984 18979
27795 22946 23678
16416 17466 13267
19694 11244 22217
13140 1909 12150
17746 22810 20394
4581 6260 12957
8424 25433 14818
28232 28455 5193
888 10782 16209
10062 25181 24357
4294 11780 26251
2156 26865 29759
22204 22713 8705
8686 18113 4560
7481 19506 9806
26440 1291 6094
3773 24278 3810
13592 26033 20440
28858 28487 19894
23080 474 3114
19360 6254 11621
18235 7423 13046
29680 21431 29484
8937 16006 17168
8332 25039 21920
1428 24063 7013
25612 26523 3701
49 24212 12019
15316 5215 7258
12235 18500 17704
19636 12389 6695
6465 21722 16067
20414 3885 2344
1405 21348 24155
14789 2790 11746
7607 20326 8546
20562 24418 5726
23802 254 21294
20170 6678 17479
11706 3784 2470
28384 10074 4018
16147 11768 11020
18611 20386 2727
27675 2125 3771
18279 16493 3633
8771 26065 17876
20394 6146 3855
9443 19150 24618
12011 4887 16946
18309 23685 16882
15288 18579 25038
23859 17348 25599
13363 6584 29379
21995 25755 29194
26488 26790 18371
26122 18167 715
7462 26574 18786
6975 4302 25127
14787 11233 27677
7409 26312 888
13521 16605 9169
21490 7301 17686
11048 987 23512
21993 11948 21360
11736 20541 15060
7114 27635 14369
20501 19637 8318
5762 28845 19577
19512 24336 13769
1831 24958 7198
11880 26857 18794
24997 18994 6826
29660 1244 19556
3019 2852 17200
8206 22508 11920
13519 20562 4363
5206 17842 25419
22826 12638 9798
9587 11972 21715
13875 17863 18516
15143 24422 18526
18149 23350 18094
3504 29592 7058
23747 21567 19987
16455 12428 27475
23802 2228 13239
12478 23849 16410
15438 26815 7164
17819 21086 7256
17275 16562 17816
24981 24396 8178
26592 21497 10322
23237 24466 20046
13467 24404 4669
12917 29294 19386
15972 17328 27100
20584 755 28345
6209 12874 11479
648 2513 14331
27460 15366 25373
9739 11157 67
13664 478 15691
25733 7078 27674
14090 7528 26364
8778 21688 14317
558 5283 21460
2228 21965 559
26720 3529 22098
5628 3609 21811
16102 16122 24569
6922 2175 8801
520 9240 14968
251 10694 21555
15275 15902 7101
12245 23371 22169
10454 14399 18343
17933 1332 25408
3409 3736 20641
21670 6046 16180
8173 11291 7408
15879 8758 11461
21408 16318 27397
29764 22209 19303
18802 26942 19006
472 14072 18569
2895 10551 24425
1464 27223 12584
20302 11237 21645
7825 1405 2609
18826 29852 11580
15303 23131 11780
10982 5104 16248
4020 5095 27540
29243 1491 29337
9061 29567 12108
16700 22093 19746
11340 10166 9221
19367 1707 19589
1688 10799 2196
9715 2113 29402
9205 24955 19999
7079 11888 6847
21845 20888 13632
16947 12472 25651
19840 14619 22045
21907 24061 13294
7119 20840 17287
26035 304 26934
15700 22661 22359
28555 5207 16095
19380 1380 15649
4154 29529 7466
2397 8135 4627
16206 11973 19040
27381 2012 5014
27767 11138 11672
14640 25767 8697
201 1211 23971
27372 19434 1443
4734 229 19198
634 6063 6353
6222 6830 16640
18081 24209 14678
2727 25116 29216
7963 7991 28717
23669 24178 18728
16766 19164 26546
1496 20588 25644
19907 19809 9301
7101 14807 10900
19798 3826 22178
8969 28773 2177
23340 19058 24298
21167 6240 9398
13584 21598 29638
26006 3432 18287
21002 12996 22948
494 46 28594
9359 28775 501
27542 1460 29178
25654 1238 6972
8233 26933 16288
4823 4641 9128
23314 11448 15681
15684 25955 9014
14703 21791 13067
18585 12086 12145
10053 13929 4524
14288 16496 19944
24084 29867 5835
28875 21324 7209
26380 11748 10061
11634 7016 21793
12444 10611 7632
16502 21137 17364
8622 18194 14733
15277 18936 8063
23635 14230 15806
13740 21907 6792
15932 19562 1649
8076 4842 13651
26619 19202 5227
2814 14217 27791
8951 16017 15492
23802 6093 2508
6603 1533 25600
651 9558 8527
5187 13351 3334
15766 13045 20885
16081 13909 5181
29469 21418 22513
2709 29152 11477
25798 180 29465
26233 25890 25086
5623 23769 13193
29936 3323 27081
20122 12063 25249
16005 23757 2447
24476 29 1500
21568 6006 8394
4134 12806 10326
5175 20526 23278
21025 10052 2759
16514 8018 23260
10646 24764 22581
29893 11245 2022
17870 19444 24823
13099 20974 13586
2901 23291 19231
23749 26911 7274
26259 2711 28399
20809 9756 29027
3582 25604 21089
17128 8594 4889
20535 6219 24743
25971 9747 16487
6489 925 996
11154 22085 28727
3402 24262 6100
156 17848 26583
26657 26791 18462
18133 4141 12638
17140 18909 19407
8528 11953 770
3605 15541 28716
28912 13370 17744
15274 15362 4996
3774 29670 16973
28062 16489 22124
17187 11305 27549
29268 22406 10031
26290 24178 596
3326 27782 22538
22301 16868 25777
26257 20775 11029
13217 558 29769
20814 23283 101
28496 470 27460
17235 18374 24746
12105 25742 9079
8244 26548 29537
20337 3387 25764
29566 19549 924
13645 6549 11351
29316 7587 10918
5046 3662 23361
15078 29245 13798
8923 4643 7998
6386 14949 10662
21372 27825 18374
24812 13222 4672
3690 3386 7911
28716 4755 21714
21758 12291 23742
11017 21316 16040
14899 19456 19468
22621 21344 28224
24271 1611 8623
3013 5374 8190
28157 23475 8192
18314 7976 9046
4181 28075 18095
24824 25151 20705
13198 6565 20644
26779 28093 23014
10447 16742 2903
12752 12946 20284
24787 3252 4460
25117 8749 13324
10095 17215 3257
26716 9860 8655
20741 8710 7179
22612 13813 10730
25806 10780 6012
1925 14401 3900
12455 5722 26479
22736 6306 25817
23736 26135 1968
23557 23258 907
8591 17306 4
14691 28933 10924
6429 20602 13649
22331 15778 20792
14686 7151 24252
11072 20615 23234
15466 18882 18394
25160 11748 2201
27705 23421 14151
20364 8900 11355
19604 27715 2199
28348 3931 25673
787 3123 23085
1352 14732 24119
27 12414 86
5896 11645 5803
13518 22164 10580
28446 26294 5105
3935 7016 22305
26310 7282 9959
1779 9997 24624
9132 1867 11733
13050 4948 24676
5174 6273 4633
28444 28158 21096
6880 22433 15694
103 4623 15401
26362 26155 20303
14354 14605 19281
25181 2195 25325
13899 497 13091
24942 2141 10020
19251 4745 17467
21709 2559 19002
17159 14907 983
3719 26386 129
6564 12864 27976
3277 20944 17640
10892 9548 19108
25206 23298 27875
5213 22145 5223
24360 15157 4350
7290 29722 29556
14284 14539 19181
16002 18756 653
27207 2584 18534
29452 22921 12996
14191 12464 13913
16043 6673 26531
25997 11589 24710
10715 16802 10871
26509 17374 1877
19530 12556 20798
18413 14738 6210
28763 20184 22836
24047 16755 2242
4744 18799 18731
13672 13698 22064
951 11493 19277
16689 6587 15772
27503 23604 19260
18085 25998 27555
24816 27219 11598
7801 11090 1293
5122 13319 25309
10990 22597 20787
18100 26180 22658
20861 7382 583
25775 6517 15024
25354 15274 17655
8528 15357 9577
17183 21858 2155
19206 21018 12675
6183 19288 17474
10214 4349 9699
13199 20134 18275
26721 5853 6966
17225 23394 27282
22943 25403 17801
19917 10915 7513
11703 14220 8211
9789 24462 25178
7541 22487 1108
28067 11015 25093
28969 9305 10645
1900 760 12483
6092 1738 24083
5817 26587 11779
21787 14578 6643
15019 11990 14661
25470 11909 5697
2039 11857 25280
13783 24319 15310
6082 25724 16157
15315 10122 846
17423 16524 4048
1297 16029 24336
13294 11187 18407
14648 25549 14865
20108 12714 14946
22173 2015 17653
12507 11919 20701
14109 26894 17916
3884 11528 13765
5661 18814 29595
12280 5400 12397
18957 8324 7583
24657 9885 13158
6648 23473 7466
11684 8755 7722
11302 21117 2546
27182 28032 556
12725 26893 9097
18083 25466 15750
25697 9001 4976
27872 12175 22797
12649 7599 28105
5386 29743 19084
20509 25902 14042
19834 571 25231
15706 11282 9393
9258 2660 26850
18676 28614 7713
6493 21004 798
22189 25886 14875
24907 5305 347
10523 27652 23799
9457 12371 17068
5055 7182 19626
12218 25021 6500
6806 10589 20180
22257 22981 10291
19587 5214 23703
21169 17055 12028
5578 27099 16949
7529 20481 5014
2814 23999 18697
28907 16248 26814
16412 2270 28158
10850 17859 23615
25923 894 15783
11435 23633 17658
14498 14701 15151
2531 9846 21567
25199 5675 8975
19421 9850 2243
4725 28292 21326
21338 9448 12929
603 25948 20876
26016 9465 19727
2947 7694 12942
25148 13618 14172
18007 28073 3498
18285 25412 5545
16619 513 6317
5273 11197 17890
15189 5278 22576
6445 1486 1731
1439 24304 8652
24594 7992 23585
12081 11257 29642
3413 18973 2894
29979 14351 21480
9507 21325 19026
9733 15757 26683
9515 2567 5909
14813 1121 15961
13078 14282 12316
13231 29705 19486
12157 12849 7043
9284 20269 11662
22723 60 18128
10947 4473 12790
3897 24376 19372
29609 17645 7406
2552 12762 6083
9737 9286 8394
5579 20732 24222
6394 22160 29404
8297 10124 9933
19391 9941 3861
8614 28117 16566
652 3474 1783
16537 5951 27856
5455 1534 5643
1108 27570 15904
10421 19871 6406
26284 13495 17033
28166 11173 18119
26324 773 17776
10283 28311 22799
28964 13721 27584
20878 14547 655
8433 15225 27860
27024 5009 15191
14092 1939 27273
10652 16740 21517
9282 899 16515
10173 26463 9554
9559 22782 16753
14306 26489 6768
8402 10911 5136
14766 29468 5625
16993 25301 27909
20496 16379 21214
14466 5157 22149
4326 13300 10449
12994 23826 26395
2002 10718 18787
19294 7448 18121
1154 17144 4046
16343 28623 27704
3022 13041 3302
20758 21762 18540
7556 21222 10683
8330 29092 416
27698 15792 22138
29347 18712 5729
10546 27078 26333
10087 8416 6490
13353 22583 18367
21152 20971 3179
24651 24353 12894
10824 8698 29675
22432 13216 19499
345 491 19012
9546 19692 20496
29815 9569 17009
19019 28440 5480
14137 21679 2011
16475 4485 17328
8567 20074 26857
9605 28431 29565
26362 20772 1215
24482 22885 14583
27894 7223 6274
3455 28623 17014
2145 28298 1406
22548 22018 20856
21531 28560 10498
1841 12509 12760
22004 26554 29554
393 21206 9240
5955 9821 29244
7343 16245 20169
6895 18429 3014
13567 20503 24680
22102 17937 5153
28718 20399 27466
9410 1925 15057
15502 5630 1991
12004 732 102
28375 23332 22355
2544 23939 12513
27116 28422 29582
1326 28023 5008
357 5031 14682
15484 19295 3098
24926 18831 17997
29583 25175 28754
15994 28319 9167
20201 17756 6684
25644 12493 14232
28865 23194 14587
9900 18983 16014
27458 10847 27347
28386 1990 22289
15886 6210 22943
21382 28670 3642
15640 14083 21246
19595 17811 22467
23486 28806 24270
14481 6858 20887
18638 2475 23602
29942 19672 16875
19898 25437 2126
20403 6865 3677
12708 22923 5118
14852 23298 8872
28837 24020 8833
649 21310 29327
14796 5687 15018
28110 10885 11890
19585 25259 27780
10537 12065 23869
2784 4267 14972
23457 13362 17091
23405 6205 12490
14627 18291 20781
25728 8386 15001
6569 27965 17729
12485 13021 20450
11990 14999 12726
1733 16647 28544
18668 18937 12123
13808 12162 24430
15729 22836 11128
26933 13594 26435
7419 21276 20587
7399 22274 5843
22365 14176 753
15411 25637 211
20771 9247 16427
7271 2875 11977
18350 27511 18514
15097 6397 20198
28824 19025 25750
24692 3282 23674
1785 2409 6187
6582 29563 28075
604 21864 21316
3878 18145 10970
29252 15436 11360
20777 25487 26007
17762 25827 9292
12861 17880 10937
12603 22390 7169
2800 20958 27736
9493 12062 17904
8985 4537 7345
9000 19230 25843
6404 14289 27324
14494 6979 6786
3183 17557 2776
26246 20045 23182
9573 3085 15651
28163 21123 18170
7793 5661 28200
28515 15366 7410
27516 10885 8948
14748 9396 13097
24773 17253 16638
17202 18260 24525
13480 7145 7909
19927 21337 4369
23170 8503 7090
14713 23414 10945
15147 24620 1439
28837 2830 26467
23613 24856 12438
19783 21676 22977
2873 19986 13578
19554 2621 9983
24930 11790 26414
17879 4219 16652
22410 2890 22301
24891 18921 18654
13621 24807 8915
4338 28645 2760
14462 28430 23358
23982 2968 13871
27822 10353 18149
9343 6134 25087
17084 25100 7945
4744 14108 4678
16022 3320 20335
3240 3283 13204
15035 9425 13733
17515 21746 22940
9256 27569 25540
7634 28448 19554
21520 23283 4637
27916 29585 29850
8878 22907 10745
6559 8139 24638
16017 12926 22308
25107 22959 25950
7570 29831 6213
1510 16891 4891
24633 12134 26092
20945 2346 27850
13139 8249 16463
14189 23494 8995
24347 2366 286
1368 7495 12613
18707 16435 22650
2758 6070 20556
7491 15625 17945
14021 13079 9761
25853 23054 28288
25217 7223 10334
13316 29945 20483
14362 20197 15706
21833 9897 3543
5049 21267 21735
6627 23274 27476
22846 4665 22852
24784 24935 4698
10945 17053 13307
21628 17305 10077
14241 23138 9667
17605 21775 4021
24678 21283 17671
25568 8125 26070
24964 28929 19906
21486 23567 15469
15537 2500 13426
13653 7147 10013
478 14498 25413
15017 13680 26879
5729 3427 727
11681 20741 2403
9449 5648 21978
28306 2740 7162
23572 22881 7893
7439 26066 4755
11418 6908 1466
25099 26511 19213
1901 9845 29654
11383 24954 14340
17854 21499 24136
15932 4571 23070
15526 25012 28596
1657 775 16300
23777 15075 26217
24086 13602 3047
8744 24084 25800
994 11567 22159
10803 11224 17861
8999 493 10888
725 24528 22175
16287 14280 14214
6830 16376 8992
27079 15687 1608
28192 20124 29752
5048 3335 20853
1580 28261 1857
22741 3221 2699
5893 6468 5291
13185 1662 16816
26968 7767 21978
18939 10904 12117
7357 27889 6490
23552 10427 14115
20887 25961 2764
10757 26528 3007
23481 29090 27827
19445 10891 26697
13311 1643 21597
9402 28381 16806
13961 22807 14202
18102 25348 6174
1746 29456 23727
22681 13316 18808
9284 19396 24791
8833 18742 20235
3197 4556 26852
22583 16352 7435
23417 168 17165
29990 20037 118
20337 1420 14201
12596 9619 1617
6005 24034 13932
29118 2746 17981
19901 23886 3670
18762 5470 20911
26286 29227 14491
14906 18010 29196
29442 11251 14520
24609 28116 16951
2012 7416 5227
6259 18334 21332
16124 29070 22781
27226 28867 9326
25850 29056 23585
20331 24834 16099
28642 16237 8687
23639 770 9806
29068 18324 23285
7752 4868 784
29308 12978 1677
6500 16584 26364
4336 26823 12413
6618 6600 25231
15010 14450 17329
8989 29755 5956
21639 19558 24492
24831 15131 1355
4063 780 10445
18770 14801 18043
17430 11225 20901
8817 2378 19785
7941 13607 16042
20272 28017 7647
25137 17219 15194
15163 20369 1460
28194 27242 28782
29805 25048 3849
5619 447 13664
20500 3206 10492
10895 14117 7158
11403 27208 12594
18127 29499 19935
3022 24665 19188
720 22603 3036
5175 16222 6548
19342 897 8055
27880 2484 7591
24463 18427 20634
27566 29041 5088
13584 1459 9792
24773 13847 3655
23134 28947 18189
11358 29603 21777
29546 14779 25608
26582 21078 898
7144 13781 10311
15650 4311 21981
11564 3663 7210
24914 8311 19194
1051 10151 28010
19323 12514 10993
26309 11985 2234
2600 28585 21951
3632 21056 15093
17900 29789 13765
16032 11709 7510
2292 25613 7730
1989 29077 22324
15391 27889 16390
12116 4504 7801
28658 28378 7745
8241 9413 17718
29454 28489 7624
14804 2407 9843
13925 5137 27789
10805 15409 13138
6958 28938 732
16823 4046 184
13675 25707 25941
28321 3072 8265
23698 12297 6886
28807 7678 9430
29567 4930 14817
9121 8573 17824
13015 9582 5481
14301 14905 12660
25522 19836 24010
9452 29176 12873
20371 25941 26962
14584 13704 16521
25178 24981 22564
28273 10619 2337
13095 5737 13473
19920 17868 27043
6405 11197 10082
2394 15901 15944
501 8889 7991
5780 6648 9412
22905 27979 17769
12585 22791 19318
17685 3082 11240
25784 12691 1313
9429 12754 2364
25768 17930 29122
11033 14167 28911
13965 18871 11072
22182 25936 816
5242 2859 28684
5405 2651 20388
8099 28028 28275
7381 1638 24476
18719 25116 8062
859 22244 6850
29687 26845 18430
38 21265 13774
3471 24458 13605
11869 29320 14980
262 11512 29208
5399 16630 12472
25463 28031 9051
11168 16389 347
15174 23529 12144
1910 16000 18525
23965 26347 24060
16321 10606 17746
1501 21195 6519
12685 10229 25769
28942 27446 1452
3506 11179 15419
13893 11375 5958
5524 15842 24100
1183 8389 14791
21096 23378 12404
22448 9271 3769
25093 19990 6113
24605 19676 21263
610 26422 7460
24719 1438 19177
10953 28470 6467
6459 7140 682
25388 23648 15401
21737 15167 356
25640 25182 23272
28822 13229 29947
23661 16406 16085
15293 10965 28787
10955 28551 18650
11485 9133 18788
21567 5420 9392
21050 23223 27659
6875 9134 12120
24469 24435 27787
1967 22545 22666
6098 29752 25301
8305 14013 11382
21060 20012 14685
19235 27278 943
9168 10962 5765
974 14042 23959
22759 29378 29171
13144 25687 13257
8331 25037 13119
9323 29991 23222
13665 24856 1960
11383 6619 25347
14089 1322 21210
11744 25367 11510
23180 11265 23140
12452 15010 11229
24211 7081 27171
1681 12865 20006
1461 2034 17583
26547 21733 4065
8689 15849 4777
26988 14132 17940
26899 15664 21023
10213 13967 17284
25228 19839 24657
11402 640 18833
8582 13585 25703
25611 26852 24768
16565 10863 26708
29182 27108 23288
8196 8264 12481
5836 21204 2237
29354 12213 3190
7505 8991 18718
4484 20309 29516
982 22745 8408
11287 26802 11359
21397 28735 2669
24231 6747 16887
9296 19213 12477
2266 19045 29219
7472 26405 12363
24642 13680 10721
23619 20775 18351
20463 17407 3586
28356 13240 4210
13993 16145 20444
19660 8521 14681
23719 24708 4145
5452 14892 14653
19660 12163 19062
17501 7804 11989
10994 4252 25329
9178 7635 12085
5095 28505 7698
9709 1629 19974
15819 11726 20961
14438 14317 3222
9159 1959 631
14866 5184 7075
1749 23760 22896
4948 20410 22446
26219 29633 19593
12087 26261 8530
26664 19728 21054
14486 29079 28353
9038 18081 15032
18372 3445 21100
29641 27342 4328
2692 19769 28017
17434 9659 19707
7708 22140 2783
24575 22752 20646
979 12137 12022
15438 16276 23527
929 21867 15488
14347 5968 26564
18826 6845 11011
13778 18869 24772
27205 28075 10499
26530 401 256
13546 17860 2737
7870 7046 20318
11874 423 2691
13335 14609 11563
6729 21026 1054
22308 24808 2872
16682 14427 9759
20459 317 25759
7034 3057 15786
5036 9442 15979
2306 8699 21869
12490 4810 15624
6904 5538 15494
26810 14486 22449
6387 24718 4276
21518 27254 3934
17077 4074 12321
18760 14783 21384
4639 17109 3756
7862 21842 25564
15640 10929 16709
7455 11966 17189
15440 10937 12039
18758 3763 246
27883 16847 16492
11805 12556 27042
2096 19554 28122
9156 1220 12245
22551 1186 28448
8792 9958 27890
23857 11973 8484
17864 6819 20753
13139 21635 9447
23046 13166 7194
24258 22479 6424
10033 12259 21158
8108 17518 28817
7953 23930 20885
2921 12327 17333
7533 9560 5538
6210 1879 24986
2026 18045 7696
21523 29096 25175
14560 17489 15129
21142 4566 26572
10469 24550 801
16746 5579 26992
24279 6474 14229
26576 21197 21298
22437 7422 9272
5389 16481 9793
2700 26946 18013
6978 1914 15205
10105 4963 21074
20925 749 21517
26669 13760 19403
14591 12302 10317
18078 25334 9606
24982 17948 1997
12600 7213 14628
7528 28492 6174
23460 19597 27928
3852 11938 26831
19029 765 13162
23055 13885 28090
5857 1530 9016
16141 571 9075
26204 23471 16556
9755 8626 8288
28858 29765 12492
11636 26863 22550
6752 23848 14998
20816 23392 6292
12548 23070 8170
22688 3602 27033
1247 28483 16601
26426 28248 5795
12674 15405 14961
26735 13035 3928
20086 8635 25106
11904 14683 4407
24242 699 4001
9114 17257 475
23860 3047 13634
27981 4798 2942
18143 25352 20794
26255 23077 10529
28914 9456 19577
11912 21752 26954
11343 9317 6218
23416 14264 725
8165 8549 10037
7833 18325 28328
2104 23943 17025
9596 25584 10015
6785 24057 21744
27476 16840 28249
27722 26212 17817
6650 27193 8043
305 20919 3728
24337 20890 1388
21426 13264 13202
28949 26565 3771
15070 22180 17487
28572 18552 18018
13142 27928 7552
288 25457 26304
25768 7519 2673
12355 8328 22452
12064 14799 19216
565 11024 8699
22455 1392 8548
19377 13809 21116
5833 28173 11597
16501 6204 16981
10997 24635 17960
18886 4467 29418
9310 17850 22504
14409 12008 2100
20924 22880 20301
22258 18050 11473
7070 24283 22210
1033 5212 11481
26634 21230 13325
16724 22090 23449
16647 861 981
28142 22679 21276
24980 21743 13047
22668 19936 11831
18363 22882 18791
20225 29349 6650
6557 9745 6370
5303 2284 8137
19700 25584 8539
24345 1594 26691
23803 4980 24857
6861 22151 24578
12119 16442 18742
13138 20918 5168
28151 24855 8955
13922 22940 25020
9659 22990 18861
12548 6028 7460
24380 20935 4603
21751 8499 14973
10253 17525 28460
8636 22190 23612
12838 9191 8320
10114 6187 11488
14641 12053 17104
24389 22095 23084
4187 3928 23358
12888 22760 19980
4651 21537 27862
26670 11688 8656
23547 2397 11074
6621 23168 22693
26133 20330 24474
24288 1957 29944
2991 19269 8590
8485 9625 5992
19270 9488 21270
8311 6040 3609
16735 11493 12929
25334 2138 23531
15627 25020 28537
10426 26720 10379
25063 21537 628
7386 12450 8170
27683 6190 14492
8009 23301 25636
20992 25410 13328
1570 7311 22697
23217 2489 21306
5390 29375 26047
20792 3649 27317
2684 3962 2153
25700 25942 13211
5693 12004 20068
11190 5775 16553
16782 29669 24237
9507 16102 13183
12037 16033 25994
24469 4779 1535
17998 3234 14499
25138 12303 22612
27879 11158 25349
10917 10196 21598
25192 24619 5200
13223 3831 16210
17876 15639 8558
15126 5474 15656
14729 6945 26988
13909 23795 1501
27526 2377 5570
11723 6473 1053
6577 220 19673
10487 28084 23807
1435 10352 241
11271 10730 12592
4429 29122 25793
29256 10181 4980
3302 23736 11168
6028 19403 24085
29520 10734 19042
28644 27332 916
13224 4819 25989
11023 14838 19532
1014 28211 21565
19039 5515 3330
27673 20342 1732
14641 28119 15281
9002 7175 5936
7285 1105 29637
9274 10663 742
23175 26538 6090
20994 22068 16014
29671 7364 21704
18211 28451 13858
9589 26335 28700
5677 23707 4975
13734 8462 13146
17716 15718 7966
18611 10622 19778
27241 23058 22710
321 2567 26957
29279 11501 27439
10588 12197 24484
13870 15384 24299
21155 12051 2422
19966 27687 753
20068 2105 20333
23826 700 21540
17216 14879 26054
6435 26085 5065
23533 27949 25771
5541 18515 27261
9149 20272 26725
10316 20213 29003
16290 23242 29834
24044 22553 15374
17133 20792 16021
13577 560 3339
10884 24984 4546
12257 24835 29029
17639 27740 3390
13571 8133 8434
14633 21659 19159
9047 7957 20358
24843 5579 14975
8262 1476 27049
4239 9752 16555
18149 23838 26830
14400 8040 18890
22137 1922 27177
24233 23076 1022
18212 424 9557
1979 13312 4809
16107 3791 4575
5312 20934 5814
1065 21277 18898
3854 8542 24074
21713 13409 22732
20145 24233 25226
9443 18710 20703
344 28926 27144
16551 5521 9065
16785 23106 28125
14281 13750 12347
144 12876 5232
27606 14089 18599
24064 13188 10486
5646 16414 4005
28637 24879 15413
15706 20911 21834
25099 24577 13115
23897 9794 5747
19117 11326 880
24938 26464 23126
7975 8339 10457
20656 2598 25876
11263 4990 23292
13316 16009 29376
75 11876 6087
13877 29026 19662
10999 28286 20479
22673 24537 14883
28521 18343 23292
1737 11176 24795
16033 9307 8317
12826 16552 1461
4031 2972 29159
17742 7174 11199
27148 19189 16504
733 7015 16179
8614 7103 14574
22622 20548 26871
20888 21558 27042
25729 29845 17564
25925 7721 23119
29235 11479 6537
23786 16055 21914
2441 27260 23646
9585 10815 12725
14241 3494 18506
11211 7351 29362
1982 24318 11402
14910 20323 8874
5822 5841 16701
17998 24417 24246
773 4093 29022
13494 10587 28323
13010 20501 6456
7173 7860 24147
1663 26635 12023
6123 19544 6759
6477 15836 28066
6870 24107 11515
2630 125 17009
4650 23662 5656
11737 26207 15385
20150 2044 14465
13266 10957 26481
10276 20165 20239
18005 19846 2030
13392 13214 10444
8398 11625 9678
8766 25238 11607
13779 806 10618
23774 10185 28816
10203 18577 10829
13612 14004 3370
14570 16186 1578
23523 12931 9170
29250 15532 17028
25963 28803 15759
27652 25814 4211
12080 18585 42
19549 11915 22494
29283 12060 19243
13880 3364 11837
27101 24723 4391
15627 3676 21338
27846 5098 3895
2030 4666 28517
16533 22736 28348
29353 28858 5453
14252 24963 18675
25371 7291 14355
28377 2132 19947
9332 10014 5373
17682 3159 2792
3659 9226 21836
21073 4236 15172
26065 26869 20699
15963 12000 28878
26989 16028 21585
9186 27484 20931
1676 19219 1278
12755 12910 10255
8610 11981 22538
19461 3061 19164
21149 10936 13453
11738 665 2248
6776 25516 29585
1211 13859 3238
27938 18367 29862
21216 12057 2303
22351 11578 6089
22166 12105 20228
27018 9293 3928
27588 25540 2539
29707 21091 24390
20300 23962 26574
15181 25566 6290
28991 12545 10187
15195 20616 23521
29396 4789 26248
26308 29142 2719
2813 593 27759
21752 2910 1820
25838 25664 15181
4043 9284 25902
27937 18293 13849
25243 10917 22593
12016 19553 2235
1537 2936 5426
9636 7402 12746
27986 17116 6788
24341 7175 20540
19044 12802 6568
28644 24268 23259
28841 14654 3774
12021 4952 5634
24736 17570 9535
18095 16655 493
13980 5316 28761
1388 19965 12760
17901 18021 3472
19093 23086 8470
13185 5794 23629
26499 29246 27093
27754 21533 5405
27913 15526 21224
14937 12245 433
28915 29991 11465
22051 9519 16851
12874 20094 13670
5737 18479 22600
12359 8678 24095
1716 19677 5390
28851 6485 15479
16126 13933 6570
25360 29751 12539
2044 16088 7005
28521 11929 23130
10178 10344 19620
23684 13985 2922
12024 18529 22430
10809 9597 25442
24088 6638 4642
21012 2775 29425
2702 14649 18322
21167 26887 4238
12584 16917 19004
21654 19131 20243
6943 8053 4319
17804 28005 2235
1392 10167 8279
27699 6632 25726
18557 26022 9395
13406 22271 6205
7380 7884 18991
244 27949 27317
27118 14553 17112
1426 17702 25624
7846 8183 14597
12225 27283 5837
1444 5278 13438
1647 9073 4404
18293 24724 16748
18640 12502 24856
29072 7377 12934
21175 2310 15841
14858 22072 354
17655 25527 11400
9317 13243 11974
8787 15001 17640
1204 13722 6893
23483 23062 24350
23283 8215 2244
21064 887 10859
5589 11346 12905
9959 9608 13396
1610 25738 20548
12577 18293 6830
28626 12508 10823
4432 2644 26536
698 17946 17085
7953 28727 15492
21636 9679 25863
13925 24930 10447
13649 17818 18005
908 22636 22656
2980 1926 16377
11734 25472 21773
243 26260 9843
2807 27753 10856
21633 17759 15908
11738 22003 23240
2330 14450 14199
20838 13900 19134
27101 13181 7556
366 29421 15522
3881 27047 3667
19460 26017 19750
22637 7335 19632
9932 15603 4638
22103 18602 18821
961 26137 21666
25405 27524 21232
17176 453 3810
15015 23271 4678
16858 24298 20510
28324 3048 8968
2868 1339 776
23460 23619 3637
264 8866 17218
28439 5553 9547
13923 623 23533
21164 20657 24343
13650 573 481
3459 8294 4223
26430 901 16422
12009 18444 11926
8811 6405 5241
26012 10345 22640
20030 4700 16714
13734 16738 26877
4033 25591 3416
3095 12783 17137
19983 13485 9213
2604 23561 8672
25262 842 24598
18603 22193 22735
14779 9948 1530
19531 12646 12850
10809 15093 26498
19094 12862 5780
16972 18619 1902
25769 7593 6735
26577 11362 16461
487 8539 14233
10948 1789 17682
13640 3877 19029
23951 5225 6862
16798 14464 6627
14841 167 2455
2222 12836 28222
12542 19492 27445
17848 17441 8090
1855 24488 20231
23314 20986 12025
4848 16083 24994
18074 27433 4085
21276 27134 14588
17886 14847 15737
17136 17007 7669
29415 4264 22252
24435 15883 757
13676 4151 4894
5873 15625 9405
26784 25937 25851
15830 20469 26048
19971 21566 17577
8018 27903 20574
1168 21072 4471
11320 11171 22511
18743 18006 5979
11268 27391 10910
19221 13116 7089
9374 23584 12393
29889 21730 7675
29534 5185 27640
13443 3308 21930
27756 6227 1336
11251 23769 9540
21827 17975 6845
16471 21957 2580
4411 9713 3593
9091 19898 13633
22763 17605 1686
25747 22624 19953
19448 26665 29592
27231 9814 19432
16430 27226 24999
4493 11371 17473
24975 7657 15987
28525 10016 3334
17706 10741 25323
4533 13996 20886
21910 29803 21731
8046 10760 3511
2060 25431 2773
9648 4958 14644
36 2902 7525
17197 27471 2196
12907 13045 981
25646 20641 12233
16855 28661 13640
20097 8250 7210
21641 10891 9546
10668 11364 21816
10238 17858 21536
24923 26308 16058
21445 29329 26646
18595 6178 27863
14 7016 20130
982 20673 22313
14387 17290 14855
22590 26736 13074
566 3437 26944
23469 24180 13363
16139 22916 20614
10800 11199 16619
2321 4205 8211
21417 6904 29549
18780 13056 29548
21398 26601 15786
8898 20299 15207
27217 25855 2162
1692 20502 275
22476 11738 23538
12598 17577 11780
16099 25476 3330
1408 26302 19401
27428 23382 25588
9483 13738 20969
20471 23558 24717
9909 24968 23662
22301 20437 3909
15993 1607 11152
22826 3054 21800
8890 27372 5823
9322 28225 4113
25276 23249 5227
22839 2588 9501
18878 13653 2911
18239 3197 28376
20971 17420 18811
20829 27679 16647
22489 7414 9058
12373 1860 4750
13219 24878 12189
20077 9904 19003
29656 13625 21504
13671 25196 27118
13704 29277 15528
7261 10745 8624
7893 15285 3741
21480 15122 5080
21159 4485 13869
9244 12166 14883
179 16755 1284
20568 17017 25027
12476 7542 1082
769 27414 11817
2346 2786 9381
4967 22063 29199
27784 22823 20303
1806 8150 2898
1405 5440 25281
6284 14532 29389
15101 20118 11073
14562 28831 19809
8381 26306 19809
17858 21312 18526
26752 10778 19919
13891 28450 9990
13289 124 21603
27589 22487 1451
19198 8113 12978
25997 26805 16347
12590 5524 20508
4041 2168 2140
18450 8795 5697
18954 14966 23507
21243 2291 21671
23746 11803 27297
28732 27156 11184
27048 28682 20696
25417 28209 5783
29697 22589 15457
405 21335 11487
17209 25445 15796
24483 29964 17882
25677 18071 3047
12518 19192 20540
11766 1246 10744
9958 326 26638
16624 8486 13478
9307 19134 19191
15241 25622 17372
26997 10928 18449
7224 4754 14587
4312 25895 25763
6260 1838 23651
5493 18991 6775
7673 28733 9512
25284 22963 26615
19776 10510 14024
13864 24283 13747
2386 6146 367
4040 248 21847
13626 29294 3845
28343 19006 3958
734 4164 4330
7506 29985 3781
16066 5163 14356
2412 3344 10580
28033 20432 3247
20571 4091 29769
12914 7449 21713
22494 13454 20798
20793 7844 17039
23436 20718 3850
21905 5461 8434
26146 27392 23481
22618 20005 5166
28356 24570 6023
21295 25286 16125
3047 413 3635
2402 19502 25502
2045 10158 5908
6782 3740 10499
27520 17845 24416
6624 4260 3528
12238 20107 5966
3847 12222 2310
25581 8125 21913
11976 5797 24677
24966 21427 28083
28865 23345 15886
17104 20288 5040
18126 25294 4123
29266 13209 16824
2375 1258 29886
22163 22153 11897
1503 26364 20070
3457 4324 26445
14475 25119 15089
14551 2189 17467
28707 29548 22278
26090 14214 2549
22035 8683 23443
6144 898 6931
11172 25332 6998
11430 17383 25447
826 27481 9889
19369 6188 1129
8869 3643 17681
3062 23747 4501
24979 6193 14195
4149 21215 11592
1403 15620 12567
186 23218 7812
9153 21364 20575
27068 5594 12631
3289 13300 22056
20080 21821 284
14525 29586 19647
21715 9638 5552
25936 24989 3130
20166 29340 17460
22958 10544 29191
10634 14233 24696
26988 10872 15802
10536 29489 13432
6916 7998 91
29313 10764 14721
6114 27211 11347
2054 26309 26509
18108 24728 21776
23507 18476 16171
7701 15972 26617
21996 15640 20636
11251 4241 18125
21415 5183 2757
2947 25172 1328
2362 15390 1725
17707 18365 27393
25719 19785 21453
3894 13962 7590
23500 4594 18709
13385 8247 3576
28054 20733 14492
19342 760 3529
13030 27187 426
12015 23135 22747
26113 21119 5181
1615 520 2214
21373 5159 23506
16710 14027 22534
21506 17038 16133
6293 28196 24982
5123 20537 5063
14412 5028 9828
20646 14117 10684
4883 20306 29895
12617 7844 20595
4367 5325 609
28982 1305 19543
20233 14022 4630
21325 9433 5953
20273 22343 3451
5870 17147 6553
1669 16099 23498
9857 3151 11990
10700 15535 21732
14148 29329 22378
13182 26463 9809
3093 1733 28466
11569 18636 19944
21819 16147 15575
2363 6187 19004
19402 21487 3961
16575 10942 19035
10417 645 6462
14484 22905 19681
22207 27591 24937
28793 10894 10209
7946 3157 10649
19299 4402 9996
8959 10100 23337
6828 12663 2025
23022 8148 14904
16775 27050 18525
18960 24126 18570
2614 29775 6604
3230 13251 20269
4001 5457 26323
25806 2465 12111
16933 11574 23390
4984 28381 12894
9196 15629 27223
21614 3543 24142
8254 11352 12912
14323 9053 18158
21570 13000 14208
19741 15626 19127
27670 24293 6185
15427 7762 11427
28381 4913 28427
9367 6018 8600
4492 6801 3261
854 7909 27580
1129 26915 25939
29964 8976 28472
22854 15732 24584
22270 2682 21007
2919 11834 20996
2642 6151 24501
6668 23918 18626
8419 25982 19221
6146 19102 17309
13856 2028 777
12230 630 576
25768 12911 17951
16554 8684 18120
14988 26616 7928
20754 24315 22226
29297 12309 4375
3302 14069 22867
18989 27069 27553
27724 28555 13471
11075 19803 28355
27169 17114 25519
3448 3644 657
23507 17197 6020
7874 5649 3563
23905 17966 2888
8869 231 5653
7977 5439 16409
24598 23672 24738
2056 23304 2527
1345 15887 20314
3814 13116 10001
11633 3081 24874
21222 22931 27754
27193 24546 24564
3188 26567 2097
11782 6256 27460
10084 14435 26411
22170 18481 12486
25551 9722 21449
7794 14007 27542
8418 18308 19562
23994 10795 25976
8766 11800 23218
15954 11221 1532
27375 1110 10986
10453 8727 27076
29866 17306 20620
7939 14379 5367
29446 4888 18396
3115 2884 17301
1100 25221 10648
25289 7978 851
9104 27514 25555
20751 18101 16324
6304 20324 5328
1856 8728 12039
17775 12846 12459
6491 10675 22860
13419 7069 26085
17998 1207 10139
20116 22427 20532
11884 29652 27694
29325 8945 26865
13074 3033 25011
20387 18583 240
25413 3408 17578
9967 17017 15845
24667 15859 14847
18047 26713 28996
15395 12327 18683
10517 18832 19214
28873 13545 27779
16182 24535 26705
616 8892 3968
1605 3251 17932
29095 8859 25020
27571 10532 14629
2901 99 25918
7188 10515 26465
22796 28324 424
8511 8069 10888
11821 10013 5894
3045 4687 9732
24464 21032 21142
505 21301 26007
10063 8368 10658
8372 11742 4805
15785 25246 13220
19033 8429 29772
11439 14254 19310
3231 18543 19247
24469 15104 12034
5791 9790 24105
10846 11752 2585
7950 22629 5694
6816 19504 371
20195 29375 15613
23105 26026 25604
3501 29620 14127
7161 1509 29044
16699 23635 12063
22759 8944 28760
9120 27664 13718
17450 15464 7436
22875 5872 27780
9943 12690 443
17537 25637 29378
27712 17026 16287
25259 28315 6440
6858 23431 5655
25615 13726 4915
16439 25323 24610
13113 2857 24202
26922 22805 12082
16055 2454 27078
20741 21092 25984
22806 10976 1369
17523 7510 25420
28171 27713 15394
14696 24376 23452
28469 22886 11533
17703 5219 5993
17113 15571 6831
17418 24545 780
22677 5101 21614
28049 8511 15962
1339 12092 20882
28510 10790 3326
20243 93 17109
8512 12445 852
7059 13291 4632
1080 7508 23663
13013 10988 2456
26939 28710 1298
14806 15058 28789
12096 26099 6387
15673 1596 16017
18500 22205 25658
29089 13613 2623
17883 24492 11906
25133 21047 25737
969 12755 11332
7055 29335 27024
2872 27446 395
16597 16746 19925
11594 16001 6072
27801 1230 18559
10206 8729 12865
28285 8043 25307
11007 13994 12281
11184 829 8535
1956 11710 13740
11136 28609 6679
4 20260 15774
13335 20138 12072
1681 9983 23562
14162 21177 5218
25561 1629 10608
14946 17872 28997
12180 14932 14299
11629 21113 25720
20465 27259 24986
17768 11471 24365
3651 13003 4148
28702 1242 17634
14843 2725 28930
11118 26475 6925
11347 1288 6000
28221 10724 27644
14524 1771 10094
17463 8626 28341
13808 13477 27789
15254 1542 21895
23598 14389 19105
18600 6173 4021
15259 4065 9736
8616 18697 25945
16094 10633 4210
16445 27962 16170
16915 4280 7189
21346 2347 11768
29169 18746 17122
15031 24313 743
6674 2280 3653
20372 7274 24279
448 1071 10421
28279 2335 8123
10279 5443 21359
13499 27532 11278
28590 9877 19676
23497 19123 26858
1224 26432 2590
3770 15775 26044
15761 808 11388
19421 22419 7685
5045 20577 19869
24596 19054 20750
18205 15136 12654
2881 11386 29332
23898 10395 7976
7901 22487 278
3857 27515 23158
12318 15622 2918
21949 20150 17503
8863 4810 21385
29600 3546 7679
15499 5763 15892
28263 16983 17196
29654 13312 18875
6534 17428 13448
8460 21185 25969
26743 12936 11439
20794 8303 12996
4608 21189 11566
27650 22137 20446
6634 22087 1986
10158 1824 17798
27400 13617 27263
17382 17419 6176
29816 27665 20027
22173 12151 12978
14703 2810 592
26280 17347 14260
11781 20232 21691
22586 2280 10300
8331 6025 11458
25246 7962 27598
7651 10320 13803
18704 19669 19641
8922 6066 18810
20538 27516 6759
11335 14098 25656
13458 3503 17355
12851 23740 25065
27173 26329 3003
9678 13214 12583
10282 17848 687
17210 28689 28731
6432 10650 29849
12040 10096 23989
14082 3620 25924
8155 20699 5717
16580 11797 7796
22533 28627 24901
10725 16210 28477
12881 25385 813
3965 20560 5837
7548 10632 15200
20281 8336 20111
11811 5434 23367
20156 9857 8115
26692 22701 510
2334 16470 847
16384 21489 9818
12799 13704 655
9619 12519 20194
26196 29492 11353
25225 8707 27540
18864 709 4348
18784 449 29292
16861 6179 5039
12922 28046 7768
25692 2857 26124
13783 21096 29299
5447 26182 3484
23341 24254 26274
8680 489 26936
20569 22605 16023
6500 3115 17155
1576 3659 24889
16935 16843 25006
18861 29649 24464
3025 23857 29132
2272 3586 27567
17364 1967 16445
14092 10360 3321
13094 23785 15550
22704 13145 20779
9183 26928 21744
28021 11514 26493
8853 16698 9184
28835 15386 23494
7186 15030 17718
13179 27846 16053
28178 29175 4018
22985 7887 15026
25254 21111 22567
16633 8882 187
16841 17785 24406
28686 467 4409
365 1795 24879
25884 19697 17278
12616 25368 3187
14710 4375 29006
1258 12219 21645
26437 24605 1834
4590 2016 5526
20538 16807 6589
4808 27930 16968
1669 10526 1847
28442 8051 27744
7147 29139 17162
25439 21273 24833
16249 1730 24972
15760 26982 162
6391 4907 21343
15829 17036 5572
21149 20856 15034
20201 22444 21763
18476 25388 10026
17374 17935 12162
29359 2801 10098
19891 19066 11069
8705 13796 9385
27270 13954 28952
9764 10831 28291
18189 13419 13289
15867 9016 16736
9110 20205 18682
24703 22651 7008
26128 2594 6038
10576 13007 15564
15330 881 19994
17163 925 23616
17776 5124 26538
23128 3481 15006
10542 13126 18078
16630 24392 15403
3251 12873 10290
170 120 26207
6580 5592 4819
5706 5589 23514
21994 14500 11081
4286 2680 4663
25963 8729 28893
366 8541 1168
5852 17526 28569
5258 21711 24006
67 665 21036
26359 21703 11010
8349 1256 22404
4411 5495 27237
12198 674 10683
1219 4706 21726
992 25174 2200
14150 12554 26013
141 28772 3505
22250 12141 10417
16573 19317 13526
1301 16364 14384
20889 7671 12559
19258 23760 12100
22209 7310 13584
14567 1940 28263
14724 12173 20961
1826 6060 25126
15581 1309 27149
8244 1735 1051
29958 4808 1122
21276 1631 20062
19619 1259 9186
10144 6845 25295
11002 19947 18778
13182 26595 18676
355 14672 1971
20117 20144 27638
29321 7269 6793
2339 4078 5641
10928 28660 26083
22916 8915 18890
7444 11370 25254
11141 15061 26338
16228 26194 17901
28323 20439 26165
29810 19340 29523
20849 25295 10199
14512 21140 16894
8538 23719 8536
18955 14240 21055
13366 6667 6714
26166 5300 17152
5877 18275 12518
11155 1821 11509
11780 29220 15968
15005 23989 23740
8840 11634 16450
14839 11034 10348
22394 592 362
10483 22771 16380
18934 19411 18672
505 21455 20626
17599 14301 696
8309 20857 26679
10494 15801 8604
263 16570 3489
16900 20547 14271
28665 16281 18243
6180 13919 21370
179 6956 24947
17211 9106 14574
23193 18093 204
8297 8101 28729
19420 24178 17184
1560 23459 3419
20330 816 18548
15914 26846 22183
6094 22423 21647
12657 25865 13148
11659 17312 16747
13030 1578 11365
24771 20429 6460
10874 20523 2314
26499 15496 18030
22265 1448 23069
10828 20239 26514
2752 25078 24474
3092 18355 10754
21278 2996 1700
1104 26796 862
27212 27412 27772
25686 28693 23571
22724 6130 8851
12918 28528 24859
17425 23390 5426
11992 12791 8768
14457 5046 18157
8157 13295 9963
6271 14649 26738
3078 11351 10114
9510 2047 3440
22688 10456 7173
25380 10339 7850
26914 23813 4476
7032 8096 17741
27163 6830 1004
27722 7787 10186
2929 27843 15977
24879 1561 7910
10450 18973 24359
6725 29266 13768
1811 19118 29036
4147 10638 27424
6918 16983 26720
25657 12906 13906
1374 5137 28169
11275 12877 25346
22214 10804 18376
10103 27360 13701
14201 20131 21012
26504 17465 23240
20412 9800 24823
4984 18906 27799
22018 2684 4337
17549 8960 26381
28537 16329 15884
10489 18743 5647
14031 17718 29360
3604 25606 14756
13194 3780 25544
11398 9238 26806
15139 6172 27778
19179 11646 8016
17936 9256 17629
27816 20549 19772
17425 18174 8614
10443 29085 19594
22561 3986 14714
12919 15792 29862
19757 24894 3535
29588 18264 16629
10505 17964 18936
28298 399 12879
20000 29072 26010
12952 28569 14300
28032 3127 9449
616 9521 6545
20461 10607 4332
14413 22582 3753
4996 2400 12066
3144 1074 27152
5551 20070 27044
20910 5218 4508
16136 11147 5624
5405 20395 23965
6470 5635 12610
20317 17595 20221
496 4119 28421
17459 14277 19031
14126 10304 15886
10239 19316 4629
24000 27242 29121
18763 9524 10060
2782 12313 15772
14257 14539 13068
7074 5532 25889
3356 7916 8450
7083 13307 18807
22581 25383 28774
1010 25426 20496
431 2455 14302
5317 173 3090
20718 5092 16903
12058 29652 17199
24501 19106 7333
23549 6249 11046
9890 22298 17475
16518 7446 21537
26294 18797 8007
25624 3129 2
29872 16870 20601
17356 3181 13003
957 23655 12888
21165 5278 17402
7475 13803 13825
13349 20432 3077
1813 16556 9443
17818 17317 5814
14863 18699 21656
24021 9377 25395
11112 9355 26911
18427 3589 16851
19869 5143 10852
11710 11762 11938
25858 28881 24605
13877 12046 2959
29118 15055 9503
27992 19162 14213
20766 26509 17261
21041 13229 21334
27067 2923 26220
14139 22520 21659
28786 26550 7167
25497 3685 19187
578 16833 4417
21247 8928 2659
18693 25593 22265
12345 24686 22948
12900 1854 12271
11070 2544 20161
3393 24790 25669
21361 7524 2157
23780 15492 8253
18390 23697 13375
1544 2266 1956
25235 7079 10521
29135 2916 6776
14632 13599 3729
19612 20949 20090
828 28512 2623
9696 14223 27615
21930 28912 3627
29969 10488 25202
9837 22815 1098
26179 568 2342
27270 23994 10371
28591 20600 28965
990 28638 7045
4056 7676 19107
6069 9891 24014
25407 5394 1404
14247 5845 19683
2452 23658 7142
23764 19153 19653
8231 24450 3789
13770 8056 24239
21550 3023 22940
8855 12737 24780
26265 16960 8955
20763 28928 15174
29154 9220 4591
17791 370 13679
23677 24121 1121
14349 484 17137
13551 17543 11638
2962 8857 6513
9316 13844 4354
7670 6538 13356
13986 26073 187
13057 16529 3434
17093 23514 27161
21429 4075 8494
15485 12325 23005
14388 28431 11733
20310 13975 18932
19912 9000 6943
13163 14875 11299
11302 15503 2389
11500 2533 9877
22400 7520 20991
1324 10397 8206
2545 8732 2133
10585 17261 25746
28642 12730 9346
4073 17341 13622
21137 4148 27346
13313 27844 10507
7066 8833 27366
28455 19671 19307
567 8903 19942
232 6186 20462
8857 19194 11909
8622 14017 171
21780 14022 15470
26066 21368 17972
9747 7255 25686
19691 5047 23585
7552 7695 125
19617 21171 3878
27453 27360 6918
13137 16740 7317
19796 8562 29415
25445 23396 15761
23019 27025 28211
16731 4334 28707
15810 14330 11913
25276 20897 522
17713 21191 22036
28977 10298 1987
26234 14939 265
25908 3753 1083
12586 27506 4577
23311 19833 23941
16073 8080 4189
4170 24933 29343
14 13417 18045
6242 3323 8492
1017 3011 200
19838 4493 16935
26524 19007 28001
14764 26043 14870
18047 4659 9235
20613 29897 9833
24810 12912 1663
18431 19768 1201
26286 14783 28776
28544 21393 21622
3464 7779 7422
4861 25732 26974
26882 13332 16064
28958 9801 10033
6114 6024 19274
15578 6599 17521
23255 26378 5168
9969 18601 11202
9235 7659 15169
7845 13643 19278
5916 8424 9412
18890 29956 10723
4922 24904 12924
9364 27487 1440
26244 4118 24745
26653 17929 17989
16741 26804 7180
10538 19348 29665
3485 4133 29310
10678 14312 18692
2315 3089 21388
23350 2373 14630
11552 11284 9872
18842 19034 14612
6771 28778 14293
29951 982 8558
13423 3787 14611
18871 28674 173
17078 3166 20298
14191 17139 10241
14949 2396 410
21635 24027 14305
6003 16161 4136
11461 13429 3341
22632 24211 13693
25564 13024 19844
8950 17943 25273
18638 7435 14102
18836 18249 1654
1350 21004 10335
19855 1197 26064
15875 4089 20926
14315 29465 15420
9429 26682 22814
18350 26569 17989
21587 17799 17750
21669 1140 2863
23736 12333 7371
2433 7682 221
27129 27969 10196
24772 14560 11860
51 22066 26413
4623 8967 26039
18422 22208 16241
26856 1609 24473
24824 8217 28192
13106 29891 11884
12885 6238 14826
21706 22653 22897
26661 24239 13554
29242 6802 893
26682 19641 26628
18064 10735 4038
21048 16542 14984
1859 900 11663
29463 8889 8679
15125 3332 10996
6484 10864 22104
7811 16799 11372
6411 25355 7535
27881 16621 17478
1693 12839 29553
11442 29561 3981
7377 6499 2594
5656 19229 18121
27444 28742 14301
13075 16367 24839
11529 10996 11015
25021 18518 26861
10442 26764 10615
5935 508 6365
9626 851 28256
11131 12032 1066
16191 5046 17442
24025 11767 137
21963 682 21626
13702 10198 3563
28209 18591 262
13889 12672 3063
12821 8231 11160
22655 23906 27099
19286 13770 15200
5920 5271 22966
283 19657 3222
18945 7313 16487
13868 15919 6713
5927 10285 13662
21763 4468 26927
19845 27760 14497
28776 14190 3292
9448 4215 1094
26344 26807 21096
9269 19704 24912
24342 17507 8150
8927 4218 25994
11961 5544 335
11598 18377 17045
10480 3332 28055
5953 25888 3818
1053 7904 974
23130 21287 20508
14854 22392 20131
10867 5697 4423
12387 7634 888
1876 5782 236
23088 5030 7269
8040 16259 21890
14691 27722 3866
24158 13523 24711
17970 18171 18482
27459 19536 27963
23317 3809 1613
9843 5945 11042
2767 2865 507
26251 5177 5741
29986 26823 9105
4078 8639 11104
27521 2936 7042
21469 27242 16342
9075 14493 2539
4087 22204 13210
17690 6701 29204
24414 5143 1955
29772 6428 18186
2692 8201 18764
24173 17521 21930
14000 16763 28303
17884 25251 24670
2634 11239 16942
16425 5592 2076
4834 11954 20848
12945 1385 24985
24169 5021 7348
4094 27837 3648
6204 17057 4272
18176 23647 16696
28336 5267 8792
12464 15172 12898
15567 4780 26653
15103 28391 5967
21726 8970 3549
24242 15885 2110
5729 9218 18021
6910 15232 1126
16875 5026 19122
25272 12914 13169
28050 15301 11644
1474 24693 11443
16311 21105 3356
19705 2882 16703
24984 17438 18980
6129 13280 19073
7393 14327 9450
13433 2429 8503
5717 15179 22994
26028 21130 3689
5828 28692 5218
11513 5809 86
25639 5334 6248
2791 7522 1096
4463 28426 27185
6513 10981 7880
25026 12571 4643
13214 10300 1167
2166 17366 27599
9126 18120 1859
21188 23020 21046
23783 19877 9921
6036 22828 13726
282 20844 24504
26797 13125 1923
17638 9537 7071
16954 29690 25436
7202 4943 26552
12161 2184 3869
13815 28903 19141
4130 29609 6547
26260 3296 17955
8983 27700 24442
17765 4570 13351
2124 11601 9019
22485 19404 23093
18473 14881 20976
26490 2124 532
12100 7412 9314
17297 26675 29853
13217 26769 19223
14146 4415 820
13270 16808 7618
17923 20735 8780
24073 9029 17582
19343 5858 18124
1093 884 18093
5247 3336 10410
1407 28939 16740
3944 8770 14819
27586 29048 2089
9023 28724 20184
29888 29919 27487
11660 767 9684
22227 5300 1605
23542 24658 20274
23964 19169 8004
17944 7756 784
23004 1845 27866
18842 14326 4615
1161 5321 24545
22746 16694 20846
11014 2101 6957
5480 19435 14674
12103 13350 19684
21949 1745 3576
4896 13391 16321
1616 11884 5746
26111 5559 7004
3809 15107 10822
3869 22835 12262
28828 16931 13273
22221 20481 22501
7632 14247 4453
15232 312 4816
8755 7238 11127
4036 21422 19538
7573 13825 3032
2980 21579 23589
2018 10567 15255
27385 2921 22493
28015 18966 3781
24665 25192 2579
17637 17606 24699
12807 22223 286
26711 11342 29625
964 29879 482
28389 25729 9980
2024 20902 13944
20002 6709 1497
2460 2908 23603
2373 22309 21675
4531 2180 15413
10910 11778 27627
16119 18405 10580
19349 4240 27988
11299 922 15808
17653 19905 21664
19688 26340 4568
19165 15714 10949
7856 23279 11081
6142 26773 22974
24558 4246 11646
10312 2270 20859
12397 29414 4093
6817 12575 8458
26357 2928 1395
19327 24496 26810
23231 21555 19598
135 29882 14476
7513 21636 12470
982 6846 9252
17177 25046 28959
5948 9628 9167
29581 25416 20653
10389 10741 17386
7195 20789 25524
16294 12700 20606
13422 16683 1194
18097 13531 21281
29017 20757 14425
25863 21273 12107
24745 4937 4505
14142 29932 23155
6080 24043 4865
18746 27280 22580
20002 29124 17892
13987 15901 13993
4530 22455 27419
16043 16510 16839
14529 18141 10881
22204 16978 14793
21282 9006 17042
10952 14873 9476
11165 428 15829
17628 13775 11088
18206 3023 22455
24728 21937 7147
22164 14600 25850
10783 17773 2280
25518 4143 20163
12605 3400 18169
9830 5055 7114
12457 24818 29425
15389 16346 27837
7110 3071 16085
13673 15459 20924
24605 26621 8041
8624 19287 22394
22105 281 20014
16973 21300 26476
26898 20733 17218
16833 24676 13577
16678 15304 7529
25942 20382 1885
4596 1786 22737
22150 4025 2351
2926 23270 9161
17887 24800 12967
23225 6464 8239
11406 723 17367
15180 7461 28888
15239 19334 20501
13452 24315 9852
14426 9965 4381
25609 3273 19641
2321 16469 2357
1919 28456 2041
6746 4423 6492
3528 21578 11288
22873 26638 3028
16825 17234 11630
14778 1368 19772
3381 21006 9000
7366 27251 1281
11386 4597 22238
17299 20509 13350
1398 20706 18608
25511 24539 15064
9912 16989 13124
14016 22273 2203
10514 19080 4412
27987 23076 24198
485 23611 27677
16992 13241 26592
3443 22206 8797
22763 29382 18237
19447 2210 21892
7455 16576 5679
18699 22970 29376
7794 10811 3598
2818 7867 19210
25471 29011 17110
21981 15146 16112
21681 16424 8623
14348 15611 13354
392 6339 28615
9496 7462 9286
4154 11958 15579
7998 937 135
12336 15208 745
8635 18555 22535
8607 25054 4156
9934 24932 2384
12522 9209 24852
17293 24755 4324
6756 18025 3573
20754 19700 16977
19238 18141 530
21795 17914 11428
4601 6437 7532
16767 28907 29900
17712 15687 1720
18681 2829 2112
8294 22642 1290
11148 16523 8626
24954 14747 3119
22949 19801 14947
26175 20218 14692
27539 28490 18845
16256 16832 20866
189 26662 26324
26966 856 13579
614 7144 1910
27256 7064 18595
17658 3622 22831
25437 5497 7695
27018 18281 9987
4413 610 5728
15172 8739 23514
23812 7240 14683
10464 9317 13142
28949 7345 18921
26521 4036 24607
15133 24840 17861
19281 11186 20964
15829 13296 23612
20374 16365 3870
2632 20929 21021
4687 10467 7848
9422 1548 3019
14044 17039 4941
20393 18957 26468
24528 24045 1790
15306 25899 17791
16708 13735 7437
15940 10566 29868
27648 19166 19622
5406 16375 21175
25805 2718 14353
22297 20958 17493
14752 10368 8572
10083 7546 8448
10225 3650 29150
728 18386 9870
26753 6397 25352
27504 18626 1219
9590 8436 5285
21092 23572 23117
7889 10171 26938
12563 15661 14843
6955 143 29786
12245 15851 16045
435 11365 14953
15023 12637 10108
22611 14548 27841
23217 4675 15373
1807 21432 17841
3817 29378 3934
6840 6062 13846
26984 28813 3776
22663 25929 6852
17266 23808 5838
27194 6744 7791
19925 23595 170
27757 550 27583
29999 6184 16649
17389 7747 245
13170 21449 24263
15034 1223 10391
10124 28766 21486
14675 23400 521
27547 24056 21573
1045 261 14688
29423 12197 11166
3933 24862 29193
6772 3590 22192
20796 25620 4539
19466 8385 17528
9279 17598 16317
8575 19060 13357
8204 10025 11029
23489 3627 11869
21797 11055 5223
7983 25566 25665
5833 16455 23542
319 19547 25915
12445 19838 4446
17575 27862 16052
22285 11008 29559
26001 6036 26254
21953 17725 9610
12285 7755 7731
9482 19490 19625
19704 5638 15740
19829 1719 6159
22433 9080 8704
13028 10367 17124
15007 21610 22979
21782 2480 12735
4854 26348 14927
4447 14121 5330
20795 3512 1228
24795 508 16968
1703 28984 17772
673 29619 19215
7231 5894 5694
21273 28607 23471
4137 14550 2359
4 29129 24300
2505 16701 16016
10695 5841 12864
4876 2444 17685
15116 27521 8844
11980 23044 10852
25672 17936 10709
4369 10377 17900
11270 15122 9823
16505 10654 10603
26484 4086 25672
8491 1090 20628
27337 29081 28373
7344 16733 28087
23890 4761 1340
1584 19567 17312
20622 14371 23233
7264 8579 15013
25312 29673 26415
7628 25108 24158
7093 2000 2986
9523 10481 4240
1368 2779 11930
8027 6536 11027
2681 18631 18640
13820 17022 29629
21590 2629 15941
7055 15 5764
14757 8817 1008
25414 10126 7284
2617 17730 12568
1224 5566 11383
6287 2013 9482
16159 6113 23565
317 14774 29398
24941 430 28996
5882 26995 20895
25353 8051 27251
3883 25610 914
24121 11200 18892
1923 11680 12481
3438 14651 1990
4044 11220 720
26754 23554 27390
29161 13616 1701
4247 20243 25312
16217 8352 18159
16005 2897 24264
9720 12640 22372
28175 9321 2897
20729 20283 16995
26292 5905 15938
6823 19040 9959
16743 7407 12341
13962 805 13915
26507 21600 17834
23739 1986 12473
4765 28683 13563
27436 5307 20602
29458 28150 1112
24118 19148 12991
23795 13167 22188
6758 25700 1715
19593 13826 27073
12940 19535 18743
28707 1679 20032
6684 27623 12776
23144 13794 6908
29901 9724 1597
29457 16989 24894
22994 4139 14170
13271 17474 23668
11781 7983 19636
26152 3273 4988
21616 27060 28193
18950 27396 2597
22347 29504 1704
4924 29348 29077
27143 7364 16633
6761 6502 15536
1222 23595 27208
13393 24272 20929
11582 5543 4889
15878 19472 25076
18 21423 18601
6349 14797 25768
22809 10536 21235
23110 6292 10161
10999 14132 36
9914 29688 26470
8942 9666 19123
24974 12423 20781
25457 26258 16018
24281 28336 1878
7332 315 17431
24453 26058 24225
4497 6199 3594
8303 4581 3145
3594 4914 10944
14506 18794 1572
8362 2638 4498
4166 23262 8742
3466 12999 32
10430 15089 19982
6583 7806 7935
20404 29558 838
29798 15822 3527
3708 20962 5454
9936 29147 13984
25126 3249 15886
1199 9579 26825
15798 15482 12804
19031 23647 18690
17589 6795 24880
8542 876 16716
18633 6677 14833
22806 17326 28298
16405 14165 28802
22533 10040 23393
3382 26423 21827
29303 17385 28364
12920 18093 13916
27882 15058 26863
12458 7541 26410
19685 14123 7219
18711 4398 2403
7046 1161 12847
12547 11644 7910
17503 6631 18552
10186 26885 27279
15335 11214 10264
26511 4440 7211
10910 12515 9863
1621 21960 11759
29050 17483 11397
14844 14601 23639
5643 28761 14409
22595 25317 14055
25744 13066 15998
23033 9908 27216
11800 19332 19255
17050 29384 8952
9533 17605 3610
3432 4905 29118
20493 22756 10464
4183 29923 29324
16059 28681 28635
742 27084 23135
8251 24970 21500
25147 20678 14846
5893 8392 26874
22227 29228 2989
26509 23408 21518
21986 20686 18676
17968 7573 20564
11869 19134 20030
19447 19862 23814
23836 15934 24616
20758 25284 29670
14372 13166 7849
15906 7936 11045
14695 15640 15398
5279 4320 28739
6427 18110 11363
20522 6778 25536
6344 6543 7167
18000 26084 26345
1435 26849 8222
24691 29877 25499
6514 2830 8002
97 240 16948
12427 23260 2832
13185 25100 28319
23688 15840 4442
20949 13402 15232
9904 20721 29580
12630 2672 5709
23787 15487 26457
13599 19888 3430
16190 770 15816
21532 21119 23892
19245 14294 18184
17294 2205 4983
13546 2788 18569
20264 29952 29950
1394 18910 24975
27693 18849 24382
21203 29429 17419
21700 24589 9597
2625 2496 23514
5181 7508 13681
22707 1028 10039
24994 13701 751
22534 23020 10796
3573 14384 12863
22657 26468 28701
15251 13452 20096
27184 9081 27387
2922 16636 11066
9447 16241 24344
17108 29333 28689
26553 26036 4155
9143 12791 1394
2014 20234 29535
26692 21036 18812
1224 7591 26622
14822 5904 18718
5613 460 4335
17075 10821 7747
1867 14599 16734
16773 17623 14374
29871 4854 23733
24780 5041 24275
20072 15164 13872
4576 2541 1717
28090 18895 5580
25949 15777 21093
3517 1066 19911
22566 3039 13088
788 9668 26018
1142 11604 7480
24434 4851 20065
4285 23827 24265
8569 265 12914
9852 9735 24414
28620 21498 15487
12276 10786 4154
3246 20176 25928
5525 26736 9738
15740 5128 1179
12377 3580 9576
26754 27551 22079
8948 16717 13991
25313 28165 22359
20522 18266 2881
15202 3583 28547
13829 3662 8770
7333 10540 18370
19939 23125 15351
28684 5939 3229
6311 22041 13437
1932 15573 14312
9620 21415 28741
4915 11222 20920
5436 9417 8323
6716 22304 8477
27079 4915 16919
29189 15987 23299
6288 5265 13014
8805 12265 29169
24031 3135 11578
15812 23920 18911
2262 13245 25664
2927 20229 9326
12164 24274 20502
22042 12406 1311
17745 9544 12330
9806 11730 14900
16961 8454 57
1931 797 24310
17006 12196 3887
7095 22637 19030
26828 28335 19639
4411 22532 29390
26760 10580 16405
7706 1360 19108
9991 22120 15506
942 9931 28544
6166 11301 2168
9508 26099 20419
2793 15149 18918
19 10245 5872
17215 28160 5397
10740 954 23049
6909 26461 4565
2246 6699 7463
307 15308 29556
27862 555 25048
13442 29240 21948
14396 29339 15732
11232 5317 2425
10677 25990 10004
29955 20718 23546
25261 29362 8723
18212 16117 1458
22401 20550 7580
16630 12550 27343
23646 25457 1411
10204 24947 14666
3307 5750 3377
15152 2490 5918
20371 21593 24217
741 29219 21530
15658 2627 13076
19781 6488 11975
23864 29064 20530
9596 12366 24212
23371 1704 8807
14423 23957 7483
22579 24332 12181
4995 19691 23390
6812 8966 13937
25144 22971 5254
11642 20280 17207
15382 3615 2640
14081 19009 6795
23659 2763 11908
18034 3314 1366
17841 3525 5183
17500 29034 7723
25152 29370 28477
1609 2163 20013
211 24621 28075
28324 13840 16243
5104 19743 16277
29332 10906 7569
23291 5092 17069
18869 2119 8419
24882 2550 15992
1989 15669 11788
11213 25477 8159
1934 21259 17957
13843 7392 20714
2933 20377 17198
16594 26475 22034
20254 2859 17271
26989 9540 6484
13624 9257 2258
18584 29901 22873
4428 3067 9894
2720 7907 3043
24140 4287 1537
9374 9613 13121
10747 15056 280
27934 20049 1361
26206 12393 26030
6938 20915 2584
3247 13211 915
28999 13578 12334
27071 11946 6369
29153 15578 5359
7795 4164 29288
18130 13309 15588
17958 18811 268
19075 15736 26472
26842 18113 7560
21267 29817 1703
14079 12552 18246
1818 11804 26179
22353 11261 16525
10519 18689 11473
13398 6634 25066
7637 14364 19138
9799 9195 5627
27096 24086 28991
6344 9887 25710
11102 27763 26256
12473 21944 18815
9805 29863 1479
11553 16397 2371
4126 11645 17165
17007 13424 13414
13532 19025 23153
3956 8641 2125
21798 7658 29707
12900 2744 143
25653 6373 29679
14620 20417 23475
6640 7020 26901
12198 18281 13249
29968 13444 27855
15466 15754 6877
10063 20033 5214
24462 26387 6412
28981 13888 31
4456 25010 29062
2720 4341 16807
11355 22770 14039
25656 17114 22343
29819 27609 7342
23396 11076 5615
25317 14575 21108
27268 15649 7426
469 20605 14077
25468 15620 9618
27838 18021 1114
16234 12383 5755
1282 24588 20756
6286 5044 27200
17596 27834 6106
27358 9959 27574
21694 11883 19107
26486 4681 28675
15839 26748 4509
18892 10818 9634
11720 29616 337
16402 6733 3777
500 17606 24871
26342 5201 19178
10448 11575 1663
12104 18485 23933
21465 7852 2486
3306 28463 17972
10821 20165 25058
8946 16427 6317
2199 13335 621
2712 65 24359
18573 2025 10936
1596 26615 17082
9811 18571 2783
13551 29761 12917
23138 8144 18624
18127 390 25823
19218 7060 8482
27844 9836 7317
7286 16560 16937
7332 27215 10751
17326 17976 10132
7270 15219 7037
6313 17820 29136
20930 9718 2640
4888 7911 2939
1251 24925 20016
25110 5607 3661
25601 13060 9882
16149 7371 1040
28913 4161 9692
26037 13754 29112
17927 9879 4849
29249 8136 26229
29271 11930 4069
10120 20816 14719
25396 5631 3686
12735 19683 15920
19815 8201 13311
26397 11372 17428
10975 20786 15795
15995 18462 12304
9885 28566 26603
22871 24058 12242
25550 13230 26975
20367 11392 25618
28076 26407 24964
26453 23107 6622
18187 7273 3256
4222 20608 28117
22768 23323 28113
19626 2857 22890
7042 21040 26248
2032 16651 4414
16344 921 15136
29260 22516 1543
27831 29771 371
17274 21911 12533
8639 16990 92
14556 8780 24007
27971 10391 1210
15689 22424 29600
17979 29468 26981
29837 3051 21707
25784 7385 17704
6987 24926 18382
26942 25754 10884
16066 27713 15543
22170 27292 14573
18914 5863 4041
1805 12067 28757
24017 11226 12472
21304 25318 23222
7284 23639 24069
27506 1975 17162
4186 13145 4894
25393 2358 18660
16293 8002 3913
11100 8034 6440
21157 7351 10254
18173 10673 16983
3693 456 1240
13132 12063 2808
9431 27861 17027
18513 12044 27655
10272 21847 1774
13350 218 23209
19888 26298 13463
24783 27148 1086
9299 4288 15787
9239 21978 25808
9386 6809 13198
12357 14429 10420
466 5464 9967
14174 18886 4698
7225 11255 183
17818 19426 23974
28913 27261 17747
22249 20646 14269
25870 6312 13118
24755 20328 15941
26721 29979 19149
28310 28663 21001
13015 3772 16243
6506 1861 12129
7505 27519 4208
15339 2166 3245
25613 27006 26318
24417 13093 10797
27580 20940 3887
15220 4665 11635
15376 28668 6040
27630 1428 12659
12126 4733 10218
6386 20536 13396
23807 11496 14747
14926 7174 13982
23735 8918 22998
4310 13283 2792
11675 15507 27474
7318 8379 5054
2525 16017 15400
26988 25353 28715
14762 1578 5034
28559 4005 21460
14587 16393 4383
18716 24944 22172
20291 16947 29733
25778 1170 10017
7478 6554 27589
25062 29167 21234
23033 17692 4738
1309 6020 4327
5387 7924 25288
5937 15303 18674
10730 15549 23639
26933 26790 4060
9790 22441 2244
26258 26578 21112
10585 719 13411
17790 17140 27214
25736 18953 23906
4482 1121 183
18965 19483 9479
10101 1535 17926
27130 6583 21864
18758 4617 22212
14077 17375 4420
20236 14315 2145
23305 19578 2730
7124 16280 7224
12679 6894 24907
2302 20515 17549
25020 20715 15678
20868 17956 23414
23155 7188 22441
15848 14855 22478
23376 14730 6546
18153 22787 27373
25550 13637 21712
2736 10472 6023
23844 18858 15241
28357 22447 6628
11591 25429 687
19465 14809 17717
21154 23199 17546
16303 2230 9322
15037 20241 2522
16274 3951 3255
2597 146 16575
7518 19905 21787
16746 12543 5605
28879 7446 24130
5680 5502 15384
11168 12486 28113
25326 4535 9585
7953 10324 16756
4678 16210 13862
25870 20497 4985
18932 22383 24477
7434 16319 8561
15873 895 23639
22880 4406 29252
2568 10915 24258
13115 10763 18194
1505 27200 22405
19735 27426 10088
16315 18681 7507
18415 28132 25140
22224 14469 18790
21244 25715 15642
19703 223 8903
22448 10517 8433
24750 26784 15827
17144 9343 27475
9978 1700 7530
14517 18334 16331
10398 28924 15658
19627 15151 16134
8806 19226 22470
16551 17073 14167
18562 16986 16045
21373 19455 16170
29403 2001 28402
15359 22146 20142
16760 22053 7935
22921 18213 17839
4879 7702 27337
9615 28400 21258
24005 13781 17649
17661 1495 28904
12754 12003 13255
23818 7709 10289
16275 26862 28415
17959 9423 24226
17225 4854 3823
21775 11466 20132
3235 24330 2901
10752 3070 19627
16400 1513 16901
20281 1254 10335
26140 11523 8510
17707 15022 14397
6457 9950 5975
11458 7229 24451
21606 22396 21347
334 25491 12814
17352 24731 11364
20520 28202 13706
11028 24306 6682
13977 26371 22625
20902 3324 18115
16233 27781 2258
1349 7914 10149
4562 2132 15799
5898 11734 9339
2927 24847 20952
3564 23854 2019
6296 26716 14169
7489 4211 6590
4480 6805 10624
29858 27354 25091
27496 24811 21155
11350 22938 11580
29878 5224 9267
7443 3511 1309
16954 16653 22508
17832 3918 8159
12077 24181 3149
23281 9792 14825
15642 21308 7390
12557 8587 27770
4927 13728 7479
8800 27341 997
6186 14719 402
30 7618 9461
11139 7060 15486
9832 22693 9339
9917 25274 27606
5346 8505 29882
16787 14408 18414
3558 4457 17171
1269 296 18876
24014 18274 273
1122 7518 4658
8676 1777 24503
3754 13442 8808
8359 6511 23103
2004 10574 4414
23462 14673 28432
8545 10424 15400
22694 2832 20028
27694 14912 3346
22494 21582 24141
8426 29700 28550
20585 22121 17848
22245 21898 26488
17998 7675 4216
7808 20035 28545
24829 7760 29582
12894 21351 10631
6252 140 5737
21589 580 22920
3219 4319 15385
6292 3156 15992
3631 18000 9550
9806 15072 9656
25462 21198 16105
1997 26241 15990
29603 10137 27029
12311 16720 28958
22984 19596 13361
26919 7278 12929
925 12776 5692
11188 12956 947
25359 23812 25565
26964 20539 14578
2865 21226 690
10088 25356 21524
12891 14783 16702
3571 15911 8060
10692 12563 25304
20466 9866 26990
13514 19088 28464
27104 18511 26923
6915 23371 16584
6486 3355 21327
26729 2980 23090
24021 22391 13427
8716 2130 13474
14546 12371 20257
14119 2327 23571
15612 23787 27265
25206 26220 19985
16125 12458 14272
5036 26251 19049
19484 21912 10321
9884 7229 3528
29671 20765 4141
4977 11100 20479
12860 18840 8349
28350 8024 1062
7317 26172 19808
12298 20630 12181
8351 27694 2221
8492 552 27759
2819 9625 20198
24523 267 23419
18069 21432 15944
10601 6487 28383
3037 5003 28187
11906 15582 9477
12081 10108 3600
27741 15005 12635
21208 29813 952
7637 10506 16879
22521 10362 21662
11877 21872 20127
22364 5065 86
27120 20654 24302
22152 20354 18378
4363 24892 12189
29625 14006 24716
21922 19218 6024
5102 16001 18205
16011 19813 29913
16247 7908 18631
16417 10097 1016
14105 2276 19240
23008 20042 28343
11741 20551 24309
27583 18120 6746
24 8458 24714
6970 15015 12781
26334 7108 13073
8213 15983 29063
21812 22874 20526
28183 4064 17742
13329 19573 4760
10024 23659 27324
10376 15776 21348
28559 1557 17102
13981 14912 2571
21304 10964 23501
17419 21892 29939
22009 6676 23340
12070 7930 7003
1387 10169 7720
18805 24367 17558
6798 20169 26168
21104 9649 13820
23410 116 2140
25906 15890 11841
7373 4174 3454
9644 19031 28969
6650 525 23188
5250 5602 1247
7515 15213 24041
14051 19300 12042
5286 17410 9060
3107 23839 21577
21660 22580 11032
6737 25679 25416
6422 254 10785
21816 5268 5605
24636 27943 513
22578 8073 5004
14105 18894 5756
17311 3939 25218
21764 25606 10405
5440 19384 26740
9590 20777 29854
4282 10481 14558
5635 4978 17324
25883 29000 25843
9275 12392 24387
12682 19882 6875
26730 17967 28398
16133 5364 25671
26926 12820 15895
15950 26372 4464
8543 14246 23834
26990 20668 29283
27312 27087 8164
20458 27664 6577
20580 24649 1994
16046 16682 11313
10199 27533 10558
4972 2435 7388
25507 7674 13555
13272 24897 3818
27059 15215 22570
28750 15430 14039
25958 17274 27339
4658 7014 25170
10837 25125 14199
9917 9720 6319
7534 22591 2810
15027 4948 22581
5563 18573 20973
15168 4282 11385
27109 369 2814
28048 2145 766
22000 14894 15666
25564 21084 26375
11199 16154 29565
11872 21446 26345
24901 26751 7657
3828 169 427
3746 23568 28178
9314 8143 16861
22746 5947 12625
5935 6697 21909
15028 29954 20339
7136 13488 27824
8941 21085 2763
15289 24734 13526
848 6736 3712
13989 5041 25333
967 24789 2591
3023 16646 20987
6982 19402 13267
11881 4037 12588
23817 22392 20729
150 5373 10854
1391 5439 25600
16896 11082 13729
19515 20883 1096
21578 15972 12666
11392 27910 25958
24520 25885 3434
22841 20151 10676
8460 15 8077
29587 24925 29519
25295 12570 12596
15793 13748 19931
19970 1958 1882
5274 2848 12991
21148 23036 16642
11022 10361 15003
18047 4459 26215
8061 1230 3105
21950 1730 12970
37 13462 23029
28900 19394 29956
6746 2187 15046
1072 15083 16399
10490 9532 22774
19982 19358 19939
7663 3377 46
8171 8543 26389
6991 24212 22103
12315 233 8701
21447 17599 23234
28892 5919 14268
11618 17308 20658
28947 7642 25882
20188 21876 2044
26159 5977 6759
15149 1614 19434
1888 27374 7889
8066 13517 939
524 12104 8278
19558 14801 6067
1723 13093 17603
29696 12602 22446
12477 3576 22431
21069 28814 1740
7303 24883 11403
3409 5023 25550
20756 21865 25703
690 12877 14748
5533 19467 13106
14807 4961 25507
12494 24147 21334
6208 26003 27015
28675 23860 28947
2 14543 7523
27294 7714 15680
14645 22055 15233
753 18563 28904
17932 7069 2561
9794 17030 9405
219 18474 17625
29116 14587 27009
8318 2042 4307
28405 14755 12762
11063 5858 399
9557 19036 2359
25311 25325 10525
1209 11890 26049
9667 24571 13679
678 12570 10856
9991 27052 29142
14044 24332 29986
21541 7997 3836
24332 13036 5851
258 2572 18173
510 24210 21444
27430 12785 6492
1610 16646 12785
9382 1931 23252
18749 15712 803
15654 27902 20002
15671 28959 1396
21458 20952 10680
16969 12342 16720
11328 1204 20009
21723 21660 8707
18802 6721 6318
17298 95 2521
10099 12364 16144
1345 8267 14289
185 1683 17306
8095 12907 16507
26891 24332 13747
28299 1613 3525
6371 12117 20231
10050 3298 19901
26466 16429 3787
20539 19069 29326
790 21169 9782
7583 23102 4750
263 26834 5207
20089 9097 6585
556 22040 7973
5642 16544 7472
22808 3833 19563
5959 10375 3331
11628 5624 29122
15975 11599 21755
10477 23561 18441
20273 22024 1638
6805 14107 1799
647 528 28197
27283 18459 10626
23521 2242 25568
21498 11982 14852
25185 11035 29922
16409 7703 25630
12409 27466 20400
16948 17334 15847
4716 4959 12513
6762 2116 19608
18675 4406 10620
13008 12627 23290
14049 5451 13864
1752 6594 10513
29727 12653 5801
28669 20306 6792
25904 4327 3980
5509 2226 17381
6098 28000 4282
29917 18489 15171
11355 2756 9986
15960 6683 20940
28004 27269 19970
26618 18561 22383
21860 21777 2656
19695 26763 25543
16232 26795 7992
23547 13249 12958
23457 24887 26735
3994 13783 6878
6841 29274 24288
1888 4237 28282
6312 27884 28474
23268 16679 17616
2037 22949 28693
27472 29008 7707
29009 10862 27841
1655 5735 27534
9519 1374 992
27240 35 21233
6010 29557 3207
4790 5778 22319
29440 24427 10995
344 25525 23288
227 21376 2371
27924 21414 29797
19021 967 25934
3668 12168 5512
10565 22636 26609
23870 8289 17726
28155 10841 6253
21480 16003 23261
25248 25729 25451
17789 4466 12326
20606 685 18534
3985 25961 3805
19338 15385 676
26482 2429 12543
20629 17376 29506
29595 6531 25580
17127 17490 5432
28796 4083 10318
2624 27102 17450
21514 25389 28969
26321 13132 3236
24068 21447 13849
8374 5233 21722
20880 18983 22873
9537 28954 23252
11502 18986 1758
21878 21277 4208
24206 829 24977
13398 16973 10407
4310 25586 12240
21402 12906 15639
15616 16301 22089
28226 8504 1255
28802 8625 13047
17813 24277 23583
25898 19930 4805
27300 22825 27063
18861 5748 11757
16413 21854 1750
28383 17636 20191
17227 26056 3324
242 18499 1367
20793 21819 18157
23724 13114 28203
4314 29712 9762
3866 16520 25045
13341 24554 3902
15840 23645 4875
13190 858 11938
16452 26626 28649
26651 9321 19542
310 12721 26222
19806 2098 15580
10269 3468 16264
10114 9928 16841
4446 16436 28838
16355 6270 923
20002 23207 26004
535 14918 23818
1239 21836 18817
437 27405 15621
15343 28434 25766
3337 17769 18721
18286 29615 10883
10230 1212 8344
1720 26032 5193
7768 27993 9851
97 7129 26720
12148 12482 19185
9918 8784 3493
28731 2205 17847
26202 5539 26883
19788 3533 18115
21897 28384 9044
8247 24771 6530
28124 9135 2545
17877 26284 14945
1872 15031 26372
27252 19652 15961
23893 5769 19553
27384 16118 16924
19908 6745 20436
17372 19481 24421
24413 27496 8761
3720 16861 1404
10527 6354 6384
11242 6255 26943
27584 28784 14101
9352 5516 16593
14255 4112 29771
6813 5119 4577
15225 24400 11833
28612 24547 25441
16403 5246 13992
6384 4504 4725
11106 2388 23035
2536 6983 14026
28035 15954 25789
26720 9462 8037
9108 19588 10421
12467 28573 26849
13341 22134 29947
23729 28060 17461
11229 17226 21299
24552 1173 29456
12262 22523 6562
762 15095 14469
21012 8347 3589
13527 7090 12580
9374 1104 27938
6346 24707 1341
7754 1444 18071
28257 1997 8003
23383 11748 7463
29107 20432 27316
17462 23528 16253
12236 13961 13931
19010 19624 18332
25735 9216 11326
10340 19767 24355
14755 12498 4987
3138 16774 19134
25562 15336 10718
1501 18876 24796
737 15869 16244
704 17372 28224
6245 29132 14040
27926 26639 8833
22867 21551 27664
13294 1561 5329
12302 9629 8234
13187 13366 6490
4981 17728 8711
25841 13010 17447
24816 17633 26958
13848 19736 16425
29778 15257 1532
20432 27768 28236
24380 11745 5863
26157 29536 15738
23655 23856 5622
18408 29056 25316
15196 14169 29910
10197 13748 19918
28825 1802 28250
15478 15215 12923
24161 15223 20947
3587 2457 24210
6348 23218 6199
17114 8161 29524
24605 4629 6625
29159 29044 7427
14011 29931 26821
444 18430 7894
27172 9862 7852
13177 1292 1639
3140 23471 29346
12357 4990 10762
9358 9448 27832
16518 12165 12286
7325 17201 26161
12749 5037 27300
2165 6313 14286
26677 21323 16768
1429 19824 5410
17340 14167 18677
6238 9331 26500
27769 29241 5819
1970 28385 3471
29270 23524 43
13925 27081 20649
24926 27168 12299
23148 27665 29354
3733 1739 2083
28572 25701 20896
4576 492 23939
3905 11373 29199
28282 19218 840
26305 2836 16551
1094 18335 27127
19442 23119 6599
17983 13151 3170
12371 29314 26884
11283 11244 3817
2306 1179 23461
21964 320 13212
11465 24818 13993
13717 22136 26587
6616 9704 8486
1564 16015 13706
28714 24451 23076
11614 3901 23121
5076 28294 16960
9767 16709 15319
21649 945 19808
24266 1583 8074
26881 12787 15131
12277 111 7618
18739 15421 25963
508 10796 14545
8234 13887 24800
6374 12789 22022
27654 9318 19908
15582 28025 2850
20116 15982 15828
15755 26230 2608
290 18451 29286
21859 14144 15126
16346 24888 19098
2884 21043 4721
17498 21571 679
14177 25966 16198
12524 1096 9987
2549 1334 11144
2451 5445 4097
27116 29731 29099
15213 11590 10736
11762 24539 15002
11092 22367 20002
16025 5321 10518
17470 16788 23323
11025 28696 25818
1416 7473 27571
6349 20278 1466
5048 8861 22621
20304 14928 15864
22745 23948 21390
15847 9182 26261
23303 21731 22714
8471 179 26075
28690 5100 14456
7575 7761 27398
4378 25309 17904
14138 5295 15134
16071 29966 5626
19708 8426 5801
15251 15226 11164
8639 9869 14746
24534 20033 19567
24792 14479 7528
21197 22219 12375
28508 5298 7124
25149 26050 182
7763 6771 22051
2728 11739 1274
22985 18327 14396
7575 11415 1218
11058 8676 2804
8943 4776 29543
25160 29303 9944
9039 2803 97
15282 25733 4854
2149 7763 11308
19053 18787 23554
25160 6360 7554
4863 22669 21445
22460 9084 28155
14330 17719 13824
11210 19573 2838
25229 4668 15748
29509 8435 303
9566 7097 15360
13132 4060 17287
12891 27832 29615
6954 12060 12958
3897 9736 278
27641 26265 28757
27044 26386 3503
208 28875 24982
22459 15749 28837
21833 5391 27675
1423 6854 8516
8749 1264 24469
22842 6254 1065
13584 18807 20421
9838 16984 1639
24332 1449 26075
5337 6574 17514
8058 11218 9613
27731 7386 5414
23072 23580 3886
19611 1878 15482
4194 12048 22496
26022 28200 11552
10649 8654 14749
16025 19757 5445
66 1516 14192
5849 773 29825
8586 144 14633
26588 27454 29286
9235 13268 26732
655 5777 21049
9323 7819 2955
5632 19408 6674
3508 28903 21684
21283 22248 9495
15698 13533 4917
20856 9123 26308
936 3967 7617
29073 2592 27392
15609 15901 29755
29164 24075 1990
18195 17866 22504
1961 22678 26456
7868 29318 12233
25990 25293 13518
22196 19969 29020
1796 20464 16583
29257 2652 10182
3763 20783 26382
7125 13977 8375
16996 13217 17083
2043 22813 13812
8732 18935 1885
24802 12149 22158
1791 27795 3368
8422 28458 111
25211 6871 7339
21465 11906 859
24915 8694 19269
15090 3078 12714
17451 15714 9809
15788 11764 11349
14166 22587 20499
26506 23004 11980
2089 1915 27622
2052 23474 765
6405 9474 18986
8920 14884 14424
23330 27309 3064
22535 25518 26331
8021 3123 2889
14681 13694 738
9592 2413 28465
29138 28538 24622
24480 11738 2358
19617 13462 10586
29126 24935 28985
20233 17636 14988
8492 15389 19513
5513 20570 21657
10873 19529 28926
28065 23634 27909
17575 17085 3287
20958 3046 10264
2112 11900 19879
19488 8041 9338
28694 27543 11924
19826 29488 7906
8363 4496 9514
23852 21597 277
6575 2182 3028
12186 4969 20462
27416 19838 7108
12786 10509 22077
22009 7583 18698
4066 29561 8084
13068 14431 7374
4127 9535 4213
12148 23905 28298
21586 14542 10141
21363 21832 27788
2147 29204 2474
7817 3323 12879
5879 7150 24741
2954 18924 2578
28134 22725 4617
18134 19083 26031
4156 19002 6743
17751 27677 12073
29284 23361 24517
22620 17706 26413
29585 18224 3203
23627 17894 29643
28737 20347 11508
19039 18992 23385
18054 18294 24884
7407 22712 14621
4769 20180 27053
5754 19959 29482
21976 28717 19852
6972 25739 4789
29587 14818 21162
4246 343 17122
29176 26600 14695
11493 13242 24365
5274 17258 10335
15078 26428 1900
14246 28518 3686
23608 9685 4561
8300 10950 9363
1480 21855 23237
29403 16210 28181
22849 28639 10489
17139 7633 4955
5331 17267 19920
29203 17095 20706
10316 3831 894
9086 9800 23783
10054 28379 28764
10056 10098 29431
5762 2393 19175
5105 20309 23021
8360 28345 3585
8827 10467 23932
15346 7545 19730
1213 19846 20595
16401 16066 29789
21734 23474 9967
20081 26604 6870
523 14196 25932
21626 9104 17626
12420 22597 27282
6513 27609 1345
3728 12689 19110
23458 23113 3185
2584 1132 26292
9463 5572 15627
24570 894 14864
26883 13880 14027
15703 21568 22053
14007 19827 12523
12927 6835 23402
14098 15161 2003
3763 15803 20195
15720 1047 12390
6004 22313 16270
10 18815 17066
12204 13721 14691
22805 28343 15376
28799 19630 18826
23235 14858 10300
2076 2422 20700
15324 28271 25130
6881 5112 17644
21123 21945 25876
2084 12934 29154
28685 5555 14206
14590 7501 16712
10916 2255 29593
23341 9813 26412
3525 9326 11111
6071 12805 19764
17863 13510 24858
26099 21391 19688
19334 19923 28859
8394 26436 20812
6071 4499 29887
11682 8459 26522
29851 4843 16008
15978 24558 17573
26384 15308 1043
27098 29602 22321
13069 19598 19746
8403 17090 21590
3167 242 717
23118 8486 2007
612 1527 23968
16372 24802 21982
1455 14012 16758
2082 15833 28877
2848 2107 983
28967 27271 11967
10639 22952 28231
7516 11418 16150
26719 23989 25155
2882 9141 290
20974 2904 24557
2484 22256 20812
27320 24330 7824
7649 28379 26470
17049 2462 26290
25676 20604 22554
29170 24914 19490
689 16091 19509
12417 21051 10337
4889 23329 24695
13668 25053 3669
7889 2047 23304
8970 8703 7530
21933 25275 4546
17409 25174 3723
538 91 24633
10959 9404 15309
10174 8133 5257
22437 22427 4769
8797 16447 12287
5150 7831 22662
16032 12517 1570
20216 16452 18871
25993 316 16603
14816 2755 18404
3212 236 17719
26916 28605 15402
29661 19991 6690
13027 3918 3053
28737 22076 2053
3176 15117 17180
25307 387 9639
9017 893 6659
16730 760 13684
28845 10346 20941
25283 19058 5764
26913 18571 17135
26759 25078 8653
16917 9397 22723
17411 16864 10499
10444 7983 15863
16549 16129 21316
25381 20159 3943
12454 7195 12214
24982 14982 9375
7331 3552 28749
16591 1054 29425
12064 22866 8554
11681 2446 2431
4613 18334 17674
17915 19595 11810
28758 8845 17713
14299 21150 6467
26382 11757 4726
2919 6088 10234
5973 23159 16358
24092 6992 21697
17769 8218 20724
9231 2905 12713
2595 8414 18213
19748 10624 13156
15095 28685 15803
8450 10250 29234
12102 25000 5522
15254 17629 11487
4215 8292 22333
22184 25594 17163
22853 21276 17841
19226 13879 14836
1848 27032 18042
26017 13597 1313
22811 103 14152
15068 24209 2377
12137 18012 13617
19669 26084 640
23474 29305 15936
20781 3769 16450
24647 19514 26420
15121 16835 3817
3457 5908 28377
1066 16170 11618
25991 15299 12565
15540 1214 24423
10443 4307 23356
15108 1356 24418
7396 8873 11888
20503 11722 27631
23265 2715 14983
23709 4967 16046
23082 28434 4530
13118 3873 9393
6123 3786 11414
11138 1994 14804
11257 23340 4405
10137 10931 28308
6804 7708 17193
22574 778 671
23757 17902 79
27112 4503 3900
5719 2670 7543
127 13682 26161
6973 1695 20750
2040 21385 10555
20859 19882 17142
28075 1113 25629
10789 16228 20182
29018 18091 24246
29282 13389 6230
5939 10396 5567
21049 29118 25068
26909 4347 6361
25260 13990 7928
15529 6393 7406
18733 8923 24100
6566 8790 9898
3728 20277 19469
15570 15604 18225
4582 7174 8293
26127 26837 16286
25597 15762 29359
27778 12915 15679
6075 24266 10278
28191 2248 1431
28526 12329 29407
15031 96 17285
29835 22585 9495
16159 3879 28238
20742 14919 22895
14133 11442 19779
21566 23854 9582
28806 25074 3483
19480 28542 26764
7271 5469 25914
28575 15109 23557
21415 2981 12432
29936 29263 2495
7848 25284 22218
27161 6382 8974
3305 15128 2864
8705 12288 12423
14962 27305 10440
463 5196 13537
29904 21295 8694
670 1899 22318
15885 12990 12017
4048 8687 5800
29420 27837 1420
8679 8381 14927
17258 16300 25828
8542 937 14351
28005 1012 18616
28639 7862 14292
25044 3599 6152
6555 4351 4033
29774 9371 651
7064 2022 25674
8556 3165 18390
19371 5387 4836
6960 969 10712
8461 3009 21543
26247 19011 6756
1337 17681 5198
21898 24327 7937
19728 5956 6185
17627 15061 15340
7225 4467 9960
15745 28719 11005
17504 7028 25164
8923 5122 18496
2044 3701 1124
18694 19936 10976
12237 27285 26756
29568 29406 22753
2235 7332 24254
21673 12007 24063
22195 29931 22793
18909 16087 11326
26631 22951 1116
12808 24824 13661
29766 20600 17714
28466 8109 4958
3229 25050 10536
4599 25686 7052
12096 25245 29560
18161 14621 20237
18228 9543 8930
9144 27653 1424
469 22393 14428
23913 2288 8128
26132 5141 26393
22399 2151 29385
4070 5105 14700
24316 6795 22813
11127 14665 21415
8925 13068 11439
7100 14595 25444
28742 22307 3258
15363 10838 2330
11645 1079 12493
2256 28320 9240
1833 10546 11942
21153 26632 4568
8680 20918 17523
5787 7336 15463
20035 21938 7780
7060 29227 18814
12259 11181 6182
529 6658 12897
19048 18103 4121
27093 23818 17615
20421 10272 11078
20354 4505 23334
2529 29007 21748
2744 3291 11694
7998 4739 12354
1447 27064 24836
16621 23122 2273
1658 12429 23314
27096 9537 23622
23989 27309 16968
22037 21634 28950
403 28041 23332
12606 10955 8873
8608 5839 1499
14940 6703 10673
28400 9321 4351
11929 2306 2626
20034 7504 12130
15711 3256 6413
26508 25441 6761
1477 10330 11843
8606 22204 26803
2776 17345 13312
21270 17287 26081
8938 18050 27049
23729 24712 1967
1123 14270 8957
26724 16912 1887
14719 17159 4590
22049 2337 14506
10582 4135 26692
26283 19864 20314
7278 20578 20071
29279 14200 6546
201 19302 11247
11739 7360 16287
17820 27621 1679
7202 29472 25241
28777 8630 10416
25880 8516 4299
25095 23040 18887
22902 6287 21146
23393 21146 24175
14894 18248 24189
14303 15767 10028
18508 23143 21558
28721 6653 1985
17901 17376 19252
23041 21305 24807
6583 9522 2659
12923 9674 28122
7549 7257 7772
2359 17278 15915
1785 28069 16552
11385 19955 10644
28866 265 27514
22558 8786 22234
8209 14538 9025
22370 19664 15902
14767 27545 9546
17788 13650 15089
14086 23760 19763
15179 16247 15070
802 20558 8325
19452 27580 15534
17463 5796 19362
28000 18795 25852
21968 4942 1643
27100 22830 15236
2916 7299 16210
27792 8022 11199
10804 15126 28573
26196 19189 2261
2681 16426 544
20301 15937 10672
16522 29626 24171
26001 27840 19803
14374 17901 12894
2998 13460 20423
6665 28717 13978
19306 27466 647
27142 2588 28636
2290 2824 18920
29337 13531 18374
29381 6169 5169
14112 19878 27693
13855 27389 28499
24585 4778 25334
6710 22521 25382
11093 21315 170
11921 18459 21667
5804 420 3511
12134 28347 26742
17469 9390 28410
23404 20470 11192
10799 22797 15602
28245 18015 17062
28379 2496 14044
21555 12444 13979
6853 1797 25421
879 3541 1542
9395 29542 5069
1159 25636 27296
3822 1813 4559
27556 8737 13317
23413 5745 24010
111 4765 11932
9461 13494 1908
16804 7769 25607
28744 24512 21611
4240 17525 12303
1461 22425 4822
24601 10982 21529
6358 21685 10920
29488 19580 16525
7080 8363 12979
18671 18980 6812
3020 26368 17591
408 11765 25691
21192 16486 9875
29796 7360 13953
28202 19851 24100
16586 20324 10521
9990 18471 29563
8783 23975 21977
13646 6250 15437
26365 17008 15767
20261 13839 16111
3541 1174 4263
14036 8409 4864
13452 26473 17043
12690 9042 21164
17503 8274 9523
15988 8479 26245
6574 9873 19861
28487 28820 19633
25708 23190 6241
21715 5655 23846
1706 25741 27220
27606 14973 9606
15759 21309 13313
12410 18319 12360
22324 14580 23632
29235 921 3885
23237 10061 24675
13286 14658 16895
22684 4075 19964
13442 9647 2550
26703 20134 9351
11610 4508 8516
8399 7933 9410
13462 2327 7172
23485 12722 12306
566 14074 20198
23440 20002 18246
21251 26453 14127
20000 24002 10301
833 22653 22766
28150 21469 23851
703 17713 24531
28648 9897 27922
10157 27783 19889
25828 1769 6547
714 6775 20997
7639 3889 14805
20495 981 3619
25280 22281 9541
25294 19775 6906
25685 12912 24605
7123 29985 3553
17616 13780 9683
29409 14993 15136
10669 11781 9895
17625 23663 4461
17618 5074 25773
21918 13737 19201
1315 10447 26137
9047 20283 3947
4899 4380 24424
20199 16791 22483
29018 28138 27039
22807 7421 8252
17423 27274 7826
19276 1842 27108
4699 21603 29770
26981 196 22989
20972 28866 13032
6666 7556 6770
14259 13652 17614
14459 8522 23314
3301 8468 481
24109 3297 29101
22515 11627 29566
18291 22504 6395
18601 2276 4217
9523 2710 9265
18140 17442 19533
12789 25212 13914
20196 5519 20643
3610 21698 19768
8012 21059 13317
19591 12278 8456
24504 14425 24045
14809 26075 19421
29882 29476 22466
11890 23789 5443
27905 3263 12700
26182 25147 18821
25229 19486 22133
2078 6838 5621
23357 28138 16462
13022 17603 20059
10633 6203 22677
27254 28444 23308
25926 10549 6393
666 13200 5183
12148 7368 9551
1810 24802 23993
4222 162 26953
19716 18629 28987
13459 1425 17744
24258 1840 25913
25256 18201 9625
23252 28638 12340
7096 22587 16321
9028 10100 4330
8049 25723 23746
21472 8353 6023
14044 29000 8578
6373 27884 25865
10635 27908 169
7703 20047 16457
10189 3642 9625
28115 24849 10930
4590 15660 16159
12953 1570 11521
3475 18702 19775
9571 9104 5375
16230 19245 15567
13971 26188 23970
4969 19665 10977
9936 10232 9751
5374 4388 11178
1640 183 8198
18099 11703 12091
8811 15884 14847
28729 19386 10816
21801 10005 20818
20482 1500 20524
22994 3640 513
25454 13374 8696
16109 26718 28887
28584 16961 9523
20410 25777 7952
23435 20379 1143
17972 19759 25188
17792 1337 10451
3796 6981 26758
24739 11929 12090
24190 23302 13794
8527 20892 12584
19743 4990 20669
20546 1447 7288
3915 29143 14546
26451 12080 4855
10275 495 15221
7550 23652 12375
1097 17645 8061
997 10661 26938
23028 23744 28698
5129 11951 24779
18661 7691 5287
24817 28701 16932
17973 12188 11118
16677 9717 4193
15525 16151 9403
16014 14727 2454
2135 17890 12669
22050 17163 8862
1692 18625 24286
5142 7616 8691
19571 2512 24446
17920 7930 27749
11676 12077 11076
26339 19550 25024
8078 2413 24763
15476 28518 14306
18379 15282 18554
17651 9719 4106
20984 20157 8115
23489 13897 29499
14715 23241 24953
8798 5337 9407
3446 8122 10282
3750 25714 16553
7349 12001 1765
3709 651 25322
23393 14897 13423
3219 13325 23077
21277 14186 4819
83 4421 28127
20779 11008 8632
923 3998 9330
19866 14671 16594
1174 24321 20145
3230 19367 2977
29098 26034 24890
21187 14281 29962
7682 18943 29568
7038 19101 17528
27448 14057 22426
20291 17570 27972
2923 12545 24720
359 12599 17066
21567 1234 9867
15554 13837 19997
2232 28617 20330
28210 14159 23913
17310 16729 10180
20014 10394 25872
24114 21495 10099
19699 15485 9081
16248 8455 2343
11394 23271 22188
123 16415 11417
18150 6987 17760
26982 2960 2224
28814 9156 28248
22802 16796 25435
2985 22683 23331
23861 19855 1280
18040 12409 19651
19447 2637 18638
26677 17878 7520
26466 16581 19950
9950 20327 18560
20435 2506 29383
6555 15259 8239
4596 26036 22887
10271 9618 24049
13983 11355 16829
1112 23608 26321
25078 18948 4855
12 1494 18907
6810 6040 24014
6991 17578 292
29750 5912 9035
16565 3606 9708
3710 9273 2587
7461 26032 3290
17610 15514 26628
28226 5040 379
4769 13674 1
3844 17133 15107
15058 15397 21391
5164 6826 11815
1882 20423 19347
22259 11662 881
15516 13822 10410
7412 24727 23232
7722 27964 17605
10582 21251 28791
1863 23221 19926
287 19696 658
29623 27524 385
6045 24400 207
20687 11880 4921
10053 25520 27410
5859 10819 25614
5628 25764 19324
23581 1683 22858
26759 26030 15435
21438 9868 23321
2085 7567 3717
4535 20723 20778
5753 501 5614
8643 9688 29610
15460 4139 23487
25703 26245 16374
5912 11449 17487
10805 25325 18036
11928 24955 23810
29744 4321 4577
3850 15533 29967
27134 25067 2600
5940 21073 2256
20263 16147 13331
29031 20466 2757
1803 4774 19788
12637 22169 6302
22359 13497 261
3639 22262 455
1657 3357 6791
8941 27838 10519
8610 17228 23458
897 5339 27910
24218 26257 10246
20806 21588 14698
617 25371 29532
2406 16911 23271
24835 23064 16960
27165 18316 17744
14078 12924 21022
17371 2291 9806
18605 27659 29412
27626 4755 15928
1424 5048 18351
12430 14003 531
9421 10860 15584
6030 14720 13733
12466 28275 13003
24270 6644 3895
26963 21164 26962
12789 8237 6268
16575 3247 23358
25190 14173 15762
29977 25565 22543
14426 17894 8754
27296 17788 17081
28318 13766 24717
18019 29163 10048
8748 27279 25809
6832 14275 4727
13367 14397 9191
1428 22335 20993
28651 11187 12795
21674 10074 4720
9833 9431 1180
18463 2105 11974
29214 8397 8268
11611 15719 22285
20466 16812 19718
4355 4109 25872
24355 14189 20436
23045 13206 13944
12473 16970 16017
24660 11256 4403
29559 23249 18912
28237 17280 3295
27236 26975 5222
11024 21369 116
7609 26117 14000
10393 21988 7710
26229 28730 9500
20668 21862 9503
1321 18056 5627
28144 3406 11300
29747 9284 8006
17944 3814 27194
1930 3768 17262
2203 5525 11839
22462 12600 24761
26896 18104 14048
17508 3553 9674
14851 17557 14648
19173 28169 16038
1061 28252 10627
16932 24482 3804
22844 27468 21604
263 1736 25976
19098 1121 4681
12153 13660 24086
16493 19780 9771
7682 13226 20141
11921 8101 20179
13834 9625 18696
17073 20617 24959
20498 19831 12818
1962 21523 4799
28075 21642 16107
19838 7978 17223
21398 1601 28043
8524 21077 3916
15069 2988 28458
9471 27814 26642
5056 14310 9772
17679 16689 28380
22246 14688 1262
3542 4539 22412
17956 18557 22379
22267 23504 1708
18048 25157 1212
25772 24983 10900
4347 7034 28543
10833 21605 2020
3552 25823 11594
2380 2431 14478
13839 18592 21805
7694 7782 1610
9132 6245 2053
17373 24242 22548
1258 328 5619
29702 26092 12840
3746 9242 21648
11148 28110 29548
9843 1467 28490
23607 21742 20938
25372 15592 7492
2639 4385 10687
5573 5946 23252
24793 16567 4695
22437 10685 27471
7560 25794 29755
19848 16903 20611
29410 6358 11249
13482 28021 5787
14690 28565 18539
7645 4307 10558
17703 1106 29901
3529 13876 1774
15583 7189 4681
24661 11100 1692
26804 18181 5364
13378 20673 22286
29225 8641 28628
20004 26621 14454
2662 20289 12282
21927 13978 26644
5141 27647 5827
14927 2536 11063
11924 31 11425
19505 12662 5185
8647 16629 9554
15085 22809 23212
3520 7671 7136
25132 382 19252
24128 6379 2774
13910 10941 11737
24146 2723 10656
17625 408 29496
20402 7333 22978
1645 22662 2542
19844 29662 15784
4469 10958 27533
26360 21012 3897
12182 10922 5941
20476 8254 1277
17035 17229 4632
16401 3174 3342
8190 6639 9976
27385 5967 25243
1009 26947 27568
8143 27972 24325
3019 18947 11500
9752 25685 3982
7040 20362 10192
1946 19674 10671
2953 28713 4678
18131 6473 14382
22600 359 5884
19225 29670 15049
24072 2383 7521
20795 8710 9555
12817 19675 19413
13788 8594 12020
17172 22661 19696
24642 14036 26839
26343 19806 11972
27625 23194 8736
24584 17020 9999
12488 27469 11768
29675 16875 29255
9982 29062 3654
241 5449 28695
22308 23337 12049
3571 18957 7570
19990 6832 11492
887 3531 26177
16136 10989 21391
11210 18651 25708
25756 27101 8917
7399 21726 16274
26639 29737 22671
11270 22808 18136
29922 15420 12734
21398 24010 13038
11614 27183 7951
26759 8644 4446
15506 8177 23213
3880 28241 19328
16944 18907 17671
11864 19090 17922
16692 27469 19475
4365 17765 19543
16971 22316 22374
11960 28771 5149
2581 9807 28848
11410 5597 23829
6466 19466 2789
27948 6384 5527
17563 12243 29760
26190 25277 18562
28969 28772 28447
2919 26117 13442
13724 13431 23059
21863 17624 13103
17910 10259 28389
24618 14248 21298
15254 5484 27908
6895 20953 3855
27633 10918 2435
5065 19100 12309
17850 20409 24670
29711 1662 15741
3818 24697 5647
6471 16171 28468
2887 29128 24276
16776 9560 20476
15834 15824 19902
14106 4409 19914
25303 26195 29088
29020 26836 10891
9066 12607 17695
28919 10012 7483
27550 18489 1851
25164 28553 26419
26876 20948 10102
11665 9273 19005
28108 17671 21806
7731 19921 17377
14650 2568 23764
14963 25379 21888
5601 8731 20605
21908 3852 9112
15321 15028 820
18952 25038 29177
6968 2996 2345
10812 19633 11563
12390 24130 11834
17055 17742 26406
27025 23658 4932
15068 19503 10789
7660 27324 16986
21519 19824 4375
3312 4672 17454
21096 2506 25898
18030 7674 20614
9760 27876 29033
14867 28448 23735
20069 12480 28230
18441 20222 19072
8676 24742 18509
2970 27139 4538
18325 29240 8307
27942 27730 188
27522 6493 17024
12406 6335 16840
19076 21144 6429
11784 893 25210
28758 24962 398
18329 15944 17208
26887 26126 13254
24994 28179 2782
29010 19681 21401
4692 27444 8974
4354 19772 981
8650 10619 27930
4056 28855 21957
25489 17898 19869
11703 23096 24254
3876 27240 2682
2846 10867 14730
23182 12855 26819
9312 26000 20538
3519 12461 5027
19462 20181 8492
75 15370 29356
17332 14105 10411
4430 19127 26505
2369 22554 25295
16758 12826 29006
576 25889 25620
10747 14881 18751
257 23682 13353
19742 13488 3222
10430 9094 15236
29497 16265 9348
16071 13641 12882
7353 4055 22098
20725 15684 29699
10430 16330 21946
2244 5955 10842
7755 24880 10536
26776 21895 8587
23188 16567 14147
10478 18054 5064
1776 3545 20313
23047 17031 7123
20698 19195 23783
6032 339 26119
7043 21272 6540
16230 222 16591
15628 16301 17094
1761 29996 4486
6720 17292 20879
4428 22124 16405
12342 16537 24125
22738 15902 21021
16788 4962 9912
2904 5252 21022
27298 19980 13748
4757 19859 6950
24212 12041 12806
10656 8634 5835
7290 26978 21196
4233 29511 778
19137 17138 10276
5178 18729 3091
1588 20633 11341
17267 4473 16201
29538 27406 4539
18533 8246 15236
5527 24636 3800
8468 2391 29358
28758 8167 30
26703 4279 17913
3426 6397 19575
15480 13336 23752
11165 18841 29212
6574 9166 20498
15778 27061 1039
24700 26624 14465
5546 13285 24827
24847 26508 11387
16872 2122 3941
19625 29061 6852
4369 10208 16457
16694 22890 26257
22837 13676 24046
5340 4570 29822
15983 29988 11597
2708 25241 14446
10865 14325 4658
16343 19203 7188
23157 8106 16879
21363 8704 17712
5091 16330 5498
4169 1627 10482
9732 7381 7549
20273 1918 25734
947 29113 4101
9736 13259 8365
5063 3201 9577
16636 7185 1851
1796 3791 20409
808 8067 8799
6542 26004 23998
26943 28104 23020
12140 21231 602
8035 25917 15510
8841 11687 16168
14963 22133 29288
26085 18858 8021
19173 21533 2055
6697 21532 5839
14309 10343 25857
8576 21312 16093
22325 12055 10773
23058 23073 20566
12669 12139 8843
13181 1653 7699
2534 12607 20535
6219 9409 11085
19357 761 3336
20939 22165 7582
29593 21294 1257
530 17890 4380
1971 25657 14838
21495 244 9450
15456 20935 3688
4357 19671 3747
22006 12933 418
23426 17881 17097
18166 29239 25403
23236 15060 17538
27029 20730 29644
17724 1574 2109
494 23451 27311
15258 25744 23368
10095 23978 12504
3936 28925 10302
19729 16973 16890
1570 11035 5130
17423 10097 22925
1042 17045 12298
22701 23887 19599
22678 25291 13182
3384 2217 3506
17796 1037 8478
17304 15105 10376
4803 19991 1979
6080 6462 16555
12352 15364 29245
25131 13220 21628
18173 21254 872
19778 26228 28934
2937 23001 18359
26209 7237 13504
892 29442 9956
10487 11722 28723
10965 4343 1972
17517 15897 5985
26353 9134 12927
29975 14974 10225
7390 18104 17130
19734 9203 21002
28817 26975 21111
4609 9185 29167
12953 7310 14956
20699 20363 7905
15305 25241 24161
10225 653 27069
25007 25037 18719
2610 28176 1944
12385 21170 22772
23330 22406 18097
24941 8153 29236
28083 16960 4403
19142 12162 6369
7022 7443 19413
12334 16014 16004
15517 19008 15097
14637 2792 24831
24269 8993 17396
3109 8911 2161
15059 17176 7810
9880 1335 22904
11993 25456 28063
22385 8559 15882
5451 18178 28584
708 12366 6289
10742 18431 15212
26758 22197 21184
24604 11884 15540
18935 19295 12495
29318 18532 11239
5794 16615 14658
3485 4936 24435
17181 25862 15052
1839 23582 14610
19079 27830 12591
24233 15774 23303
14496 3194 13099
24955 24098 9415
9434 28941 8598
9439 12451 14359
4756 5045 19065
12788 19150 16146
21359 13905 21976
16180 19786 26935
16866 9991 5514
5766 8625 18921
1395 28824 29070
2414 8592 3515
22092 8318 21882
23098 6908 23109
4395 29191 6469
22003 5828 10797
1321 20000 14594
19477 29694 27629
22314 16001 11693
12904 25559 4062
12409 4979 19125
18771 8913 26785
3762 10116 19591
17671 20736 24351
27043 27416 29092
23153 28662 26154
25907 22931 6987
28796 13948 10820
7340 817 26128
27042 5684 17905
21374 11495 17203
17574 10152 762
26043 22197 16755
16449 12031 1362
25937 14013 11854
28295 13748 23312
20379 18409 1772
7413 25945 18949
19634 9749 6918
27861 15300 21900
14644 13397 11704
4390 13917 4823
18007 26862 960
1944 5093 10501
29029 26996 13350
11975 576 5657
13689 4974 22755
7910 9591 19391
9964 294 7896
16444 18575 4883
3803 16896 7617
19054 12391 22978
20803 951 23858
24780 25332 16514
6643 1988 5041
1507 883 6461
14270 19941 14497
3558 27263 22959
12466 18917 20817
17689 16366 1852
19207 22056 21003
25246 19616 21273
24051 28963 1111
28932 16607 265
17139 25191 701
9556 16652 1451
16659 27505 28731
6067 4671 11031
20805 21809 11240
14504 2759 23482
14006 26708 971
6307 16714 20666
25322 24155 26545
16794 21454 23366
4862 22448 6977
28040 20547 13731
4343 6872 17929
10258 23379 19873
1233 5099 14930
23577 267 13993
9551 14259 8384
25310 5279 21861
6944 7227 6118
11426 3432 24893
14108 19308 21198
1337 16141 20149
14406 27586 23990
1703 4504 5617
26424 7372 17245
22912 12389 29643
500 8677 3139
28586 10149 23210
7920 16319 21231
5785 12931 14047
3914 5722 19368
2185 1177 29342
24894 6532 5066
12854 16821 20852
4895 93 4789
5761 24196 20753
6186 10361 21910
19263 8305 5890
16407 4831 20013
11229 2356 20174
28447 17170 27455
22940 12462 20280
9599 5779 29860
22136 26136 913
9631 18535 8299
3698 15339 20403
2142 18707 29439
12679 11286 1332
25856 33 27100
13802 25318 14133
5605 24946 1049
15478 24728 4230
24992 17300 19460
26806 7524 19224
12978 3541 28359
9544 7858 10177
431 4674 15011
26106 17782 28510
11962 13305 10682
4259 15496 14090
3931 4655 23360
29260 22284 6715
18953 26983 16676
24215 17882 12530
29861 24848 25265
1063 20116 29260
11987 13225 7348
23812 12924 21400
9263 7258 20909
29340 8608 22907
7257 25173 5480
19297 789 7234
24918 29287 7931
27124 25056 3252
15348 8872 25470
8873 17299 27256
2217 18210 5196
1633 11531 9493
10994 16268 28706
10284 13419 25911
21439 4138 2433
957 14329 21967
20151 4405 8414
9941 28246 8261
23017 28004 23603
14627 1578 1780
16812 5549 3788
1061 10875 3584
17715 29474 3722
20991 29808 18440
29194 7583 7691
27676 2658 11189
22919 17686 28798
12368 4218 412
5812 9033 22165
5171 19597 18995
14848 19053 17535
5190 5688 20536
29152 20174 24027
3661 17036 2987
6147 14833 11443
13545 22800 20080
19685 23184 25566
7348 19279 816
18647 23145 29236
3607 8161 24992
18197 25166 5919
12855 5981 15197
4931 25868 2458
28733 6710 21203
6623 15638 24410
5177 7522 28688
29421 8709 381
17104 25391 14408
28695 26596 1140
29177 3609 8828
28265 16801 14730
5885 21322 13117
15465 22570 3059
5129 474 6523
8163 22359 1377
9400 28009 25102
8543 29205 11784
1848 19307 15631
25390 18857 540
11259 2253 18713
6470 9771 20306
5947 6846 8273
5533 8985 21187
9533 18382 2673
6949 1278 7102
11814 998 16183
17180 22658 10909
7079 28756 19240
8418 23457 27122
11832 2952 23207
23568 24168 22596
26942 15930 3104
15922 25279 22753
22753 10507 15898
3484 16112 4272
7586 13236 4996
5661 9187 22170
18842 6860 27526
6407 12377 21243
7318 27687 17770
24011 10630 29879
17392 2395 20001
25138 4627 20567
6410 7504 21229
17095 12148 15469
7767 16912 25867
11164 13583 6804
4590 29761 6048
2410 6910 8652
24873 12884 5272
29073 20117 16886
28467 10125 28126
25048 6935 8687
12454 9296 13277
29468 12235 11531
13912 15142 1303
27836 29086 12490
1248 12499 24717
26638 23825 2834
3865 360 22878
6680 7821 21332
12948 22735 21486
3794 8337 22627
8571 7490 17790
4964 2979 24712
28984 1315 20728
24598 21728 2521
27494 11231 1893
9 4165 24113
2108 24214 21025
20148 13184 1906
616 1568 21684
7494 27279 25682
4079 2125 26653
629 2529 6597
14134 23231 29904
2113 6480 24038
28012 20391 19961
3910 3208 11199
2805 9990 1598
25655 9776 18496
18791 9718 20178
8432 18326 11263
3245 7903 25387
12424 13128 2349
26860 26735 2054
11260 6171 18820
1433 20578 25795
12080 26620 27859
26224 28724 23788
5225 14549 17778
1472 24214 2263
20566 6328 7972
2586 11714 21187
18848 1091 28369
28950 23716 29803
5456 11502 13194
6887 3849 10618
4468 25993 20120
25430 13228 8579
16529 14356 24402
26767 1208 16067
17453 343 1304
16845 1512 5645
23714 13503 5707
21759 24639 13205
8457 17550 23936
5864 11860 12027
4648 8844 2122
17735 16124 15446
18532 26237 1859
21075 22199 16496
1269 19838 20286
1135 4177 770
11611 26733 22519
16624 11984 11023
16948 27776 22038
15409 2963 3842
29922 7013 2525
3167 27635 7779
10209 19614 27257
29520 21249 13262
25509 25870 28211
25187 10753 17561
8993 1138 1285
150 4564 27579
6591 11540 4252
23347 17488 20996
28019 13580 18378
29351 17180 17454
13463 21794 10866
22328 19695 2812
27338 750 11150
28721 23655 6747
23771 13391 4365
1720 18824 9614
1831 14049 27956
22426 13677 23309
5777 8504 6096
13034 29408 15511
5119 13601 20108
6673 12348 24574
24323 10128 28346
8882 11333 29789
16154 18124 1214
14624 2917 29612
1881 8365 20627
22940 11310 13064
25008 22171 23133
695 11108 23349
3310 14286 1516
26634 16808 5516
24061 10133 8505
22696 24466 8758
24850 25394 18322
19415 21941 7810
18004 17045 7454
11711 29618 8807
22066 12916 2939
22374 26445 10077
19140 12441 20959
16089 14107 4649
18168 28525 16421
28804 2431 27947
19224 15269 6779
830 16799 22953
1735 25061 20752
15487 12876 27941
10161 20703 17921
6055 11193 19668
18642 11976 21118
27967 23989 23174
2141 18863 19972
1955 22415 23462
9544 16069 17695
24183 14468 21602
5073 23235 9732
3822 21779 3200
9634 14179 17728
27592 15053 7427
8324 27748 4496
15249 14260 28208
5986 13513 3972
10430 12332 14063
16321 21902 5077
14804 13885 16481
15950 25754 4566
6864 24192 8348
20701 26470 1420
19380 23892 24783
24837 15821 11289
22004 4129 5937
1847 13275 9945
28872 16852 7028
5725 26544 24812
8119 23043 3333
8357 9780 21350
26041 20055 12904
29812 4801 29633
12822 22286 13729
19794 2431 27131
24510 13129 22457
1607 23162 16698
3920 6760 14979
6426 7415 5897
16392 25675 29985
5304 9235 5560
26578 21153 23928
18640 2392 11940
3714 24326 26998
9393 7550 20680
3237 23796 5806
9020 17035 5793
2392 22479 14519
8548 18122 8099
7130 24335 5790
29396 28859 28849
2105 22123 21018
29562 7336 15450
23273 1029 13163
20104 29754 22394
24509 19438 2188
24684 5630 26656
24006 14412 5508
29127 2302 5054
29503 25059 16696
10513 12234 8157
9738 10138 12301
11088 5811 29630
26616 2605 6206
25909 12339 24744
2136 16147 2996
5258 18267 29094
17563 9303 9418
2676 20751 29452
9726 17668 25066
17045 15740 5115
10013 27683 21847
18994 12894 7544
13117 19769 26491
16095 14152 12083
9559 9744 18906
19088 2593 14714
19919 20939 5267
147 16246 26110
18292 22315 27517
7472 20134 22528
1162 7233 28649
24162 11373 23877
18423 26241 3618
24183 9353 6700
10963 24628 19743
4687 17093 12341
20471 12903 28737
19995 1618 3262
7916 16071 25441
11825 10473 24600
14428 22186 5684
20289 9703 25257
27512 1974 6664
21097 20104 12920
16318 10271 20816
19953 17352 4389
14976 711 28458
7979 16874 12743
7406 24817 1587
7995 23638 26371
11754 16824 11048
13540 9602 8144
19115 7362 1905
19329 18869 22357
16258 12784 2208
13276 20140 21621
10379 16777 8327
27893 1343 13255
2508 20407 14397
4979 1423 6914
22755 1651 28459
24961 6851 2586
15942 8989 11265
17423 6640 25208
1662 3672 11008
13413 6332 22529
6989 8225 6369
16657 5173 22144
3349 19447 19726
394 4807 4508
28987 27627 28479
278 8182 27900
11584 14082 28986
3578 14269 12798
26627 25681 16014
22468 27802 29347
8034 17228 22694
186 518 1695
8639 16297 4005
18680 26484 19393
6491 6211 13529
23267 3953 6537
14583 19601 24784
13805 889 18017
20878 21146 21033
6601 8866 28125
8724 20275 55
8615 23340 25824
17101 22511 17376
18517 11514 3290
11069 26281 18280
8546 17517 16947
4840 29709 4115
13729 3923 5438
7967 5823 3852
439 22628 14220
16505 11796 1784
26767 6139 15693
14639 28087 26752
11459 22670 17632
939 26461 5998
4854 13918 17435
27120 18853 27428
7089 5200 26630
20442 5896 29798
26734 27739 27552
24790 20959 28087
18609 6259 1968
8946 12883 9643
29890 16111 22762
19218 15769 11240
4270 3836 15843
157 4772 6844
29158 1683 21804
24255 14605 16748
27774 18382 22413
131 12048 25857
3883 6718 1575
8145 12067 17580
23069 1335 13278
14106 6185 2538
19921 12316 14075
11260 6673 18377
17012 118 9690
5287 9977 6945
19080 18745 24942
9302 1921 1354
14498 14350 4793
14998 19795 19863
28776 2318 7814
2644 9738 13439
12510 17620 3079
875 11840 994
6604 17959 19997
28150 7200 6206
10619 29471 17095
11006 6199 26535
15580 1787 8347
5208 676 19680
623 22347 20073
3648 6216 369
12632 29996 10146
20093 5081 28537
10531 13260 28030
10316 28210 27327
12264 14224 19492
22704 29454 23584
25953 14517 15839
10008 19896 18200
21341 7152 27165
23159 15507 9011
18758 20376 11205
10202 8758 5138
5221 10887 3073
28738 4643 14408
21883 16685 16326
14 9915 12069
1501 24208 24382
12788 10401 13744
16805 18194 20365
14407 18113 28350
5587 29550 1022
29436 27141 23378
22163 8581 19359
8128 12943 27384
15708 28325 28423
4175 576 16495
11203 22913 27993
33 10462 29746
5271 3629 18969
8981 8504 11694
16570 9026 13923
16241 2923 1594
18992 11677 13198
4991 24150 5355
22662 3053 1546
17993 15952 4728
13331 1479 25039
865 1211 4731
23293 18020 8838
25204 16129 27979
4494 14972 16512
3089 9396 12303
9253 5467 12860
18741 11754 13608
26227 15531 3306
21878 29623 8832
29857 87 7015
1458 25194 13162
2747 16550 13624
13450 5748 3497
3190 9824 7614
22630 15424 20089
10541 11710 11686
1926 22560 19754
12622 18997 27973
3604 14180 6750
19046 12293 5760
13237 23642 9531
21932 18895 23920
23590 4496 12941
19590 29445 2825
7059 3269 849
14896 25177 15454
9540 626 2036
26483 12163 3538
28975 29751 29030
24746 20101 24340
23774 4914 17402
9251 16709 15315
26803 3183 22330
16082 28038 27870
2369 21144 5063
15987 626 5493
16076 15812 9713
25421 18383 17214
9109 2577 5
20074 7939 20572
26864 21801 1357
14520 19814 5262
18322 24597 16803
6010 13570 2078
26322 16121 14440
11016 20802 6902
15010 7225 24559
19081 3028 8376
20385 13140 4228
11503 688 19997
15787 23780 29233
13412 15733 26405
19700 17675 14304
3973 19251 4849
12657 22259 7873
22714 29298 12639
17818 22029 12072
27928 6051 27653
9166 388 28694
25691 12456 17577
7847 21367 42
3892 26646 15889
26333 17486 23982
5049 7627 26919
2953 29196 27390
26221 19737 13706
22769 377 2014
17914 27015 11018
13649 24250 298
14838 3212 12865
17784 17590 870
21595 12770 8327
29726 25930 845
28438 13602 21135
8055 17799 14703
9894 4564 1891
9936 13221 13087
26559 27102 25156
21843 7446 18743
18461 17992 5659
3839 7980 21322
8525 5211 20560
15524 14586 16995
18619 8810 14432
16606 21405 17895
22553 15445 23879
24781 13037 6540
1467 5837 21137
19989 7224 17286
5199 10732 24461
9059 461 28855
18579 15299 10619
12413 5774 17421
2478 22702 15518
16008 13576 28918
26082 21645 24358
21847 11944 6138
20410 14451 21041
16127 509 7076
10362 12506 15356
3092 5474 4611
20087 1372 9230
1664 958 11931
22764 20803 18411
94 29586 23785
19787 21716 19221
27089 21475 25917
2495 15125 5276
19610 2360 28292
20264 6482 25260
25025 5466 7920
5914 13056 29037
1595 1290 14077
1200 24389 8180
2983 26071 2062
23638 16576 20489
9763 78 21102
26412 10339 11148
10228 2818 17532
23755 8763 15126
158 9806 27881
10287 18199 20343
16445 8156 25999
4620 15211 16607
22179 28592 4817
21742 17541 17180
28248 26311 7371
8257 24928 17367
23220 20131 17662
23487 6875 10555
9685 17803 21824
21911 3715 584
2869 29163 8135
15689 20139 4891
10488 27712 23337
13207 6696 19197
12986 29130 4776
14047 16447 7276
24961 1285 9953
11589 15849 14630
26338 7547 4566
18245 20484 16593
3132 7204 7866
13369 13986 15644
28338 26141 16629
1114 17514 11059
14674 24286 20982
28646 23974 9950
1515 21508 25813
11766 22251 23892
11274 8900 4167
19045 18332 13144
5885 17873 28108
21655 18957 6174
6553 18813 15924
16835 8439 28485
14971 21844 17637
14192 28080 5130
5464 5585 4587
16891 19025 19125
22895 14664 15457
26149 3441 5454
11246 19007 27577
22130 23767 21621
14453 12495 3583
22436 20688 16197
28878 488 29011
6985 17507 19001
17357 7221 18814
21863 73 8905
14124 7621 2419
4768 23578 1229
27980 24520 23560
16509 19027 8075
16588 4780 6154
9129 17178 28961
25121 2437 7732
14367 1713 20867
1712 24969 27675
8925 18347 14161
323 14274 14645
13573 11646 1224
6588 9202 25918
9497 22312 26226
25037 24513 18845
20371 27269 27330
21624 9633 7053
6503 2037 13638
8145 18601 25357
39 14752 22899
6815 8675 23522
28534 29695 16553
18291 1293 3530
2960 13123 4356
4727 9076 25394
12289 13543 7061
5151 15667 18604
29713 15725 1496
11579 17924 2562
7123 29477 2868
1225 3925 24244
25301 29045 5690
18979 7206 24881
23608 7591 16696
22219 10461 11084
5404 29647 16023
13215 5843 3331
19977 22472 21051
7890 26687 21353
19110 19506 6486
18347 2821 18473
7149 9960 1776
4225 13154 15143
25553 4486 2560
13545 26364 15453
6240 4663 14687
3784 21536 24041
20116 18445 10167
25131 19947 23940
6666 12411 5865
22349 17495 14282
25112 2082 4886
24820 14654 10169
16315 12580 13766
19617 7588 29990
18557 3582 4420
11751 17627 22807
19568 20194 8863
20528 29790 10709
14206 21665 1635
21618 2802 19926
29716 6777 20247
3727 17335 12943
3410 4564 4910
27848 10769 1542
9918 5939 12621
18085 3591 13508
2651 16658 9045
9253 22785 14201
8190 4663 6121
25 29322 7637
1158 15433 6045
25537 7970 10889
25856 19567 13291
17704 10520 9836
7982 18156 28329
8142 22990 846
10793 17622 20768
4443 15726 17668
18497 17473 21086
5219 29566 17956
12043 8298 12152
5039 26202 15952
25496 1497 12143
18871 11864 15675
3959 16197 29209
14875 21801 8093
290 29304 27583
18874 3678 7969
7956 28485 3240
4337 19728 15068
24664 23778 2682
23448 18273 19665
16812 17925 24681
26597 954 20105
22210 12652 2751
2885 18955 5242
10990 27953 29445
13904 8216 12371
15497 12766 13193
2823 9802 24016
22634 24413 5211
21378 21437 22130
8185 15979 647
23683 11437 8426
26721 11274 19516
13506 2799 26599
21565 22441 8748
8007 3950 25404
8510 16425 20430
19787 23489 3923
2265 7103 19533
3481 18584 23892
18279 17755 23064
367 2635 18486
15562 24458 12798
22637 7065 1575
26031 6130 23130
6037 6321 9487
24679 3748 21399
9665 20784 24671
18421 15573 4963
26743 24255 6577
28405 5152 21829
8193 95 16320
18039 20034 929
22257 17165 1254
11516 16772 2734
15647 27689 15933
17682 14700 24335
20386 30000 25976
25421 23876 18635
27788 20292 26057
28785 25579 5801
19659 13111 13345
22737 3123 12987
18556 11065 25782
24086 28209 5408
20392 25926 14323
19477 15229 22453
1032 19237 24852
21342 4142 5418
10123 7704 26686
3165 14418 26613
24575 18253 2334
8307 12526 1906
16784 29241 21683
19504 14574 18693
29861 18607 14463
20046 12738 28564
23227 11304 27672
28033 28495 706
17296 23629 18343
5799 17009 28938
22005 5227 28099
28471 4045 25984
2540 8203 7846
11062 16080 14909
16626 7622 28173
28895 4647 18172
11903 413 24554
15801 27340 8412
22608 1889 3304
26973 27113 29494
1173 10759 5032
2854 2197 1709
23377 28304 21208
18540 3824 3303
18195 26088 25663
25558 22363 21797
3541 569 26430
29857 7516 18019
12674 10749 27410
8378 24365 10054
28180 9209 26748
29364 26876 25111
14063 6512 5869
22107 25263 5784
27171 2940 15865
19995 12018 2227
3504 10833 11317
21404 7977 15177
9777 7882 9592
29752 8446 18087
18398 13830 25559
13210 11914 23756
27707 18627 18746
24416 22768 21641
7022 13425 22270
8482 7985 10077
16343 10766 24693
3065 7708 10992
21182 22242 15456
16253 9343 11964
19152 10316 23097
14330 11301 7361
7011 28049 3250
17908 29268 4176
15679 20548 29169
5406 20684 25407
26450 20701 4859
15567 21796 4789
23193 22596 12994
26707 24426 4461
20629 14720 23985
2613 4724 23975
18206 15302 1296
7762 2572 28803
28732 1054 5221
22471 19371 26317
5206 26339 10782
25976 18249 28829
17690 20411 9028
6943 23634 1515
27558 1405 19765
3941 16652 24039
28768 29545 19221
29324 4093 12386
24891 7470 23044
26455 18205 10738
2721 17756 17748
23266 13388 25369
12752 14045 6681
1932 16256 18304
6125 25633 18078
3104 9277 11413
23954 19320 15860
5267 6514 17272
28873 3039 7437
27971 5590 1889
19113 24397 329
2273 12506 13866
25273 8876 3569
15984 27495 23309
6680 10831 13327
20912 18120 3178
6116 14895 23413
23958 22083 28079
12317 11044 1065
12839 9537 10342
16793 9449 20899
22612 16336 25827
27312 29189 20160
9553 26814 25653
9315 3088 14963
22444 12252 1631
14952 9611 1731
11146 8159 19663
7388 311 27934
14039 11248 238
28478 7627 4069
28608 12459 6201
16002 10581 16115
18041 14037 28837
10418 9669 17739
4660 3438 14210
8276 18904 11979
13339 4700 4084
9515 26006 2003
26706 6543 18171
1394 2406 20140
1831 4979 18605
26752 20836 1285
7986 13617 22901
28071 26684 6509
18917 28955 26174
12756 330 23981
25210 29331 3526
11880 11037 20572
5007 25764 17840
25540 14688 12974
29131 23376 22642
4844 19721 13364
15267 6476 21057
18052 29817 20321
7663 18205 6355
18974 9841 12298
11874 2603 26648
13133 14391 5286
19810 22344 7770
23780 21957 21055
24837 11181 4130
17468 23838 2876
17135 13359 17536
24263 6495 27937
23923 24929 22434
1852 23564 9568
23071 14833 7248
12448 18127 5949
4102 3522 4361
4790 27630 3124
7411 16979 28826
13279 4119 7864
12573 11822 7293
6295 15595 25396
25817 22954 11737
20570 6203 29215
4688 26361 23843
13815 9340 21401
25741 11713 12571
19283 14858 6586
11109 3693 25006
18016 11110 25821
23796 7238 13661
15533 16565 10885
731 21153 21924
4914 9527 7652
9683 20402 29765
26894 16035 716
12944 22224 3168
1056 28549 20429
3442 3235 2970
344 4931 13372
18472 5748 9273
17461 19224 24748
3186 11651 3801
27578 20729 4151
7673 9476 8584
4211 8700 19326
20562 23065 7800
615 12410 13629
17971 7048 26555
26715 18536 8131
5796 20079 22156
567 12601 14401
11499 3660 3592
334 7989 25507
21996 27132 15231
27048 6105 19627
6029 12637 9754
29101 26794 8745
24155 13033 25884
22289 17546 21889
4426 6865 22019
25294 12905 26919
3759 23219 3464
967 10199 17179
15970 27058 17646
6283 6554 19694
29908 16720 10712
2619 10621 79
25548 6611 538
15449 5096 7620
28655 7820 2445
25961 3619 3425
12668 18095 3062
2365 11373 120
13065 8046 20682
12346 16671 26290
13575 6486 27101
22371 21238 8248
12089 28804 5385
21541 6457 12674
19682 17787 28904
8998 7709 10054
6951 20074 29134
16370 1377 26644
25361 18294 17622
6657 20876 3104
27656 3924 2425
6579 18036 17139
7976 29763 8724
27839 1600 10666
20034 13460 18076
1303 25885 16780
14803 4299 5358
11079 7278 3488
13666 4347 21867
15679 727 969
11082 7067 18338
23807 15583 827
15513 23590 15594
11002 1135 21791
20878 26281 28130
4284 23521 8425
19454 4496 28272
28129 27878 20050
17934 24699 20419
4495 22907 12718
6419 24824 22674
12559 27112 18587
26176 3396 3851
5520 25203 19651
16392 25836 20547
17819 26210 18360
10651 23092 24896
19027 14721 28637
18865 17990 24562
15259 18699 34
1429 21576 14881
8036 24766 9820
10432 24033 9220
24192 23361 9690
16283 16427 26117
25358 17182 6847
27771 11187 8653
29007 830 8570
26304 17693 16793
7750 20568 19818
29973 7794 18002
881 16871 16284
24827 29603 3031
26709 22905 7147
24866 18281 13930
14212 7626 9917
3481 10171 14099
8439 14735 17099
15668 25842 18680
24164 22562 26743
26365 24560 9556
22712 22218 17858
16249 29473 4200
22795 6485 28408
23979 10390 26789
4457 25454 17671
26486 4461 17110
515 8166 20848
24388 7464 3852
5528 7082 25121
14594 3241 21525
15855 6957 28146
13468 8249 8701
25750 27207 29712
3293 11789 27847
4509 5734 2809
17429 27629 26703
12869 28780 12656
28501 16063 9635
18921 4444 25563
4357 12710 24825
23953 13180 7857
6144 6132 14558
8605 9187 4350
18533 3215 14379
17039 8434 2702
17337 16237 22679
27832 3350 3544
20623 26857 4621
5026 20348 2653
2790 21347 4421
5473 2943 15340
735 18909 28744
29104 11075 23964
7256 3289 22641
25728 7719 947
6874 23609 15505
7049 13991 10330
27322 24887 16861
18859 7077 28037
17168 7951 11846
26779 13961 10335
24514 14433 6543
20403 27904 12374
12524 16476 4157
25292 5232 21170
16041 15437 19815
14601 11714 21692
1107 28587 274
25539 7991 647
29345 7858 14551
11165 20263 19479
13968 18815 21073
21579 28938 26973
3714 4939 7769
16539 18764 11499
7770 167 8015
27282 15446 20463
22856 21874 15415
12149 9275 5500
20151 384 5757
21875 3333 2282
13350 13323 18031
11967 25016 22486
4702 26442 7695
4789 27218 2804
27862 10362 19543
7258 28566 2567
6550 24731 23817
270 18383 17374
4400 17830 24785
13689 23162 2701
16233 1304 13462
29650 14005 15174
3429 11312 2909
5565 1565 25798
12514 7185 27003
18928 19087 294
23114 22628 3808
21135 13585 24351
8866 7791 17046
16957 29858 3206
20001 28979 29750
7447 4364 14526
5736 11175 8231
16102 18279 22409
23368 26201 3133
9445 1043 24919
19065 29103 15390
22428 18164 13690
8111 29224 29144
28466 5105 16278
7242 7082 25944
4002 27178 323
26739 25573 28896
8830 23657 24193
7335 14626 11627
7397 7049 7038
28030 864 26578
3796 6664 19373
8023 26023 16163
23863 14203 27170
22588 2994 15205
28923 21599 11631
26318 6210 18898
5149 314 23893
509 6555 2101
3553 10789 7279
17334 3237 6222
12377 4266 24545
9064 28561 21207
18315 23931 5950
25263 13700 10615
2357 3887 5532
8247 18249 5387
24715 14526 25217
24152 22151 9243
4052 14636 29773
15681 25755 295
27017 10169 28231
2581 20256 26770
9693 21770 11685
24834 29411 28948
25276 18252 5770
26122 21208 28503
1613 53 25929
19729 160 21160
26961 14129 17454
19659 25395 20553
10820 9609 22020
7632 26588 17954
15686 17867 9899
1953 10750 14765
2283 5151 4809
28952 20842 5271
27076 19422 20468
20601 20804 21763
10537 18721 6366
7329 4207 12156
27458 16417 10821
9866 12268 29347
7916 28816 20265
19824 24375 5955
12329 16256 27227
23450 17783 6493
9191 22282 10270
20456 24193 21014
19548 15453 9143
28062 23683 4741
2223 5894 27977
6541 19021 5644
7766 8372 13889
8867 1058 11126
2738 19050 25364
20614 3799 29007
129 6783 22123
14751 11308 25595
14813 3612 3067
11768 4297 24761
2387 15914 9059
18084 26577 4441
20211 9631 29148
13524 6140 25493
18083 29895 15865
6521 18922 29768
25015 27359 25756
16477 7216 21007
1415 16300 8125
2850 27345 16840
5508 662 24764
4560 6204 23393
1299 4021 15157
17699 2668 19673
27764 7290 26860
4949 3887 18811
29199 11789 24061
22289 25285 24151
8255 4980 14716
9667 23972 25512
2529 20913 16190
8877 26363 2557
9483 3612 17793
25293 29032 418
14116 21395 24846
12844 17838 28364
26181 16698 14891
11409 19332 18075
19306 3125 18064
24803 25329 433
18086 4507 17304
21126 25144 11731
28527 24110 12075
7214 22214 22028
16631 21302 22112
14925 1966 8655
27407 1258 23864
28423 17926 15096
17283 171 15325
853 14464 1318
12437 21867 26127
8348 14131 14759
8238 16463 15825
13937 9703 1172
15792 21560 27017
9162 29121 27734
24092 19108 5655
27988 21259 15823
1087 23307 29737
1482 6353 450
4895 23189 9796
26903 4399 26502
23366 6011 25092
17413 28359 10859
20443 2889 19958
5055 23286 15948
19635 29008 20797
27242 7386 19934
21403 23455 3175
19211 18365 13387
18400 8472 21967
22781 18433 19496
11078 21145 23364
9200 15089 9629
8312 1845 22042
21139 6458 20575
5554 26534 20974
16276 21827 15300
12709 1070 5658
11173 11292 21200
29144 10570 28087
1393 13782 16924
27009 28192 24869
6614 21149 1095
20467 22073 11714
11247 1001 9115
10106 848 16939
8396 13914 11808
19891 9854 21400
25909 4064 1997
14158 22490 15623
3283 19777 13180
12922 2827 24085
28071 4323 24264
5830 13024 696
10360 2900 27296
5190 25827 9751
5935 8998 11876
3535 11945 3190
8899 3958 20125
3570 4832 24140
23407 25771 11443
20556 16891 11850
25442 13903 6089
3621 17217 4632
22491 26832 20868
18395 12218 5155
1739 10900 25322
15549 25476 28894
861 29905 4844
24895 8535 6207
2370 7185 12465
16233 18312 5687
28121 248 7124
29031 10171 20768
3580 24826 16016
15655 11402 16061
12696 25901 7167
22366 16971 27069
11700 29845 27307
18593 9226 11905
14945 12658 10805
9723 8419 29717
12344 19973 16830
11458 9372 25092
13500 21952 26437
13810 28279 21881
20141 27311 3873
18301 13492 7699
9111 16313 15063
13848 18682 2967
11210 20559 4821
18960 23659 4050
16498 12811 27420
13629 11164 12625
20924 11329 5431
6324 27054 16866
6468 25695 29655
324 5525 1730
10967 19381 5032
28071 11653 18183
5940 14441 17978
24877 2396 10505
27478 2137 26872
6004 7936 1650
24307 9270 19572
1916 6456 9443
2588 937 9984
22601 3079 6935
26524 344 24802
29078 18528 19993
6544 25410 145
6919 3640 12736
20063 6800 24661
5588 7357 20658
23562 28171 12133
17540 4624 4069
3778 5150 961
14864 24194 18702
15724 13994 26586
1292 4293 24973
5072 1116 18706
9192 14956 16515
20930 20053 1243
25974 4789 19303
19219 12080 1997
114 5383 3812
10637 11029 6134
11491 17910 12898
11417 24622 8932
29002 24191 16754
11845 28872 1359
12554 22434 9899
24428 28809 8340
16507 3718 27273
18981 22243 28652
10723 14486 13213
15941 12990 15438
11422 23982 12110
2846 19701 23040
22692 15406 8497
24601 15543 17807
23464 27377 10875
8075 3460 15175
20358 25007 19451
8534 19389 4563
5201 15583 22547
21322 29109 19013
10432 8424 6507
18779 27596 24667
27329 8967 28381
7507 27154 3182
5136 7465 29703
19260 3815 23054
2013 15043 19198
25976 3236 3258
18791 7412 26396
6198 22192 18144
15600 18898 14136
4473 10850 27759
8476 29941 4615
2903 27772 11109
22030 12818 22260
9860 5775 25429
9937 23527 17019
3951 16655 10053
17445 18767 19967
1035 14446 20737
11762 15384 7285
25744 5955 10248
4249 8128 28856
17298 26259 28786
11745 14603 26668
7270 18492 9173
3540 28053 18958
3362 13303 19007
18012 29582 5253
16177 27441 27357
24657 11423 8132
13068 15723 9919
18476 11335 11852
23583 24283 4130
899 19312 3928
18557 17891 9568
11798 23657 20248
20973 13258 20403
24054 11329 14156
8582 23012 15955
22839 10405 3653
26628 15772 1137
7555 29052 27860
22228 6373 8661
21101 21614 16108
28780 7358 13017
20288 9062 16210
24337 3794 8885
23980 24898 1256
18111 21731 10718
10876 8513 11582
24933 9832 21718
11015 13746 15136
14318 13367 16359
20265 643 21605
4197 9237 25941
16799 27969 11883
6527 17324 6103
8238 6154 11962
29667 13644 26965
1606 402 1626
11218 28461 13651
10044 19212 18243
15146 17756 20132
8526 8134 5694
13043 28399 18089
15777 2371 22771
12983 29760 11912
2910 1804 24857
2107 4023 3892
9125 19876 25235
5608 4984 6418
2348 3492 5981
5966 16264 14417
28901 24154 6043
15127 2657 9844
443 19868 27916
26690 26729 21132
14772 20127 19329
14235 22049 3897
21715 7104 29052
18193 9167 14267
6629 721 25377
23572 4067 25629
22155 13615 5764
4364 11027 217
4212 3778 6476
10619 23331 23944
17949 22412 18146
9306 21532 2740
26891 2436 29417
7187 12732 22471
2253 5655 23092
2917 28512 27168
11942 11246 13744
11923 6240 14251
7771 24174 29005
29526 6265 25632
18991 1640 16792
18149 14918 724
27212 12081 1002
17234 6043 27858
18163 10298 1076
9665 23481 23039
6223 18079 20024
11093 18120 7109
27281 199 29301
5257 26685 21475
22135 8268 15081
26847 8993 3628
17256 3834 28123
29648 29193 12921
15219 24922 21619
3372 18910 16510
16746 17371 9577
9869 2675 21531
25516 17944 1177
14402 12869 5372
29274 20635 702
5017 20708 9658
14327 2398 16617
3529 29496 26552
17005 6180 12805
3987 29602 23733
26665 3319 26769
5949 1089 5961
563 181 10963
27518 13345 4392
13023 12256 8798
14062 9143 14472
23091 2593 28284
26973 21457 5555
14066 24399 3721
13735 24494 20074
3366 2446 22381
9924 17153 28135
23710 4280 1828
16976 14884 8435
12814 8636 7007
10518 2839 20989
20512 18657 23739
5933 14867 23957
8128 6128 20498
8195 18809 24359
863 7947 12450
10714 14433 19170
25680 17817 27031
9932 4206 7795
9052 8914 14488
7339 10882 25004
20099 23721 7978
3744 12860 9416
29737 17290 22481
9951 25502 24434
15910 936 16053
23555 25183 24617
8631 27893 18610
24720 9162 27586
1581 25567 29489
18346 26251 14077
4872 27272 28152
1146 3328 11076
509 1375 24484
1565 29719 675
7002 805 28305
10610 4425 6314
25292 20033 26829
24800 29348 21684
4828 5933 17082
28528 7882 6337
18015 19623 20136
24292 8968 25355
28768 10481 12994
27490 6980 1250
10623 639 7735
27658 27231 6037
28466 23279 27457
18325 26090 26897
22327 2359 15726
19806 15651 13146
8247 21548 6244
10188 15639 15000
22018 19629 5082
26162 1064 7322
21541 25076 20663
15021 17356 6780
9759 29163 607
17756 21767 15099
10489 6186 6412
8891 28778 485
27608 13251 29929
13812 14335 21498
6155 9394 20189
17761 27714 29328
28172 17028 13974
6357 18194 27034
18750 12118 2719
20591 28287 2566
10951 6585 26316
24479 7194 45
29026 21737 26382
12683 10537 18446
7171 4940 13373
6069 13365 27046
2910 29975 11530
20927 21361 20574
24147 16901 22179
24009 21689 4075
25731 10214 3852
4220 7390 2674
1131 2118 23667
3608 11410 13053
9316 12991 438
21390 11432 12965
6565 4401 8112
5809 14485 24605
19947 14412 4765
12640 25915 4074
8353 18610 5087
23399 26713 28372
21282 23921 230
8988 4463 7127
28895 14671 8437
29133 23012 20352
12600 19742 23625
90 15806 4907
16411 17263 7154
3655 24482 20718
20003 15670 22004
5481 17106 22749
22280 19342 2148
1049 14477 5463
3106 22319 7500
29305 17455 8543
14898 19212 16570
14101 17965 20640
17647 18314 7997
25518 16521 1052
21990 12556 14400
17433 20393 1896
16689 28343 28870
21201 14091 22493
23599 26085 11791
8930 9267 27410
17908 26127 17040
29565 26975 926
27777 23761 7299
17204 1957 16525
6511 8848 26490
13647 29134 9774
11806 6810 27671
7108 12689 25731
29806 4754 11041
22046 21388 12540
6282 20686 21820
4009 17218 18947
8549 28688 14605
2535 8308 28401
16690 20417 25675
7113 25085 291
9112 9253 3561
26459 520 20229
2872 17003 526
22635 14237 1093
17481 13544 9638
16613 3067 23657
26926 6817 9681
29814 9411 14248
1658 27874 22834
28442 25295 9749
21809 24324 2765
10759 25677 23062
14746 5791 8811
9563 13017 6535
1386 495 7057
22293 7881 14766
8457 12523 27876
523 14090 11399
4845 23607 21768
18801 4562 10058
9024 17020 607
17296 2096 8425
23398 28817 17576
16541 28170 3923
8992 9930 20438
10158 21486 10636
20150 6693 9848
26777 8872 5389
2038 15956 7588
15246 15980 11100
28164 9582 9694
22426 20922 26396
28676 21735 15058
20951 20510 9101
18677 27381 26339
28160 29467 24590
18009 12717 162
5544 5511 15799
16741 5769 458
17468 26264 15132
22073 3914 8541
13898 13241 21179
2449 6010 29366
28690 12269 16795
15441 14669 29467
13574 11082 12611
9597 18807 29363
16376 26948 20795
26705 21618 8263
1503 7788 12582
20474 1341 10696
8083 23463 13211
26459 18490 2840
24331 15397 3381
2677 1302 309
11152 18238 29788
29992 9627 13088
11136 18315 10588
12871 10801 4925
14916 5920 27827
259 27310 6957
19815 24867 17190
29291 10139 24085
24516 781 28184
14627 22586 27189
17286 13509 24809
11797 28541 24454
5527 2323 2658
17252 15083 5194
15608 23547 2938
25772 6708 17917
11391 24098 7983
17263 2471 1590
25826 12349 27074
9237 15262 14844
6543 10458 12452
15440 7343 852
4520 28398 2317
23244 10441 9383
1174 3948 14872
17931 25002 11659
14396 13269 6955
14142 13598 27921
3969 12445 26047
21634 22392 7539
5167 16957 1040
9598 2353 4766
12508 2905 1953
3317 5166 23807
19542 2491 17722
2549 14619 24867
23703 4163 28900
13369 1699 11852
22519 8156 19287
25640 2891 25406
15726 29433 18774
24966 4361 6108
21731 8577 18678
2173 25526 23067
17339 18906 26681
21635 7376 27825
24230 29321 21509
14266 8651 4236
29629 7395 11767
11138 15441 18853
21155 8893 29364
18651 26197 19108
16790 2909 13178
18255 27640 7902
13831 12996 13442
22342 25115 8231
22390 24237 17334
27231 12504 4996
11028 29382 27320
15185 28299 18716
1418 3430 26904
6059 25536 14132
20583 12642 16962
16092 11001 25936
26771 20876 17680
18376 25057 13011
22887 675 796
5994 26662 13823
28232 5481 18668
19896 18163 20242
29816 15633 10276
14194 27970 21441
18703 6420 3017
17939 27847 852
25550 15607 18881
29245 14193 1588
12894 28882 7515
4005 13061 14593
3227 27600 5936
1536 26776 26221
25630 7473 22831
29475 1545 11606
28869 28096 19046
21158 28461 21659
6770 2865 17296
6112 23137 6034
7760 17743 23253
29831 2947 18526
19665 19372 12594
14912 6643 3141
9750 27622 16761
25657 103 6057
21648 28911 17527
27431 18749 12411
3134 26527 22174
8405 23780 20177
5410 2258 5248
10966 24106 11686
2341 7543 17330
15637 6988 20057
10219 21182 29616
1146 1931 18955
13490 23219 26094
17384 10654 24697
685 29853 21827
22066 22177 11595
7302 19413 3194
26948 15369 25694
5377 15844 884
17487 17493 20504
14229 20640 6603
15628 13101 6737
12588 9533 14400
22080 962 12658
12086 19305 27689
28047 8701 4781
19893 26962 14457
26111 18154 18118
19977 10448 9716
19041 14497 27588
12123 4457 28805
4624 18290 28438
17041 3002 28245
7015 16227 4431
20273 13583 22503
15213 10755 25804
17962 23321 14110
13522 10608 7347
28757 15371 26556
12211 22742 25677
15272 12726 11067
23827 25656 24024
26419 11749 1069
23542 15668 3043
1424 1419 21981
4642 22577 6505
20447 7153 18248
17803 24663 11327
1180 14353 4521
5716 22100 28777
27858 12720 20446
27051 26237 12862
14780 12352 16600
5654 8847 1525
25256 24225 4223
22639 5758 1237
28729 29539 8019
10766 2136 22913
18251 2984 14464
1449 21847 4747
11583 10021 27425
6576 7000 27820
15298 25135 2936
19322 29851 17409
25019 1222 12960
26829 16940 14378
25827 24366 10518
4472 10268 13094
11110 26958 8733
62 9793 11297
27706 17990 17231
6601 858 17565
3947 20630 26746
24231 18982 26395
21704 6872 13175
9825 11588 26004
19057 5224 25034
28983 1022 16192
22679 17421 25420
9173 28284 22093
8528 28697 11865
10994 19796 7214
140 24889 21266
19008 10755 27835
6815 10325 14936
16831 2138 24375
9806 14525 21729
4568 25607 7457
6131 4801 7591
21053 14802 14158
5477 15594 9632
5686 7196 20697
16170 28370 25663
3113 12156 18175
15928 10341 26892
10169 7524 10975
5585 23230 16373
14423 804 20116
22447 13331 19296
2525 28191 22541
11486 28338 5307
26484 2163 15806
6308 16455 3345
22453 5553 17793
4829 26194 29788
9755 4160 19490
12326 12762 25130
8843 372 3218
5517 27175 2684
21470 22315 27871
7864 18279 6863
25750 2419 25829
15560 18367 15744
9923 6008 26596
19864 25778 3430
2042 24333 27784
21640 7206 7970
8415 16871 4553
12461 1179 16313
28200 3027 3900
29819 8231 20794
12745 6695 29896
27168 16340 7328
5095 3318 6968
2522 22938 15597
15286 20300 8369
29222 881 3904
8185 2564 2148
18881 1351 17037
19654 1095 29036
26954 14864 10733
12425 15879 11336
8583 2450 28055
28199 18961 15443
9918 4698 19058
12333 12605 15977
11826 15442 8186
12777 17341 26678
4455 7707 23266
26195 6269 17748
27370 8206 21252
27134 21072 8546
29346 10070 26898
16551 2538 28544
15215 12002 25287
13830 21329 16305
8355 16349 24354
19948 2930 6504
29251 18299 5036
2138 3155 6444
26351 12302 29643
8331 796 1467
18357 8864 27733
9669 22835 25524
14497 26708 7071
28559 11853 24494
29017 3584 9010
22621 20786 24846
28042 13241 23853
25261 16492 26994
702 28820 15560
15278 12619 20132
7025 28373 19543
26218 3645 9634
23865 6514 29445
4116 29018 15690
26562 23589 7706
27087 17334 445
28746 22776 2673
18167 13026 10496
25164 24928 11606
12508 17877 20278
25672 2219 10928
7409 2711 5559
28290 22325 25474
14077 16851 9514
29623 17128 8368
19290 504 27781
5035 3586 13985
9568 26839 20310
20481 14302 29758
4992 15988 2075
156 6258 14107
5940 13694 18823
8736 8533 6363
5325 2327 3773
12885 16569 12311
22694 18436 24989
12035 1591 28590
20570 19714 26974
5550 4772 8779
20439 1821 13997
12040 760 14990
17284 24756 12120
28037 15337 8447
21493 9473 8336
13477 15020 24153
24103 29106 9487
25326 8206 7277
13566 11946 17183
10107 2100 21584
11799 16242 6967
22044 5820 12975
7524 25214 16341
27103 15482 18699
25400 20475 1201
23794 16643 9488
1871 16010 17476
18684 26862 14108
3234 4246 25218
28804 5257 7470
9999 1703 26387
15884 28651 24219
22958 2387 6290
20092 12457 19205
16017 12269 29194
25527 19786 2365
8254 2216 14253
21981 5476 1543
9429 15102 22883
9099 8144 20913
15245 10099 2925
25081 18461 25844
6524 13257 8828
14884 9925 1480
11669 24874 862
9606 28300 24001
871 21901 25915
15021 9763 7515
2117 16421 11329
2409 15138 17541
28190 23527 8985
25691 4805 17051
22816 28300 14106
25225 6353 11414
9101 15535 7995
2539 7994 16955
16095 22042 12503
28452 15199 7524
21806 29005 6205
8739 16329 25800
20863 6393 2710
10665 2662 27212
7587 7066 19179
9605 20342 10743
12057 10723 12927
23536 26842 8838
28938 9160 23737
4539 29898 26079
6298 23320 12990
19607 12003 21348
14173 21376 26966
20091 27003 12244
7516 18358 27109
19785 2381 12772
26232 27204 26440
6694 4788 8840
3364 23259 3947
15894 9973 22275
17449 190 11824
22663 26747 19879
20599 11524 7964
9666 4494 15115
5563 13095 8924
12295 8558 20872
11714 2239 12746
4253 25224 17561
2779 4232 65
11129 26522 24219
3088 23823 24538
17736 27286 4788
23418 23182 23868
18373 16438 26391
16477 24488 15148
24961 10873 7131
10967 26884 18271
14360 5657 10344
6528 628 5725
492 6244 4761
17765 20311 2205
23332 10142 14036
18454 22147 26805
26566 2836 11154
643 5341 29902
11756 2729 19873
3343 12692 21455
25450 21433 19359
20071 19967 12427
15245 28559 19482
13965 255 19532
26007 229 3811
25750 12525 18731
5991 21790 17608
15848 336 5829
26972 12209 8447
9238 17362 11181
28936 7305 20259
12473 28155 25523
27385 2164 15867
7416 5521 3984
7509 8486 24399
9627 9818 7560
23319 19611 18199
10966 5238 26334
23264 7031 21157
26780 8607 23837
24211 22452 10042
3696 18235 12664
2954 4313 8190
12679 29726 20123
6820 113 12713
3819 6031 19919
756 24536 46
8503 14560 25966
28578 23696 29601
26552 4166 767
17650 13810 23720
26191 16832 29346
5940 16326 20316
23227 15834 879
16402 6479 22104
23022 13103 14250
23943 13549 17111
5160 15618 670
19728 581 27671
15626 24728 4255
11436 10425 20285
18538 18984 25943
15656 24941 8456
16862 14017 7875
16415 3520 12506
15266 16042 24131
1562 25836 28023
2129 10304 15748
3804 9477 4417
23359 2190 15845
29739 11484 24189
28935 2124 3194
18476 29554 21189
13282 3518 3517
10421 1958 20939
16527 6918 8437
2225 6071 24121
18670 19768 6523
19661 9426 26155
13128 13853 6639
14867 12303 52
11277 18790 23491
1854 29626 5412
7530 2788 19409
23930 17692 22640
24871 339 15073
7134 7463 23022
8925 21198 22130
23154 1522 3584
3097 13803 22247
20152 17147 14723
25727 10507 8593
22398 12610 23871
3241 19127 15112
16627 15518 28394
24934 19493 4323
25841 10066 4563
9828 2430 16113
23887 16003 16557
21939 26916 7037
11302 21901 1935
21361 2247 8288
24685 23239 27003
10948 27592 20966
29317 18151 11868
3617 25062 19952
713 4334 1256
29858 6375 13344
21291 11686 15496
19893 227 29143
3429 6857 24202
28741 13762 23677
23579 25003 12737
12191 18994 25368
13592 4195 17033
2876 14809 9252
23983 18123 17290
26062 23126 26638
12149 26723 22350
5891 7896 24071
18819 1882 27246
17756 22205 13664
4310 21753 20710
26582 25189 19904
14130 18685 17449
25886 11035 20142
8523 16069 25918
7741 3505 23857
11699 29936 15918
1730 4967 19809
24766 26948 1595
7384 25189 14666
19676 25027 7557
25700 27761 19262
24924 21209 26540
1823 18579 1898
9092 28328 27266
13712 21970 8365
9831 11057 5647
20805 21240 16028
18243 13152 7653
5495 25294 27559
7005 16313 27099
12662 2531 14926
14024 18405 28602
22479 20739 6887
16909 21340 2422
6079 10682 4435
19444 19909 19482
28964 277 11313
13741 20199 3757
9606 20114 8367
17002 16811 14051
22803 24181 18861
10216 10008 24043
19591 8544 25442
28940 13580 15856
9497 25125 3334
6417 21693 16103
21734 23436 28250
16820 26398 911
12361 18896 27779
4149 27792 11208
14199 29817 24911
29639 7896 135
28861 21676 23711
26192 14356 24178
17890 14874 23840
26807 11341 13711
13941 24392 27274
9051 25202 1749
2790 1537 22401
23871 304 16532
13001 6845 5759
310 7794 13876
10505 23191 15540
19274 26964 8968
21606 27454 23982
389 6473 3889
16643 7415 27851
896 28156 4310
17894 10937 11286
9388 19648 1349
1543 17146 4046
28977 14313 18528
15543 20977 5123
3568 18415 23085
28540 10859 8883
15758 10094 25480
7 5919 12775
24539 14009 1055
21094 13214 1236
9855 8529 4747
22150 10329 28723
18581 7153 16479
12724 19611 26954
17722 9761 24937
25022 2225 21009
6939 7976 12605
22713 8817 17143
5608 26421 563
27437 17359 3460
19082 25897 3139
8159 3119 16455
3432 8825 11022
11278 28286 6081
25887 7102 14698
17060 17562 14726
29493 9985 28677
21418 11622 23045
8319 3166 25885
13214 553 337
16568 4398 4698
7636 2701 22202
3205 21306 24545
28001 1700 13140
5320 14573 19919
7750 26575 22340
10542 18684 15601
9657 1928 7632
21773 24038 2313
17196 15332 152
20413 13849 13622
10004 276 1036
21478 11036 3367
18141 12032 22285
13158 26787 8386
29287 16412 13069
15925 28812 28120
24191 845 22034
6969 4425 5921
20661 1555 9242
16556 2394 10479
12761 21043 26419
21734 26853 19661
26656 24245 3159
18636 26557 15594
4850 11058 13319
1071 25856 21490
18013 9641 6485
13418 11669 8661
22178 17101 7616
8995 2667 5290
8741 13875 29587
23127 17097 26865
29304 27294 7190
5035 19204 2763
10156 18755 13313
28864 12067 14839
18552 23315 15867
17874 21752 20505
24972 22288 28637
17042 25978 13560
26432 27770 3879
5420 27450 9064
2235 12717 3755
9296 18701 3286
18786 11995 9220
27983 3600 22670
4492 28791 12194
15709 17943 21711
8011 13690 9536
22742 15340 14561
8594 19822 17915
15704 12489 12198
27408 14251 25505
21998 13384 29127
27336 15217 22064
6797 3215 314
13256 7074 729
12329 21472 18417
26180 10139 15529
16827 16397 8152
23623 8366 20323
7812 26305 17328
5018 26430 24668
15951 22438 1324
6629 16489 15700
9060 25435 19917
10788 24845 26772
7768 16108 2089
16679 1154 23457
13259 8515 17572
1179 24321 25291
10513 14010 1763
11532 12615 17008
12399 27445 21188
6558 13011 20908
28317 28710 4416
28929 9898 22168
705 26883 24481
10586 15136 24453
16632 29104 19386
12925 203 14653
23160 17835 26124
16677 20450 14412
10480 1084 27209
25380 10936 23172
28122 26827 11056
24435 2615 24810
21308 961 29182
27517 23333 18408
5749 20673 26012
18467 23889 15183
2048 5620 27633
5075 28282 27149
27912 18956 24313
13319 303 24276
15372 10574 15467
7228 27078 10896
22091 11550 2627
24090 16962 15053
22956 25778 6186
5841 8594 25223
19509 9732 19694
15008 3509 17096
24933 8139 3947
26425 22883 9580
3031 26887 24311
2566 29028 16561
3202 4199 11641
18123 2830 10808
3791 16795 16848
2409 6524 21004
26099 28719 2403
5547 29341 4141
10299 1975 10839
12923 26901 22895
20064 21891 11648
8276 9939 25792
18487 27504 12679
18422 7307 14445
117 1591 18151
14057 1476 20073
7594 816 26670
2739 14438 13649
3584 20990 19886
3973 20387 17854
15994 16634 3688
17390 5535 10866
8719 15320 2011
13215 2604 27436
23344 25234 25071
20134 16866 26223
25262 26431 11266
16256 854 8672
14369 28985 4491
2789 27198 17921
29937 13541 28742
23038 13963 5136
13550 12050 23579
13075 4597 15283
6039 7013 18914
11284 16957 11280
8965 28552 29882
10452 22404 18812
2188 19523 11735
10336 29269 14009
4992 22726 22731
24852 2569 4197
19628 15943 7568
1757 1845 15631
5598 4848 9852
456 22692 4497
26244 18483 17595
3668 3376 7485
16837 15001 15681
24920 14906 3938
6473 258 8977
9543 15058 20181
7917 8126 9191
29426 25933 25581
4268 27581 8723
4076 29485 21045
11937 10768 23759
4182 25947 894
12234 12136 23635
207 16428 14218
20555 29458 21196
22027 15442 14553
3754 8535 24553
25199 21995 20006
3658 1874 1942
18157 18262 26128
6597 7714 11861
20110 17446 2245
9365 7706 5955
1707 24778 18421
20268 26045 17863
14710 29401 19386
11231 2898 10475
8479 20489 11134
15119 15518 2758
12975 9392 28775
2126 15860 18899
20761 11210 15945
20130 19129 15829
15037 8920 20867
16856 26166 17041
17669 13622 3422
11005 1241 16409
29800 2368 22262
1510 3500 11174
21599 8511 24999
14151 25647 7840
22620 19196 19764
4168 29439 5270
3961 9681 16949
24706 18968 13667
15599 19480 15940
15615 2447 7227
19671 23063 3814
2367 12919 25285
14309 19511 4940
15595 1855 18550
22210 10587 16391
25236 12153 1794
26715 1249 18513
22874 28736 6544
15772 21743 18641
4350 6052 2187
21225 13870 16583
23600 26379 16110
5435 17017 6783
1 13861 12508
28345 8501 7567
7357 24740 25073
29178 16432 27429
17067 11395 13718
298 20715 21566
21358 3526 5717
18432 20650 21256
3501 19199 6615
11415 21439 13192
14604 13739 12755
6345 3374 22485
25383 26980 18874
15485 7603 22357
13871 18298 14185
21397 25444 13858
28992 925 5453
19687 27499 25106
10738 10666 13288
19225 5883 12196
14170 12179 7731
3751 13217 26445
29658 11439 22102
15890 14361 13642
16530 6029 7841
16395 17888 10593
6442 24376 2392
15129 8081 15788
20088 28552 26074
20780 24512 28477
29024 3850 5514
4335 24351 14784
23191 17219 18189
23710 18401 12823
24616 510 1729
23924 538 2163
16707 26092 20498
22147 9103 8970
20655 26614 2774
2314 1013 7441
21615 3672 2855
11337 27555 27636
21813 22938 12844
24369 9247 23105
19357 2301 759
887 16924 23603
13490 20657 22068
876 16297 25131
7785 27496 22588
13398 19505 8953
15168 16541 28419
6212 535 13773
10652 18674 15175
9500 18018 1176
2073 19147 17312
21985 22108 6128
23397 8583 4634
5638 5093 11842
14284 6324 17089
18926 8480 5790
3109 5863 22001
28183 9760 10067
8765 9453 907
26462 5425 6546
14399 5726 8535
2687 9699 18037
4360 6299 11760
18542 24515 9412
996 7382 29196
9145 25119 28849
6562 313 25348
25973 21344 7116
12451 1322 27079
7146 17570 7914
3930 26428 8145
16174 7559 21070
23615 1499 10788
5290 7514 6477
16460 16603 24634
5473 18453 12911
18857 26130 7975
3797 21790 12837
21161 11894 23482
15885 17488 1262
15508 3216 9390
28495 23425 24827
6850 28077 4545
10145 20592 19379
16103 29484 7456
26829 4322 1134
18828 12962 28704
9819 7844 6782
20695 26499 14970
4849 14005 15990
19172 10984 2324
18294 18915 20738
24085 5004 29246
7061 24206 16622
29203 14396 1805
17270 25981 13158
16817 20879 5519
1726 2735 27553
4060 5477 13548
25664 9197 19288
19790 28326 4031
22578 2976 14518
12347 25682 6402
6081 24481 4836
15569 17624 1748
15828 24454 19572
12292 387 606
22047 9634 23714
25080 8223 9568
12491 24835 27853
11935 22170 19008
23652 11746 9264
24176 13643 15316
9059 15134 3039
8413 12086 940
26558 21413 14376
25570 12017 9511
20276 22843 774
19983 14490 26906
14676 23861 4557
18606 13990 25626
7799 16392 7665
20995 17212 2540
2021 17595 23534
16162 20934 27737
100 23123 28186
2685 28280 22059
9861 7075 22123
16889 13824 9887
25876 22717 2640
2078 29426 3800
17712 18896 11633
27878 1184 15447
5471 25623 25712
27991 26156 14136
15696 9080 563
22209 8300 12645
27844 11245 12035
10628 29212 29041
11961 5061 11304
25104 5746 11266
9648 2308 3482
15216 5079 27083
4084 11472 29956
8626 9004 16948
17759 26214 4812
5493 17361 10830
23579 28674 12718
26167 15254 9152
17640 23807 12748
25924 7551 664
4085 10061 15439
19152 5191 15030
21150 2360 19507
7476 12792 22651
27561 2791 8331
4809 20087 5258
28885 27477 25802
19477 7816 27345
2162 10832 14467
23304 9588 7464
27059 29967 5362
1433 22835 26153
10347 831 11149
29256 10297 27227
11191 29646 9992
27217 28595 8934
25148 20480 3001
16435 15948 2139
27059 26209 20972
22342 1562 28904
20513 25325 23813
9572 22790 27371
29879 26968 6396
29109 7687 2358
5745 13350 17224
8726 11603 19807
2632 23600 28776
1745 28675 7313
25937 25558 26101
29336 14365 7492
9473 5110 18229
88 22061 14278
14109 1328 5943
8194 27457 14195
25605 6781 7948
13632 20218 14775
26177 1116 17514
13273 25294 25860
18578 26778 6069
2175 949 1893
23891 26681 29400
25160 20164 14783
16582 16101 13397
10281 13850 8486
3307 24999 27642
1129 3945 24412
3682 13639 27813
11532 3281 10704
28635 29532 9370
11440 5788 9327
8509 8280 12275
26569 13008 14583
27878 24449 21675
10751 3763 4303
15935 25748 7360
7739 12165 2814
15529 5426 15811
28999 4291 11201
2912 28023 15562
3525 3831 27921
20184 29862 16731
27570 15559 14328
20451 29642 6438
28899 987 6495
29699 24685 26370
21050 6470 19844
17932 19829 7523
1535 16440 786
10732 11694 24071
26694 23978 2706
11139 11211 6980
16763 13825 16959
13794 18901 8370
8857 21492 22117
20460 255 13176
1538 8589 26193
25271 10000 29973
24248 12075 23930
13077 17756 6416
19071 712 5400
8069 11514 1378
9953 21578 26679
7835 4104 24665
9021 13614 19184
19221 1149 520
15030 25095 22926
25963 21336 5288
2010 6785 8149
1620 16849 14435
13012 766 8041
19339 21980 19295
10828 24518 22809
24161 28252 7944
6961 12233 7390
19361 26171 8902
13511 6756 14545
2750 29879 18420
22786 24663 6774
9990 5416 25882
9052 23026 11345
11448 12780 9242
28271 2246 27723
12203 13029 18781
11093 21705 25083
25169 11155 19204
4762 28617 4776
24552 26502 3462
13998 6600 9311
6509 31 12352
24694 26023 27071
12968 22843 3558
28095 27269 4907
10984 12749 18488
5278 1010 24327
27838 23506 11655
5519 7214 17446
6902 11168 1467
13841 17873 9754
10218 4746 13670
16089 26416 27389
3351 6326 8707
22133 25860 2904
28823 21881 19706
26030 7134 26084
6569 1347 21637
1029 7917 22060
13668 24560 29628
27619 108 3575
17015 2444 26393
25923 12309 771
6665 26091 6752
13447 17014 20369
10214 22076 7841
5176 6233 22329
8733 24749 20824
11942 21547 29524
16978 180 17106
13902 9288 20557
22595 1974 12247
3382 26796 1904
28778 4908 7182
18761 18018 13664
28192 12603 4851
13765 28588 6810
26438 24384 12764
29502 4379 20559
25515 23048 24893
25470 14208 14932
16174 2443 17845
17881 6756 25635
29347 5857 25254
17209 3179 1506
12999 29492 670
5020 10868 14148
27006 27188 26440
13828 20142 25130
17077 22169 14837
1699 29067 28619
22443 21207 29004
3155 22056 15761
9052 7345 7478
8152 22296 27125
7033 175 1655
4047 7572 16802
27851 2574 1830
13376 21261 6290
8295 25338 9252
20653 20830 22760
15090 10271 3952
15537 10505 3148
20815 369 21913
8815 18330 26969
25619 1863 24643
28773 437 6695
22804 6118 6577
13323 207 27768
12364 27753 15970
6985 27692 6786
11480 17678 14153
8129 24488 4685
11606 7258 5833
23970 16151 11742
16118 27672 22441
2412 6087 13063
15385 24832 16146
5306 6407 7652
3534 20956 6281
13362 18478 4624
8767 4187 9037
24437 3454 22723
29468 20097 4642
5831 180 16950
2842 1213 10263
13879 22868 718
13709 18635 22272
1510 23027 29438
12546 1502 27014
8589 26768 4705
21593 22742 26825
9824 12229 14970
12470 18225 16243
1326 27561 15695
24062 11574 26130
28187 10955 18031
23672 5862 7344
18611 18343 20319
15773 26097 16947
7164 9558 16815
16188 26678 11288
5206 20476 26660
1352 6117 7336
9125 12154 26520
766 4542 11661
4845 4734 7975
642 11041 4175
8825 13198 11236
5872 12977 9457
19529 25132 4003
23661 23718 26040
2156 7744 15205
396 5583 28989
29221 27024 8973
13829 20833 25407
27404 2124 17698
5970 22252 17086
21161 26893 13864
19940 20947 26200
28535 9896 6075
2996 25475 11672
1875 10375 28018
3288 11278 21453
29563 23981 13884
10936 8297 10510
12182 252 13788
2072 25521 8796
2087 28484 27903
19651 18022 11702
20854 16506 21322
17982 2222 22380
11995 6860 4026
21739 24034 8463
4019 16047 15276
18607 10685 9535
12142 6628 14301
11068 1179 15546
3202 19684 2534
24635 315 24154
15549 10466 2999
10662 24445 11584
19166 18714 587
19720 18013 9110
13814 23119 17481
14793 539 21025
23098 2932 15440
4831 19449 10607
24180 12674 10130
22528 5003 23929
19340 14012 4253
26001 11180 684
17818 16605 2492
18002 985 3196
20565 6185 16565
5109 25045 4990
28341 15844 21480
3070 20027 23279
902 22394 28040
29178 4584 6590
2573 16801 2819
23466 4425 11461
14446 13871 10084
8827 13803 10511
6121 8711 8390
15402 25886 7139
10773 26190 4878
6599 20836 28435
11785 15055 6100
27554 20498 10787
19168 23970 681
17901 13682 8792
20890 11619 27080
18125 23860 25061
11272 19567 23215
1705 11736 15749
3402 26893 24885
17295 2589 11347
28640 9747 23270
29453 17293 6039
29754 23327 850
19437 22636 15501
26797 6868 13360
6293 18095 27710
11532 420 4965
330 28357 25176
28335 12683 492
22089 3217 22521
1172 17191 2408
6688 12655 15979
18387 2581 18313
6132 17243 5355
20008 2023 26509
29376 11914 10600
19789 23310 8181
20303 4372 1003
10832 21508 22214
26456 24360 10633
12767 18667 16127
22773 15239 7454
10007 3261 1293
854 3041 28338
27892 6397 7493
23566 6703 20742
13172 7794 24463
4342 8579 20861
5210 21151 29592
1451 99 10013
13804 22267 7309
18436 23907 28082
19111 26714 130
24330 18054 218
19569 14417 22057
8935 20124 25312
7262 25756 7020
19818 23566 10538
3373 9696 1829
24180 15761 27636
8446 9838 14379
9610 25545 10918
25499 19813 23211
25764 17025 25927
17702 18945 9927
24542 4314 10899
26456 26047 5094
21029 23080 15526
2013 21433 14780
25596 27743 29454
5486 20995 28657
9785 200 28171
21600 22452 12099
4645 18268 29963
26722 8435 4849
25789 3398 21645
159 23771 6195
7212 14582 3500
17207 16415 20070
5279 19839 14705
8760 7694 18150
1702 6433 20446
7581 5376 1783
29472 17195 14361
29378 28514 11616
22587 6589 27001
23017 863 24655
21803 7783 5900
28393 26419 27234
23498 3447 3582
19082 6147 5868
1048 28986 2712
25575 8718 735
10862 14617 26359
12465 9745 19916
22477 26568 26900
8330 16461 15540
28965 1752 1950
21425 22363 8410
19436 11229 25180
11342 15822 26727
13173 9848 5543
16111 3618 16151
11781 14145 28712
6676 8679 7290
20976 1089 26628
18883 900 10502
6028 5792 5178
8719 3989 6401
21573 3202 3074
5742 29551 18260
23929 4304 16632
26738 27310 16278
19044 28983 24418
21424 19624 13037
19913 17424 6373
26871 26808 13876
7792 12995 26444
4391 2063 20231
22972 3879 12932
28810 25009 25948
24193 8937 19441
25216 26870 12196
836 25390 25599
8801 2297 17773
28903 2023 21266
25174 28882 3801
27565 28024 17505
29085 8149 29388
21067 2226 17773
2617 20284 14432
3144 28528 3940
20277 26676 27542
26563 3811 22171
8632 5362 24715
10684 15214 8394
22802 160 1605
5474 8444 18960
18474 20162 16675
12429 9806 9509
10269 29336 20569
9288 6995 12684
6980 4144 2332
24860 29271 4848
12039 24163 25488
19620 28052 727
12282 7524 23544
14990 21312 19460
5800 3660 12867
13036 20441 1329
12242 12309 306
2165 6421 2642
18194 1826 8459
23390 20948 12033
9858 20 20135
15454 7788 21382
5968 9184 22782
26761 14566 5005
29922 13048 5539
18276 11942 5429
4793 17417 11076
20907 23026 57
29184 1225 18903
1061 9649 12392
16905 17293 2174
13920 1219 28519
4673 3846 18921
25302 8395 17447
15938 14658 23232
8526 21131 823
21755 25519 20708
15889 3809 27341
19933 26320 19021
24343 5695 26816
21110 15861 23155
27873 8737 21531
4912 8626 21869
1910 15131 10330
2966 8449 29779
16158 11154 7117
28755 14648 15099
25588 25641 2906
13568 433 9787
8899 7900 13214
6793 18994 28196
720 2907 27253
19264 16683 26952
16045 19468 11122
26901 12063 6191
24812 4622 14986
4614 13501 27654
10275 14620 9801
13360 25709 12961
23442 14001 23817
3622 5853 15505
24860 10706 28312
11130 3404 7304
27001 7406 25512
28364 14171 1296
18254 17480 2469
17214 14590 20146
1341 2886 20904
22564 2004 1729
27808 28759 6516
6684 24756 2538
20961 21076 8453
13354 25325 27200
6867 649 19267
26435 11642 15719
29730 9986 2578
7180 21213 28114
1534 701 21344
22368 8822 58
16717 12431 4072
4219 19947 27908
29165 3747 989
1350 11905 17329
7577 27629 18539
16438 24835 21150
7579 6974 4004
24549 23041 8877
26904 25170 1807
21792 14065 27789
9689 21163 8090
9661 23802 6310
29670 7287 5575
9205 5494 11910
15626 19281 25909
25449 21104 7190
959 5209 22301
18833 26225 3174
5477 7752 22174
12064 26873 9032
7465 1502 10246
11443 8126 9850
12565 17746 28978
217 3433 8270
26227 15222 2812
10881 1117 20172
6909 8851 17942
15815 9057 11927
1555 15869 4278
14123 27045 25827
2986 1263 15275
11052 28836 2176
29549 15991 18699
2248 7583 19276
8044 7637 26188
21619 822 20098
21568 12711 4789
8421 23415 7949
23501 24178 12347
18550 12653 21796
7480 14160 5807
8285 24869 2091
14606 5303 20461
19899 3158 24305
8657 13875 7618
25493 1051 22208
25411 15361 16960
3580 20424 7274
14776 6853 17100
12388 16693 1765
7867 11805 20373
3732 5500 4472
16701 1653 8237
15200 18902 9471
6712 9641 8089
7506 17465 8204
29856 10562 11649
16308 13063 15060
18864 26670 4585
1178 8992 21192
13829 29508 23596
5481 19518 16317
24072 29338 6561
24901 9074 5611
11572 22424 25970
957 24439 18727
28518 14922 3636
3056 16574 1809
3595 12264 24078
8005 3229 18991
19844 18458 15182
14663 2483 150
28866 26370 29584
6804 15545 511
8693 24874 19575
19921 27950 13609
1205 21178 20389
13733 7896 14366
13060 14008 12031
17511 7876 19931
10794 23501 10259
6629 8511 4365
28189 8896 25230
13762 22367 26178
20070 25233 7192
16617 26215 14501
24399 2671 23104
1192 1789 28546
11010 19893 11200
18149 22334 28138
9653 4353 23124
22244 27250 10023
11461 24909 20422
24900 25856 911
10448 8154 24917
26904 18522 21966
29412 18942 13592
700 16364 27543
7827 16131 6468
174 10457 27785
3960 29083 26689
1281 6945 13705
273 22667 22084
14559 20028 12327
14261 19930 2001
21101 22245 2815
8404 12260 3521
1813 7092 16596
8993 19330 5372
19733 3750 24600
26177 28186 282
14961 27817 202
25470 14765 6750
24794 28963 6085
15384 23438 17337
11081 17698 10424
16364 18267 24062
12292 22342 6437
7283 12875 19398
28139 8276 11529
2826 12094 20084
17382 14669 4685
28273 10611 28198
7136 21959 27815
28348 13930 25579
21765 27265 28587
23986 8382 23324
1693 17317 22450
430 14653 27032
9748 14187 5379
24747 8012 3146
15058 3376 393
9192 16588 27443
18392 23528 19156
15729 1936 23570
28007 25778 29055
28512 17618 2093
25482 4869 5969
2877 20318 26184
9822 8593 16351
16628 26141 2752
13767 29484 10293
8084 14196 28988
22108 27483 4876
28193 5674 10066
14013 4565 6282
5703 20041 18127
24193 10744 4758
22052 7288 10267
7573 41 6502
20597 17653 15611
11601 20280 780
5093 2596 22616
20387 9753 1349
10665 18776 637
737 29843 22019
13395 6135 22211
21790 16891 25895
27660 25948 24115
3264 10105 20839
12508 24006 4106
16656 14041 4438
21047 23913 9886
2955 2643 24289
497 26910 29332
4180 17623 15386
16030 22797 20004
12810 23018 6528
26186 69 787
10662 4817 26128
22879 183 7828
399 24420 7199
3757 7490 23106
29681 23356 28129
16397 12429 1873
27778 64 15671
13784 16080 11016
22283 4220 21001
23954 27132 17912
16597 22773 17648
16876 5464 5224
26879 22376 21835
10482 10673 5473
2686 18903 14729
14301 15682 5453
19608 16501 9437
7442 6328 17177
28961 26591 16816
21266 8701 12007
3208 16112 22353
19797 28443 6675
9387 8999 26944
29233 1713 27903
302 27323 5877
4676 6987 23593
4783 10264 15389
6807 24871 3665
10391 4727 2362
13965 16450 4423
14591 27392 18493
28989 27491 21840
10897 23860 18802
25777 21680 3253
663 17590 21858
13961 11252 4965
792 24520 2999
1243 17630 28334
19419 13971 23740
4434 27055 6872
2115 3141 25625
9906 29753 26092
2761 10683 20074
3319 19936 29219
12389 24587 17773
6272 15654 7629
3226 6117 23890
23542 8033 6565
24481 21991 21964
6394 13836 10466
8301 5243 23055
26870 9106 2453
10680 4271 25687
10911 5176 3015
3112 10018 25176
936 19672 2339
24379 19530 13517
847 10637 10264
25333 7774 2272
699 19712 24883
19851 27828 28650
28371 7072 20453
29384 22696 26758
16793 23951 25429
5108 20135 22838
22482 862 12402
4537 18408 21187
17912 10291 21961
8922 6651 16385
4144 22536 7008
29463 18252 7383
20545 19331 9911
14835 3193 19279
24573 21314 3548
6123 28710 26165
13251 5254 25820
16143 18218 22728
7025 28400 16143
22546 29540 2741
26811 28167 24396
8719 12890 27318
17118 18367 14246
15394 18699 28350
5672 767 6986
1086 9623 26786
11418 2872 2233
17002 11488 21024
29231 2126 20161
6250 7334 6984
6700 4697 1447
16158 20282 29704
1033 12028 12815
18949 1845 25205
23757 1092 11360
7128 9302 6133
23628 17934 2311
11778 17109 11821
24783 10041 2438
24294 12460 1252
11328 13752 1919
27770 29078 7533
10462 23080 21817
2012 25688 209
25332 28930 24325
5742 19273 29316
6283 3825 9102
18233 16374 16305
4975 19145 3609
21812 29226 27099
25984 557 21074
25091 3796 25156
6019 10782 20312
19095 27960 17943
28712 25451 28179
4712 3089 21053
21574 10820 9250
7212 5896 8543
6793 26655 24491
28890 18722 8483
8248 13775 12033
9181 28481 23780
29513 28604 12635
19366 3413 28730
4650 5389 26928
998 2741 8805
26722 3937 905
4119 12779 17767
2011 18556 8276
29811 28064 18309
18719 25185 5331
12218 6416 23638
23987 12149 13883
26055 11565 21884
17843 12077 2489
21947 10104 29678
14089 1712 6592
25137 396 27830
18684 14073 27963
9188 27852 5080
14211 23309 4198
24211 21902 15130
2748 6280 19923
21976 28098 28093
17371 9733 28583
26951 20256 27456
23692 19807 1833
16106 29374 3195
10270 1698 11639
28943 18809 24829
8210 12631 7148
17222 5624 6489
22596 13212 21086
12342 12739 12888
4028 698 24664
3901 9813 9787
826 900 24548
21222 27631 2736
18228 2748 21102
22636 20373 23354
22638 23790 19191
2245 17550 290
5960 7638 3410
21651 5239 1590
20135 18381 12231
4997 3641 2716
20911 14990 29741
3226 13005 773
9208 23513 12432
11307 24907 4730
4408 12794 14692
21390 17514 26039
10861 5333 25956
19701 22016 18383
2268 14244 28865
20029 15727 5170
1839 12939 10652
12970 25192 11727
18899 6930 976
10652 21595 23544
13197 26326 10901
29725 29034 10993
4277 11505 22642
7223 21157 10856
6334 7106 17522
24012 13655 28430
11816 24010 23252
10624 5313 10910
23484 18836 9380
21614 5361 19256
6041 13976 24742
17086 10331 14563
13482 3339 7870
3125 9170 13614
9597 9388 27481
18649 19984 23123
22747 513 25920
10024 23730 29755
14209 28390 13595
16748 2183 14835
9022 6089 17792
642 6052 17065
11272 17288 13705
29583 328 14322
27111 23165 21071
1968 24274 29774
19368 1076 12012
19680 17605 17531
8951 12699 5959
23261 14084 8332
27592 5874 5554
11953 10084 13162
21148 21845 16321
25364 13744 19792
15966 610 2739
24795 376 27004
18275 19382 20554
15858 21053 24368
9399 3836 8271
23166 4472 17961
13322 13657 17896
20495 24106 29760
431 8177 22544
409 1669 12222
16070 20011 12014
2410 21583 9423
12259 14319 8927
3837 5885 23661
28061 2637 24259
27582 5843 21018
14306 23454 26751
2985 6388 20066
28925 21343 5767
18804 8819 24118
27380 7173 14159
12045 3136 14852
25883 2026 21190
9115 12789 14400
3175 19687 20177
29648 7909 15750
14917 15342 16374
21630 14209 21808
420 6334 24588
13043 16669 25593
25817 18288 17029
18338 4266 22927
11770 12650 20621
9334 8233 3616
18666 475 263
1206 2150 8200
22895 25846 18949
11661 19610 20490
15311 6083 25159
13046 14882 27033
22139 28494 22041
23621 21319 27043
20568 2520 11817
14994 29408 7716
6919 26872 12395
17430 9673 25782
26914 14414 16186
16639 716 7025
15250 29448 28146
2520 22768 20043
28913 10534 19078
4427 617 7712
20649 27008 7099
27692 20391 13682
29331 24028 24573
17567 15515 4805
4152 4463 984
20349 17632 19314
5232 17067 7473
6814 6509 25000
23249 7704 553
2676 23011 11038
14276 11439 5684
15492 23569 14226
18735 22674 17031
16838 1708 4508
7383 28596 6169
20556 9130 1397
4555 23782 26029
20463 6215 10799
23473 23264 12401
19371 8079 11179
20716 20089 14483
26103 6103 12016
615 21285 25246
17544 25124 26658
29387 6587 27513
13115 28469 22064
18252 18748 594
9519 17803 3812
16922 16215 28330
22308 24787 25668
8549 25442 15842
676 23354 13489
9181 12594 3626
25550 865 15907
20123 28673 11855
6628 2406 23512
29309 24238 12419
3480 16033 24613
11197 27508 13285
79 20909 22427
28380 27363 2323
12588 20629 28183
2111 15119 6060
28383 9894 21438
9077 19465 18577
15838 15921 4627
13803 9644 15079
14133 8643 27168
13637 26321 22303
21916 7712 26093
14671 11943 19709
12791 26099 19468
28939 3582 868
13601 24405 17160
4152 28627 18140
15442 16697 15806
3943 15007 12725
2933 2917 12315
9047 20181 29921
582 5488 3212
9238 5558 1403
14456 6228 12586
4833 7368 12904
19810 27097 24892
12978 17886 26430
26828 14338 16795
23571 7315 20428
19128 7170 8975
20782 4207 20831
1123 15290 1957
18842 23025 6791
8905 18572 9900
20315 28319 17391
26036 26895 9339
16137 16122 25205
26677 26845 20255
29435 14009 6519
16202 16151 3173
6628 20590 8779
9453 29714 3256
7566 22436 16510
24393 3684 27642
25229 20607 3099
7309 8138 29005
28747 7712 9905
6481 8300 29680
26010 3831 11397
16010 2550 9273
9640 15651 10096
20634 22029 20756
27034 27261 21571
22938 2778 5303
256 13524 9796
16161 28532 18113
28747 26430 22847
5537 6939 15491
22592 3131 27987
27922 3756 21774
9319 12475 12436
7383 19316 9351
24519 9074 5631
19304 16302 14953
19574 20822 25297
29907 9749 14642
10330 23760 24761
17008 10217 18109
954 20534 3392
7230 18258 24917
22448 2192 22806
19416 4607 29336
26332 17708 26854
20487 2478 2811
14404 23443 24455
16322 9015 5030
22139 12506 10594
6874 128 19307
19422 2944 24520
23378 3495 25977
23812 20809 28764
1782 23252 5851
5261 29046 17360
11496 24676 4557
26327 20111 28862
11658 1943 18297
18664 3046 19168
16054 17227 6037
12005 14412 21285
28809 5102 13715
25028 1398 22424
26310 3792 218
17674 23495 1959
14083 26454 18370
10655 26003 4939
17453 19572 18533
21983 13149 11436
1135 21933 3364
26604 11304 15648
22684 16079 2340
12313 3187 21893
19000 23793 11046
14521 21036 14415
29614 7135 819
22599 295 29588
6367 27568 24967
24975 28233 10130
20518 14351 4922
9808 15052 27328
9022 11324 25903
14097 2346 6108
23400 18696 7323
4647 2549 15591
18998 29319 27036
12553 20874 23434
17475 11413 1529
976 4364 18956
15432 1251 6719
17005 16770 23624
28668 13215 20380
28428 10569 18656
20052 3840 22025
18179 16547 1492
4687 8993 17786
23459 2711 14318
21059 20148 24471
374 15748 28953
28639 14452 6585
17719 1046 1093
8156 19211 27707
27042 14134 19439
24890 2605 7842
21048 6241 3038
8907 26235 9561
19275 19464 18411
17847 18714 11015
16365 14477 5856
655 4686 18585
4422 8518 11737
23818 10769 3195
22395 3142 23743
5765 22405 3963
12254 1087 11845
21489 19700 19420
2726 18584 19333
28152 20702 24633
13880 27493 26565
24886 5850 17184
10535 21859 3100
15584 29937 6791
17196 9410 11953
21777 7659 24315
20545 25045 29125
13116 12531 16708
18661 651 21983
8123 8507 24607
20887 6490 8553
18503 10169 3997
1831 22654 29680
21696 29781 406
840 994 26029
13913 7887 6938
19655 19232 23519
16853 5527 565
18717 22153 20772
8073 19360 22106
16132 26236 15609
12168 19870 2709
25486 25728 10298
5080 1356 8066
18910 1802 12346
1146 7569 11193
2393 7117 3253
9199 2951 29926
8357 19491 5358
1451 9677 1076
13639 21680 24474
1190 19159 13661
25292 18167 22902
8730 10120 14637
15761 5239 29776
24726 5121 20243
20100 27194 12378
16131 9621 4481
18892 11421 19932
13421 27037 6250
24008 9453 20409
26988 13294 7292
20342 14083 1963
21421 563 3234
15509 5299 19159
19271 6726 68
16718 25035 5414
22056 20887 18059
812 18692 13962
5622 25492 16379
17755 13225 8464
16556 10248 14932
19128 22895 17237
5214 17029 15226
23887 24384 800
29146 4490 26548
4912 6517 9655
15541 23408 16395
17552 3720 3350
3089 28293 11143
7540 8009 17745
16718 15105 20054
5443 4721 12016
24271 17712 4247
13032 21521 8735
14192 6635 12965
22730 16987 6602
23680 6489 23707
4332 15625 22272
19280 25227 24849
9075 29112 20307
26816 28665 28662
909 16282 14430
24332 11704 7860
6505 26162 4203
21219 18090 5270
14933 2881 4296
27902 12076 18895
7628 18818 1081
24645 10897 16658
20564 5118 1444
4219 25455 28594
28536 19948 10762
1085 1182 24781
20484 13901 19846
11960 24608 4163
28129 8424 9040
6998 24335 27612
21196 13619 19847
23359 7058 1367
9784 25773 1950
5861 20091 6337
852 21099 10537
23484 14868 5167
9431 9704 21303
20425 18823 22467
22295 5212 14807
18990 24506 29544
21092 22959 9802
13077 7744 7886
17656 23584 26856
3213 25006 11802
26159 12144 20897
9233 19386 15359
19280 1119 15837
18865 3765 25238
2678 4964 968
24757 7837 17505
22874 5236 4744
28530 13549 16052
25173 8604 4707
25044 16715 25756
21660 5853 13862
5116 14997 29509
18339 9077 8873
27356 29554 4730
28762 17280 6727
23320 7789 12719
11678 7019 27434
4026 20953 22597
18786 18335 13422
3204 14447 1941
983 8479 5457
28343 4800 5699
26797 21135 5450
14371 6065 6706
5036 21466 937
22337 16028 18384
20170 15984 373
8262 26440 24552
29554 25043 338
20689 15463 14206
28253 14849 9811
4 25625 5500
1298 28375 24246
5324 16400 16225
22352 29587 25206
4459 17187 28008
19078 23657 17144
27205 8748 5431
7124 19273 21353
24107 7628 27825
14929 15383 22202
24630 14744 28521
62 21441 24127
21544 13717 3301
7431 6606 18415
26534 4576 17596
17397 22518 4872
16872 10331 22257
21980 5284 26190
16462 6207 12120
11974 22505 4904
14842 22406 7970
4515 23112 27134
22846 22192 29224
3752 14895 11665
4850 10420 24166
3542 27068 676
19858 28543 28832
23608 8252 15753
23723 21151 14022
17755 5212 23296
21319 1514 17309
20418 13787 15754
9909 13674 9434
2331 29520 5617
7367 29125 23922
15341 11733 10559
5913 29535 14208
5705 25290 10357
13133 10202 11340
28000 12240 4136
22688 21827 20866
292 9539 3598
10813 15115 25434
9987 806 27371
831 17279 18964
18913 1759 21057
487 976 26396
10542 9864 5158
22854 14795 19409
11515 7013 5683
18178 3071 28442
11488 9552 22491
9604 15410 26558
18045 29224 1032
8125 14219 19546
10429 21887 3898
11036 28836 9533
1311 14868 18006
20906 3952 18800
8602 5157 18892
17099 14275 20034
1734 10454 4538
9123 20310 14503
22138 10528 28485
18277 13649 7616
9494 7153 12519
13506 12633 19841
15027 14364 5447
15930 15533 7459
21921 26421 10200
29095 10400 26025
17019 15050 24768
11222 7432 19004
3226 26867 17412
9255 12829 4387
25136 27781 28563
20029 20845 3715
20361 17641 24684
25718 2266 8187
24815 1578 19013
9757 2012 26805
19509 20110 25480
1917 8735 23824
639 5976 7047
25785 1672 696
25816 3278 13158
29493 29635 26364
19839 3366 15452
16307 26887 6922
27 26195 22028
18260 25180 19093
10618 12029 15957
23892 21820 1282
7744 10774 1894
8938 8250 11477
7931 14364 21632
29174 3844 11902
14989 7817 17361
18930 4753 10473
23769 3471 20784
6310 25533 7702
14699 8249 21275
22305 18606 1485
16333 5730 10887
5417 9463 6171
27082 14178 28119
28033 24496 23335
4109 11541 27235
27723 1558 1533
9693 6566 19164
22960 11350 188
18158 19835 13515
11680 6428 8626
19837 21696 21961
18966 15403 1667
13072 23334 16677
11250 20546 21875
21788 2064 7515
14733 15261 17635
8550 17946 19664
19247 28255 29902
16727 3344 16193
20199 12950 1450
17787 6245 19761
12676 1941 17630
7672 4217 27211
148 12067 2878
10043 18173 8183
25759 21095 8521
858 846 28653
5323 13847 17880
9476 15353 29250
19399 10946 23234
17940 4202 7147
16773 1359 22935
26161 5978 20534
24952 26928 18185
25932 16898 18199
11753 18550 10923
4365 3445 10335
23194 1059 17243
10264 8113 23722
9280 20518 28117
13791 24639 5997
26159 11734 156
26753 8977 10553
16416 18558 28140
18332 29415 15625
21636 11258 25895
11184 6616 20627
25142 6101 5206
21515 1757 11474
13343 14687 13576
1598 8505 8199
23889 1592 1772
11454 20864 25335
27057 26461 17599
25223 2127 26864
9904 26662 15387
25605 9461 824
25448 29069 15677
7472 3022 5035
17580 25877 10183
16709 29439 2156
1956 24501 17201
21714 10819 19245
23421 18671 23868
2731 12905 15344
29673 4263 11993
3533 11096 21393
6647 24026 29687
25546 8472 2401
13353 17942 7558
15013 13203 9080
25826 1254 21198
24019 4086 14480
7983 25234 26780
953 20679 6659
3866 29061 19246
8058 866 16385
21799 18290 3877
1654 27387 9820
25893 6182 23732
10291 19470 15197
13494 516 961
10291 18389 19183
26035 5714 13626
5677 7060 7593
6838 7402 15978
5131 10196 912
11874 3565 8299
2412 13785 15238
27071 1966 23120
17629 17681 15759
9550 20954 3098
21070 28731 11598
27047 24285 15776
3739 24653 1553
24258 5000 3814
15696 28749 22840
439 25360 19781
17185 17796 21708
22659 26971 19095
13016 7468 12361
1613 19310 5095
4129 14288 2758
402 9060 4135
19568 16236 16702
17849 3330 25695
17289 10575 9487
12707 7097 15982
20785 23560 10367
27014 10685 10565
15916 11572 12751
7627 23093 5258
25627 23324 15727
5450 16496 10130
6013 2560 17355
20143 4587 1034
9967 11276 7282
19942 12623 8358
21599 16799 23997
8904 9599 21313
23944 584 14660
12197 18895 7674
6995 5431 17392
25901 25689 22516
1408 15079 18328
8610 17949 10103
11500 28781 8927
14673 22421 24092
1710 6413 8265
27965 6884 15461
19927 9373 22925
3523 27201 6124
908 7718 12027
19579 20168 17803
10583 2599 18731
15797 15356 10655
11644 18412 24241
8681 9643 2548
21599 13491 3708
26242 27554 23660
20755 11489 28354
5133 29370 15116
20575 1724 5037
26671 6423 12963
7765 20479 2401
19712 22043 23666
12808 20033 5614
20664 1668 6989
11783 9784 951
6261 25964 2210
15114 1876 8840
29050 21191 20977
12275 22695 3210
4095 29937 24189
1644 29204 27139
12100 15723 14873
12347 27004 13461
9984 4032 26526
9597 23378 6953
27834 24831 13762
29789 8816 25272
10990 25145 23760
3783 20724 5057
2032 2717 17327
23383 2969 27035
16795 27128 1177
18406 25814 24416
10884 11348 10148
17066 21982 24811
17498 27450 13565
35 20957 10018
20944 21956 17822
2761 4756 18536
21178 1696 15540
13565 102 24364
9912 13970 21017
17915 23132 29909
13380 8346 22424
290 14218 10676
7279 6553 23923
9403 4996 16854
25699 25555 19677
15086 24131 4545
21124 6302 12648
19355 12340 13580
22134 26901 27872
13737 9158 20262
7493 4766 10432
24491 22432 18509
15506 259 23703
27815 10862 13663
835 22396 24318
29769 15190 22140
28926 29650 23047
23138 26930 6051
23611 29323 9081
27642 27475 4442
7504 12493 505
20852 5572 1574
10146 18784 12564
12703 6102 18433
11906 11386 14898
5219 1139 252
4301 7922 6722
73 3213 307
2876 4733 882
26576 18831 4810
13543 29673 2251
25534 8217 26340
13669 5788 27683
14486 3351 15530
7199 8476 22244
5016 16129 14881
13601 2810 24251
13091 16776 20936
17956 6477 14801
14896 18773 9367
1598 19966 27945
18012 3401 4039
27382 18181 15350
19038 13070 16315
24824 17218 19191
4173 7963 27786
21354 47 979
6609 7950 13170
29579 10523 17240
15639 24689 17780
11379 11274 15265
22646 29355 26111
2204 1944 2740
28056 4803 21271
22829 2759 23508
7771 9564 7372
9310 4667 25967
28235 14682 29729
16560 23622 22507
302 12371 2224
3325 15353 28539
21903 12305 16479
2446 2923 10052
20182 23419 10314
18260 13053 17468
23343 11123 16236
7134 24387 26121
22203 615 14450
9181 19467 7987
22679 7408 22878
8906 8177 18389
4228 18425 9620
2731 17796 13228
29213 18547 13560
13875 25166 4008
13590 5107 21943
16759 28644 16521
23422 11197 8613
18379 13618 22204
16701 13444 5322
9835 20482 10095
9074 19924 7205
655 15092 1262
6839 29663 3556
25963 20922 15282
29905 12523 4275
42 3112 25128
28270 28253 12313
22923 11687 27416
23128 19741 28732
11088 361 11276
9102 23079 24900
8779 5708 19289
24048 14601 28592
16149 7167 29366
21910 28798 27080
15625 545 4318
19865 17640 13779
6527 27019 20762
8338 2307 489
4212 27148 10566
28825 26853 11971
7120 6919 18549
8563 17544 6615
7668 13059 19096
27621 18284 15460
20014 11635 29367
26822 5407 15791
8611 3832 8109
24293 110 24792
20351 8051 11589
18481 16052 9964
2122 18912 3794
27223 12348 26699
5712 19312 8217
22007 18240 14777
21675 29518 24494
27063 19215 26228
172 15432 86
5607 17026 11702
1422 25080 18624
19834 15364 23835
5457 15896 17322
17338 29229 7435
29572 22817 6483
1854 8225 17528
29335 29200 3655
15739 971 24869
17038 28667 652
10871 22195 22810
4128 27129 7264
13474 15827 26698
3095 6110 15
20954 13624 20115
10061 9827 9233
19883 20420 4541
6474 18897 25544
16998 2570 11088
20866 16941 22247
2770 3622 24949
6082 15360 18358
22080 14197 13410
5131 14673 66
22100 5377 11473
2474 29704 8717
2391 7344 27971
4186 12018 18390
28532 210 27297
27945 26341 24178
19616 2611 27749
493 1892 17922
22276 26292 16810
19472 23995 12231
2926 21730 6547
17305 21996 9635
15471 22592 20720
1135 21035 14703
11933 24945 24657
18677 15428 6707
18998 1030 8038
7840 2237 28819
2978 21131 27600
19483 2941 25916
1778 14461 17569
9231 25895 27919
20131 16524 5936
4788 19976 24792
13930 11140 12241
25409 25567 17051
19589 27416 8610
14832 433 5914
27456 8844 8330
15993 11509 8041
13493 20583 24718
20755 2758 8238
22719 12138 8668
2179 1433 27928
25998 3768 12009
1817 9096 18029
27123 17826 20725
2018 25543 2613
16931 23931 12949
15114 23158 15582
17629 20658 23597
13343 7771 26309
1869 15089 26179
26852 723 27308
2241 7583 10143
2080 27624 12519
17129 10125 2170
1651 9431 12799
24551 804 19697
25845 9837 18723
15504 11781 15818
4062 22401 2185
28295 25856 4851
5266 6142 6316
27349 12412 17997
15357 12117 24884
26639 18440 18707
21497 16182 6368
13093 2479 10433
16504 4540 20809
10725 4331 20271
111 10807 969
25462 13888 28205
2077 3198 9461
27345 17403 3924
10233 17947 14077
27700 6865 7783
14444 480 262
18813 10822 12872
2664 6115 27869
16831 11653 6283
1806 10467 9735
2106 3765 19939
7132 29577 3998
22627 17967 20077
27768 11714 24661
16695 21525 650
23286 9957 2188
7947 2562 24043
11945 23904 3967
8626 15679 19201
910 19352 8907
8128 21283 13907
19958 21288 8847
12406 8259 10153
422 24457 4564
14787 17409 5044
7314 27969 24843
9323 16810 19318
2785 22925 20810
21642 3795 16056
4160 25474 7235
29016 13288 3345
20136 14195 808
8611 1648 20181
10736 8166 7537
19443 10043 16907
23435 24300 29017
10820 3070 1256
25863 15006 15151
2198 6824 18263
3317 7567 11050
29447 1396 7830
6315 7099 13553
23947 20909 2342
2542 7239 9289
2581 18311 24856
29915 19672 14873
10439 5082 7844
7112 29151 6981
18085 9518 12892
10433 5838 6176
5918 16142 4998
28572 13778 28536
14444 19548 18689
6673 18920 9859
29831 7365 15198
8445 21913 998
11385 24877 8569
2232 25338 29071
15646 14648 29806
8902 20777 27233
25771 17236 19388
17896 17405 19083
4919 24782 2149
13123 9687 29727
26145 2896 8261
17263 28223 8453
21381 3304 22633
14861 7057 10612
21691 9468 1317
3906 21382 8221
19558 26242 13376
16470 10439 5556
1221 19807 29400
1144 21611 10286
12802 20003 16195
28929 19332 29190
25311 2405 3943
12771 9275 25842
16380 8321 14185
23927 10476 19942
29604 9218 17970
29355 10057 29147
19458 3992 7557
22539 4202 29111
8684 12864 21372
12490 4904 17529
26711 8467 2401
4870 20542 7796
25058 26158 19109
18497 26673 6200
18946 1807 25419
2542 1692 18258
7692 59 4434
14661 15971 17676
18895 4790 21114
15120 23863 20540
678 13286 20756
28404 7027 24874
4833 21658 2715
22148 10728 17256
23381 9866 11130
20327 11529 10450
12479 26293 6669
21116 9778 1797
9661 26558 11892
14020 29236 356
15235 6513 7834
9346 2923 17469
9402 19506 4238
25186 13938 5139
28939 10736 26733
24239 16809 26496
12020 2080 4540
25149 26303 24585
4320 19906 28853
28486 5659 18525
7300 13341 3987
15407 6560 10336
24656 7312 22348
17872 11556 16790
19714 23351 1834
5441 5407 13579
10907 12631 23475
13899 23775 26028
8264 15437 8506
21694 18326 12717
28538 11414 17178
20421 12203 3968
12800 23692 29463
13514 13261 1482
8615 22089 13834
10670 2244 18395
15169 21762 26430
29273 2166 10066
23652 4155 2805
23404 19736 1727
3317 19817 4474
14126 27626 7007
28537 27386 8019
8880 28859 15930
20662 1988 14729
3100 11438 19300
6144 17240 7132
18905 10093 21724
29451 22792 20624
11042 16235 15591
28906 18210 9753
7271 17377 11302
21890 4336 20385
22365 17089 23305
28747 29657 998
22880 8454 13608
28346 22121 2615
22677 3016 28680
13599 4631 5377
26141 14815 3194
10062 23599 21396
7591 21776 22879
14091 22419 23113
13240 15021 6763
6475 3810 9675
24688 2383 25033
15990 8766 28969
7087 6784 24479
17037 27540 10874
16530 3100 16184
19189 14252 3711
11844 25393 20576
29285 19331 8312
25979 23536 19802
24313 9179 25175
17955 14754 6891
21465 3414 14053
14671 19856 11465
21187 22184 27075
11028 561 20467
26775 23029 3280
9717 28115 23141
25559 2692 11185
10416 29897 12221
21581 7897 20421
12740 8142 2441
24569 26474 21877
18906 17685 8460
6879 12241 27057
20328 23535 13212
11316 7561 8324
17161 25234 19000
14174 989 3098
19215 14645 9756
11859 22076 1734
20071 25923 3476
6383 3571 19775
24347 13503 16735
25356 4524 9613
26417 19504 16122
9913 12003 10647
13509 7422 28424
7788 28524 12309
22206 12027 19120
16541 3613 11470
27507 3026 20280
8692 3131 28725
27627 14772 14348
5248 5982 27176
12277 21210 25296
24399 11114 5216
783 16766 11552
9592 1614 17493
21879 4283 9723
27559 24806 10209
11278 12759 7684
10767 15091 17752
18408 9297 1604
12746 19328 20261
18819 5450 11411
16962 19428 9118
24673 29147 27824
24013 23118 23395
8116 28933 10973
4765 20553 4020
15167 28665 25119
4830 12456 14349
22260 6044 15922
18232 12716 13668
15564 23646 11610
23629 14724 7398
21619 11147 16891
25998 8917 26219
25433 18860 839
10938 11706 15368
5579 3944 22045
9498 28170 18403
8051 14537 18366
19495 11707 20664
19215 19234 5897
24538 5128 28274
7558 24805 10394
2852 15976 4305
3239 5553 6407
29531 27498 19007
13151 29250 25494
13123 18461 6538
6007 8157 1722
13482 3110 11191
16956 8121 24324
14664 17171 7664
13314 3885 15223
4627 6610 27651
3952 6105 9993
2739 16353 25498
5792 2210 21160
13982 21020 24527
12832 17311 23731
20440 19048 23797
7544 7584 27353
17619 7566 14636
24092 10990 15923
11790 5267 20238
7609 29415 17979
26431 10266 8668
4139 23407 4909
29893 8421 21917
6326 19347 1830
7862 617 28349
22353 15018 6525
5867 29196 15295
4873 7990 17677
29682 12818 11171
20879 2795 13014
1884 16074 22526
1662 25280 21705
469 28055 28278
16115 1119 9151
21503 10098 27908
1023 6942 13856
17163 7084 23640
23191 4436 7427
12296 25988 22408
5846 27860 18831
26454 14255 21927
12198 26968 17082
13141 19040 7026
26317 24131 16107
18832 10696 29447
8337 28184 1482
12016 14984 8729
10372 20111 6172
6718 15947 17745
26423 13491 27729
10187 16489 5839
5603 24432 3067
1057 26444 1301
6276 28185 957
18716 1371 24305
5104 27391 27090
28876 12883 22855
837 25991 13471
6504 11623 200
21555 18544 21986
21152 14281 1984
26614 15697 11659
27700 29386 12203
12518 26727 12616
15393 906 6248
7611 10905 10366
5966 27965 2947
27501 16682 4600
7279 24236 21968
26413 22932 13742
26651 26638 1266
16971 24999 5119
3421 20204 14730
6442 25477 2256
1158 29093 24407
2580 5865 26743
13642 16596 12774
23338 22816 10938
23196 21718 9893
18779 28106 26812
9360 3084 3482
26066 13749 20624
11338 3806 20402
12220 22314 28541
3909 8209 10536
21482 840 26652
25281 22152 24069
1165 18641 7331
14161 638 29753
3829 10034 13627
13748 10076 2664
22780 888 23117
12670 3238 7270
5562 22154 8213
17998 20871 1662
8432 8537 28223
1743 17610 13610
18943 1349 15123
26094 4675 15967
17761 12073 15871
16935 19049 18675
24335 6304 19649
23881 25261 20432
13441 1289 12517
12009 14876 11305
12733 18496 28652
9820 18953 23355
2754 9510 23943
10621 28355 28953
21706 16917 23200
296 2868 1065
17090 24244 5848
6951 25424 12542
5370 27460 17557
1342 18743 7360
11292 3716 24155
18927 25676 29929
26756 17866 26814
14473 5020 24600
18620 14554 7794
15535 1886 5091
1315 12094 470
27450 20671 185
1012 26185 20504
13229 21717 10377
8432 16162 15697
2075 7807 20660
22850 4442 21102
10103 9986 5982
26410 28843 14767
24133 11349 23307
27508 7531 23110
5667 474 29783
8370 10842 25195
6221 2238 4254
3315 16002 26095
16814 29025 9557
29271 9774 4906
4510 28419 16649
19772 13560 18377
20663 9159 19885
1384 18347 18562
8987 22627 12537
8932 21319 16214
11540 16842 14405
16289 12854 7005
3268 24599 9218
11125 7638 22505
2965 8062 12144
20923 4631 24002
28864 29606 28899
2788 11720 14185
4261 18214 26662
3149 21408 25964
1862 19845 22262
3132 2598 4519
21669 26573 26737
4981 13137 1872
20489 18849 28620
914 6423 26200
28773 13933 11426
11520 11147 24248
23073 11547 23037
7688 9336 6177
1554 24345 27873
27064 13150 10114
13735 6634 707
8599 10752 5030
10487 22890 11793
2513 27738 2432
28996 17565 16408
26534 27107 24734
3863 25791 21557
3479 12674 17935
13945 17383 1322
3449 2638 12855
6096 5020 29247
29429 17067 8777
6251 14402 1274
15073 15031 5116
16726 9726 25702
18153 13204 19878
16592 18554 20651
11726 526 8981
16733 14622 8260
23779 1864 12904
9949 16410 4319
29563 6744 10034
20577 21909 11959
13591 21963 2581
16132 12677 8505
27110 12612 15099
14394 27178 24645
8774 14844 890
10048 4762 25372
12151 9031 1283
29507 5785 19290
858 8977 21852
16546 4309 256
7440 27957 10552
24307 18332 21417
14694 5851 26059
16726 18543 6771
15688 22022 28380
10789 16503 29102
8263 6557 20278
19905 28761 21889
660 25449 4733
16513 27560 18504
6955 8588 8244
9722 12034 26248
23240 1514 13932
23076 5528 21114
12794 16223 8089
18035 7564 12243
27847 28208 1943
20757 5255 15479
26577 13051 25196
11909 29330 24205
26351 20035 6726
14315 17745 19439
9292 28796 18545
28241 28442 5182
23344 28666 26010
14654 5877 27433
15012 11099 14701
8672 10942 24617
9578 14878 23978
15363 13323 17230
16117 29054 27864
13689 21794 24312
66 27327 20845
16459 13733 29528
12587 16074 28746
5550 262 7508
25930 20115 6304
22757 24565 5626
7170 16798 25805
9527 24795 24948
23261 8938 1238
11993 28616 17337
14088 8035 19299
858 20891 1384
3448 20759 18129
7272 4970 20586
15939 29149 24628
20016 4189 23866
18151 19049 16264
17941 23775 18569
24695 25246 12040
19116 29965 10194
6309 16327 12489
13972 7980 13515
19100 4955 27595
24982 4183 416
29604 20275 10106
12901 27752 10162
5253 1052 616
7259 9981 15620
22959 25145 25354
28625 20203 1518
20768 155 24492
26921 13227 26122
21452 26596 16052
6331 2513 21951
5485 14743 23867
5549 14457 24459
23584 7835 21800
10920 15265 21940
27009 26288 13708
4513 490 9399
21861 2439 20357
27626 12861 13758
10318 8958 18963
10321 28958 13378
22675 10089 21020
21190 17291 8290
4063 29647 10688
7088 4952 4005
19607 14870 12705
21056 13137 8369
27460 24805 23780
20949 15477 29675
17877 17449 19504
26502 3093 5018
20380 15875 21244
14308 11302 5
21873 27359 12438
29275 13973 12785
5978 8744 26822
23545 23053 4753
9057 11332 18738
29151 17760 27950
12843 12917 4501
4272 9332 19858
25909 23007 22765
20357 17607 29982
29934 16085 23886
15362 2899 29985
18069 25749 22497
5515 16964 10685
21260 13325 20860
3438 15711 8996
8232 18040 4105
19686 23773 28254
22372 18079 14007
24688 21233 1035
28131 20730 20460
1866 18620 25827
11490 23383 22363
7458 17302 27892
13645 24144 3611
12408 25396 28903
25981 10239 9953
10245 20923 24953
375 24526 13014
14284 16404 10165
13119 18538 16019
25120 12036 6051
13386 25744 26809
12502 24622 11382
12086 4412 260
632 19254 27451
21863 10805 16035
21044 7609 27707
22229 26626 6861
25302 22466 23528
18758 22544 7033
25126 5745 25603
51 12446 17614
10076 29287 29041
18081 4962 21902
11971 18783 15961
10093 6073 4642
4182 21866 25236
23939 29218 6626
15189 11929 6812
6314 1682 616
19066 23242 751
10907 18417 16323
9517 8321 22248
26194 12250 13430
10974 3494 6094
28257 17647 9134
10004 9340 28959
13802 15321 9807
19710 21182 26450
19039 14221 9490
23928 29103 29782
20806 10496 14713
10141 16000 16466
5582 17265 14205
2769 19972 29120
7259 3494 13347
16351 7862 29206
7581 18243 9461
21639 4473 27279
19973 28100 22132
980 26386 3621
8649 8016 25255
17942 11030 24597
16192 26085 9903
13649 19312 25025
24072 3054 7062
28258 27078 8788
4837 18118 18992
4704 18231 24770
581 24706 21280
25492 16752 21519
23722 7039 10929
27213 17554 25491
25983 12802 6658
5147 10348 20084
509 15859 16614
12935 26611 12320
16188 13322 3799
5291 11318 19246
21365 647 21412
16142 26664 18773
10337 15149 15709
27586 29670 22024
5706 1496 17586
2056 22395 27473
1542 19959 28412
10435 17234 2813
3128 23451 13977
20809 19756 6649
2203 602 22457
22162 18676 21288
22236 9718 18263
23032 6757 11154
18380 4022 11165
21718 16504 5463
7314 19731 8821
24479 12326 11321
24454 6938 23322
17211 27231 23955
20439 605 27194
18279 2722 26765
16299 22342 3036
25047 15662 20328
14002 21950 8885
23741 14374 11966
21070 17226 18219
8411 28097 15012
10016 16111 25908
2531 1296 1890
17164 4758 25984
23528 7320 6488
17591 2712 17972
6120 29041 6661
19044 4108 14466
17550 3277 29930
2293 14323 530
15490 3242 26876
26143 27165 18588
10759 7739 28099
29317 7850 21254
27072 28781 2459
18281 15290 10399
17793 16116 11808
20354 9467 4845
20448 7915 25917
20860 10245 6787
13470 15847 24036
16429 11758 24425
22386 9836 17973
26627 20793 4097
11218 5695 3445
19059 6741 13480
11505 12107 29526
4396 10008 26101
3953 29600 27328
20659 19218 2349
8614 26720 5561
24828 1527 28430
20741 17357 13550
3583 20708 9970
23735 15926 5984
26207 24075 13239
11825 4648 26983
14715 13032 27675
13876 11880 20014
16486 12524 19706
16676 20094 10601
26341 23199 11339
10001 25945 2330
21346 24212 5196
8482 3374 24115
15982 14134 7446
29698 21831 3023
21541 22484 29939
20514 12151 16326
3945 28346 14574
24388 14146 13048
17263 24843 8597
15077 15294 21705
13684 3039 16339
20365 15162 24745
22987 25699 15808
7330 17544 3497
19662 19221 633
23633 13027 9581
29877 25783 6998
262 24473 20286
3571 23022 27623
21153 12203 13915
20240 11990 2204
6792 6354 11162
2977 24949 29260
4836 20529 6161
18482 8314 2209
3233 3570 15576
14699 15360 8382
1567 9927 11357
3390 11633 7529
7365 12077 18014
29597 11186 27696
16725 7524 2596
14168 20256 23935
19792 17521 18959
8134 4212 12190
19777 9843 12340
23479 29149 28022
6754 22000 25460
12620 26252 17577
6991 24424 15738
8062 25813 21532
4016 3750 21731
4291 29368 22862
18634 6918 29266
22739 2297 5802
21843 21506 10043
11261 7126 9367
11770 11199 29252
18914 27150 11318
5065 5161 10889
811 16956 12663
14435 499 28801
21232 16412 22770
3148 10857 3915
18062 25136 15590
5288 7733 10008
19117 23552 4092
21754 22577 8232
1952 24876 18959
11867 18851 28085
20060 2780 20197
20447 2443 24831
3909 4334 2470
18987 20506 13925
27023 8663 386
13086 27494 9638
28255 23019 11464
11963 16649 11729
15178 21979 11760
17429 5456 586
23677 2831 17788
13170 20868 17779
14898 10740 7955
24284 25185 4259
18216 17736 25643
19585 24558 16149
21682 11986 25992
10065 17824 24575
11257 27442 22478
8922 21921 13889
27590 29107 4319
10313 17304 3292
24187 12049 28690
11914 20938 19674
25290 24954 21768
12208 27648 5327
20686 13651 28324
7134 16055 1952
25430 23439 13588
18907 13045 15297
24249 1399 26175
4010 7698 28371
23838 18565 10148
19989 11584 27484
29914 28764 26783
9944 28104 26217
19441 28963 9675
3 17026 16748
18631 22352 21658
2606 9455 5637
14209 20609 17930
14624 10312 2894
13577 13960 21535
2972 26923 10981
5885 14465 16468
29036 2072 20881
3069 14968 6971
6427 22793 14502
12769 21371 14113
23245 27112 1916
8695 20494 3929
20668 26816 20279
15909 8969 5083
18651 5580 22144
17799 28154 17070
16230 3661 18274
14786 11583 17220
11809 18625 27141
8951 11831 2728
21590 13031 22125
2393 3308 22577
12483 4485 7711
4805 9610 28010
13748 6304 14713
7487 5341 3094
22299 8750 19465
17129 23160 5140
27143 28267 18142
16791 7554 5980
10672 21380 3436
7817 6036 23666
6945 4926 25157
17979 26713 13720
23110 26101 22379
4207 20943 88
9418 1194 12022
18802 15077 1151
22642 16077 20958
26595 24814 18747
8908 28676 25651
14031 20114 6621
9838 6911 255
715 11450 12177
7486 411 17855
19688 18568 18966
26183 14907 21115
24070 8413 5883
16160 12243 23669
18643 5747 28289
4672 13541 8514
6521 27826 25578
19736 21929 29687
22385 26838 3866
24088 2380 2655
21959 25516 11398
14641 13854 12810
198 4113 16803
15328 21513 7477
19786 2847 8966
14490 10122 2459
11573 24215 776
18462 10656 522
24771 17283 13124
3647 24637 23078
8666 11315 9077
21283 20880 16463
4675 22332 15644
26030 10036 10022
5797 10310 20021
20612 228 5534
21632 3007 774
27887 22066 11732
28755 8942 23091
25363 20093 2148
16333 12737 9384
19752 4187 4813
2580 25687 26163
5690 26243 4173
6035 15010 19453
23715 28083 15221
5186 16043 5498
22015 23578 8397
25138 3117 6831
13567 11527 4650
666 5851 5951
11540 16256 20431
3401 4682 26754
24239 26590 17236
529 29792 21912
25261 11023 1886
5912 13550 27325
9126 16795 17468
26952 17401 29227
18156 14134 15006
10906 19628 3606
18171 6714 27745
21496 7360 12256
25310 4054 18668
24714 24149 27230
22596 19540 12172
17861 18191 14763
18459 14410 7848
4170 24813 13629
16787 7067 28236
14137 17032 22063
24779 28445 9666
43 18440 12809
13743 6970 29073
9411 21503 16873
15469 15973 28109
16587 13496 27066
14175 17810 11930
29181 11039 3120
22459 16503 17219
19927 24964 25873
13982 9194 5150
20250 25441 21022
3479 18821 24800
14349 10541 9812
13194 5514 18316
4508 6080 886
5540 26782 705
25079 26295 21807
11101 28174 215
23344 6430 28338
4357 10568 24769
891 8315 10613
11996 7756 21133
2878 23285 27953
29697 19226 4220
22468 13336 21587
13016 6451 2461
24834 13978 11430
25050 13468 26809
8816 3656 4479
2569 3206 1835
20425 9411 12522
28001 15010 23782
24851 4432 24999
16288 22966 23670
6263 12401 27522
15098 9640 4160
20791 16089 2705
723 6627 473
8501 5740 11094
24887 2314 22076
18704 7847 2761
9579 29276 10318
18558 7381 18224
10591 23088 14189
14033 15086 1823
12381 18928 24817
1888 22409 4583
2603 24235 8262
7605 23656 25195
29349 3199 8920
12386 8265 28180
16183 16243 15648
16632 21035 10660
29157 2759 22185
7592 18015 23493
29640 22816 25047
5671 9733 28191
28044 28403 3911
19737 25282 1415
19293 5305 27141
17150 24825 11714
20781 19957 18256
1950 13137 1747
12456 26370 6458
18377 159 7855
17708 7792 14547
6040 29192 28490
17934 9320 13865
16283 10503 26224
14242 22286 2552
4478 14974 29770
1888 7127 22604
9772 4071 23237
4018 14575 1376
19647 11259 28471
5987 13221 27381
21548 14480 11780
21556 21762 4990
23432 19752 2259
24017 22174 6637
11092 12952 19311
23191 16347 8597
8110 4413 15776
22596 11201 27712
23651 9639 11172
3855 12584 27177
16254 19407 12644
25426 11526 9287
1190 21609 18306
15970 454 26553
8300 13681 9089
24019 9192 25498
28372 10542 6483
672 25291 20619
23326 27360 11720
17266 11376 21084
26177 5307 29535
18772 27273 14062
12431 21303 22985
7909 14660 10368
11608 235 21878
19301 6392 5553
28641 10736 6052
16658 18560 5625
16015 2498 7957
6000 26156 21766
8891 19382 16653
29803 28946 20419
22653 29769 25300
29309 24895 23965
23890 4840 15922
25839 4183 25100
2585 29766 24689
10987 1111 26578
16507 12885 24416
16350 5207 11124
17695 16513 10546
3246 11029 2021
24538 10437 8089
24275 13791 2883
19084 15395 11425
12296 53 20017
6849 12534 2778
26578 29347 7906
22428 27784 28121
24933 4768 13287
16627 2072 5905
6437 23454 1799
20326 5799 1069
6436 26597 25931
10776 17547 16990
5476 9322 7783
19792 1675 29179
29877 1811 27585
21313 3914 2575
5932 9761 10379
3663 3812 17192
11809 7882 15949
4641 2989 11571
6695 26333 2682
23036 9892 19516
28677 431 16466
21265 21191 19429
8820 13138 24136
10100 5493 19139
7157 4357 15746
18090 19762 29380
1619 11552 2134
9958 18825 12828
19144 7836 397
7811 6678 14501
9479 3129 28161
9169 21647 17322
6541 25946 21857
7542 16561 18448
19601 23180 10822
21389 7748 8226
7061 16970 24849
24201 1886 16655
9823 24575 19585
17250 20033 4091
27193 14313 21850
6115 20215 16522
22500 4137 5297
27082 2185 26941
21167 14175 23761
2841 12023 10676
6427 27717 9247
25349 373 2457
29790 5457 22435
9057 7057 9285
2136 7968 9028
8185 28359 2138
17116 22048 21297
2425 7981 10345
8272 3198 5909
17171 29028 16428
8546 14796 16441
11926 537 9985
5152 13984 17882
28229 1635 6124
23407 14477 17391
138 6779 12795
3220 13899 12380
21745 6873 20652
18354 24707 6261
10715 195 11722
26763 13956 5231
21948 1507 17439
23283 19643 1981
8311 9768 5507
3107 21008 24849
17642 8181 9080
19917 20723 27202
15328 6483 13933
23189 2680 25886
12701 19284 13823
6491 3832 14359
19543 1919 23976
17280 8345 22157
13869 25839 15493
24847 14967 21736
14109 15333 8802
857 28153 2481
11316 18103 15087
22050 8617 24479
10995 13813 14317
7851 6057 20796
22719 27123 12675
9634 28625 14907
7967 14262 16269
15359 8850 22592
12879 4311 25103
25129 27911 91
14214 5047 28702
28769 27445 13459
8786 23771 12505
1931 1064 21540
12774 10382 29578
19126 27678 24353
10403 10304 25486
4952 20451 21788
23137 12902 19881
11432 15633 17835
25977 21108 15544
9785 2108 11373
4450 23165 11337
13944 24891 16620
11282 27029 24033
20332 21934 7060
19367 6895 25105
17022 25395 21471
20581 22939 5223
20576 18782 921
25187 14825 21375
8038 8047 27357
23961 15035 10683
20569 19779 7539
6366 29315 7039
20320 28737 6871
28578 2813 11694
5214 17962 4861
11242 22544 680
29275 156 9357
2169 18069 15338
18465 579 8691
26784 14166 28897
6036 8681 15307
19737 18224 21169
358 14358 14901
7243 11237 4059
26618 5211 2478
10535 29402 2806
17896 2416 4727
29038 24078 9873
20504 20102 17914
23511 23527 7959
15571 16362 6093
24421 22389 2764
8986 16282 23242
3718 15732 20189
14516 21976 13201
21901 23046 14238
20205 16749 5237
15214 3919 8986
27070 9985 8478
11431 21938 1092
9983 22860 4116
27016 564 20147
13789 6402 21931
24197 22717 10867
7664 26328 8847
11628 20904 27976
3331 12825 2985
27564 11377 10064
11830 24640 610
3980 11808 18134
16402 26813 18814
25613 29130 23079
28455 17338 1231
4037 5280 18406
21569 26874 7337
20984 16845 16732
6478 26417 25448
5178 25287 1987
23237 28309 14891
5003 3388 6918
9882 1608 8518
18117 14105 10307
345 26106 3890
25681 21655 16041
11881 25763 17718
2412 9090 6340
4333 22859 17662
10739 9485 12805
11989 26069 16027
4009 1419 16576
13204 22955 3688
15142 21086 29476
4279 423 19093
3667 3058 16792
14914 6358 6671
27415 417 15473
2844 14477 26651
20106 4370 28220
5003 3943 22212
29039 26994 28511
20393 16707 26390
21020 2593 11671
29502 1803 1055
5747 18635 2214
25656 551 682
23891 10802 7549
23515 11316 28606
3873 6820 28013
27340 14269 16607
25381 25743 29524
11984 27584 20288
10680 13990 28054
26506 8671 23982
8158 27620 22195
939 24591 17538
6975 20248 16199
12092 11558 3463
159 4473 5678
21210 19399 6051
12368 13778 13264
1920 11188 12002
27463 16687 22140
8090 17429 9294
18222 9760 17384
6649 15726 732
16518 20512 12882
19344 12293 12120
15696 26551 4161
21770 11408 20232
4042 23580 22993
21846 1416 7560
13161 10065 16514
25867 10726 27512
13641 2979 18346
8365 9879 15033
220 3939 20086
14664 14805 23965
17522 2366 9414
10418 11306 1914
15206 19928 14142
3638 14211 13552
18817 15074 18690
28418 25328 6426
2904 4973 694
17838 24440 7402
29367 22275 4166
10621 25068 4893
5031 18986 10153
23131 21620 4346
12266 27491 16981
14126 24818 9629
9896 7554 18695
6075 27718 10713
28436 20054 3937
10190 16413 23860
535 23250 28386
25259 14079 27788
4637 27799 23304
6097 22467 20563
15547 13570 16308
13432 8754 5878
6455 5018 9919
17809 18280 22763
1300 22608 6593
9344 8064 13300
814 13594 2696
12737 3025 23075
5146 16214 9104
1827 20577 9311
20238 15255 20720
867 5462 7045
14725 28828 13265
